[
  {
    "gameId": "03a8dca0-1ffd-460e-bfb2-ce3d4a1a1a3f",
    "ruleset": {
      "name": "standard",
      "version": "v1.0.17"
    },
    "timeout": 500,
    "turn": 0,
    "width": 11,
    "height": 11,
    "snakes": [
      {
        "id": "gs_VpH9HVVVQGddThPCfCBQkBfR",
        "name": "Rando Grande",
        "latency": "",
        "health": 100,
        "body": [
          {
            "x": 1,
            "y": 9
          },
          {
            "x": 1,
            "y": 9
          },
          {
            "x": 1,
            "y": 9
          }
        ],
        "head": {
          "x": 1,
          "y": 9
        },
        "length": 3,
        "shout": ""
      },
      {
        "id": "gs_RvFhC6cHdBHSJP48qycywFtV",
        "name": "Jormungand 0.1.0",
        "latency": "",
        "health": 100,
        "body": [
          {
            "x": 5,
            "y": 9
          },
          {
            "x": 5,
            "y": 9
          },
          {
            "x": 5,
            "y": 9
          }
        ],
        "head": {
          "x": 5,
          "y": 9
        },
        "length": 3,
        "shout": ""
      }
    ],
    "food": [
      {
        "x": 0,
        "y": 10
      },
      {
        "x": 6,
        "y": 8
      },
      {
        "x": 5,
        "y": 5
      }
    ],
    "you": {
      "id": "gs_RvFhC6cHdBHSJP48qycywFtV",
      "name": "Jormungand 0.1.0",
      "latency": "",
      "health": 100,
      "body": [
        {
          "x": 5,
          "y": 9
        },
        {
          "x": 5,
          "y": 9
        },
        {
          "x": 5,
          "y": 9
        }
      ],
      "head": {
        "x": 5,
        "y": 9
      },
      "length": 3,
      "shout": ""
    },
    "snakeId": "gs_RvFhC6cHdBHSJP48qycywFtV",
    "name": "Jormungand 0.1.0",
    "latency": "",
    "health": 100,
    "body": [
      {
        "x": 5,
        "y": 9
      },
      {
        "x": 5,
        "y": 9
      },
      {
        "x": 5,
        "y": 9
      }
    ],
    "head": {
      "x": 5,
      "y": 9
    },
    "length": 3,
    "shout": ""
  },
  {
    "gameId": "03a8dca0-1ffd-460e-bfb2-ce3d4a1a1a3f",
    "ruleset": {
      "name": "standard",
      "version": "v1.0.17"
    },
    "timeout": 500,
    "turn": 0,
    "width": 11,
    "height": 11,
    "snakes": [
      {
        "id": "gs_VpH9HVVVQGddThPCfCBQkBfR",
        "name": "Rando Grande",
        "latency": "",
        "health": 100,
        "body": [
          {
            "x": 1,
            "y": 9
          },
          {
            "x": 1,
            "y": 9
          },
          {
            "x": 1,
            "y": 9
          }
        ],
        "head": {
          "x": 1,
          "y": 9
        },
        "length": 3,
        "shout": ""
      },
      {
        "id": "gs_RvFhC6cHdBHSJP48qycywFtV",
        "name": "Jormungand 0.1.0",
        "latency": "",
        "health": 100,
        "body": [
          {
            "x": 5,
            "y": 9
          },
          {
            "x": 5,
            "y": 9
          },
          {
            "x": 5,
            "y": 9
          }
        ],
        "head": {
          "x": 5,
          "y": 9
        },
        "length": 3,
        "shout": ""
      }
    ],
    "food": [
      {
        "x": 0,
        "y": 10
      },
      {
        "x": 6,
        "y": 8
      },
      {
        "x": 5,
        "y": 5
      }
    ],
    "you": {
      "id": "gs_RvFhC6cHdBHSJP48qycywFtV",
      "name": "Jormungand 0.1.0",
      "latency": "",
      "health": 100,
      "body": [
        {
          "x": 5,
          "y": 9
        },
        {
          "x": 5,
          "y": 9
        },
        {
          "x": 5,
          "y": 9
        }
      ],
      "head": {
        "x": 5,
        "y": 9
      },
      "length": 3,
      "shout": ""
    },
    "snakeId": "gs_RvFhC6cHdBHSJP48qycywFtV",
    "name": "Jormungand 0.1.0",
    "latency": "",
    "health": 100,
    "body": [
      {
        "x": 5,
        "y": 9
      },
      {
        "x": 5,
        "y": 9
      },
      {
        "x": 5,
        "y": 9
      }
    ],
    "head": {
      "x": 5,
      "y": 9
    },
    "length": 3,
    "shout": ""
  },
  {
    "gameId": "03a8dca0-1ffd-460e-bfb2-ce3d4a1a1a3f",
    "ruleset": {
      "name": "standard",
      "version": "v1.0.17"
    },
    "timeout": 500,
    "turn": 1,
    "width": 11,
    "height": 11,
    "snakes": [
      {
        "id": "gs_VpH9HVVVQGddThPCfCBQkBfR",
        "name": "Rando Grande",
        "latency": "372",
        "health": 99,
        "body": [
          {
            "x": 1,
            "y": 8
          },
          {
            "x": 1,
            "y": 9
          },
          {
            "x": 1,
            "y": 9
          }
        ],
        "head": {
          "x": 1,
          "y": 8
        },
        "length": 3,
        "shout": ""
      },
      {
        "id": "gs_RvFhC6cHdBHSJP48qycywFtV",
        "name": "Jormungand 0.1.0",
        "latency": "104",
        "health": 99,
        "body": [
          {
            "x": 6,
            "y": 9
          },
          {
            "x": 5,
            "y": 9
          },
          {
            "x": 5,
            "y": 9
          }
        ],
        "head": {
          "x": 6,
          "y": 9
        },
        "length": 3,
        "shout": "I am moving up!"
      }
    ],
    "food": [
      {
        "x": 0,
        "y": 10
      },
      {
        "x": 6,
        "y": 8
      },
      {
        "x": 5,
        "y": 5
      }
    ],
    "you": {
      "id": "gs_RvFhC6cHdBHSJP48qycywFtV",
      "name": "Jormungand 0.1.0",
      "latency": "104",
      "health": 99,
      "body": [
        {
          "x": 6,
          "y": 9
        },
        {
          "x": 5,
          "y": 9
        },
        {
          "x": 5,
          "y": 9
        }
      ],
      "head": {
        "x": 6,
        "y": 9
      },
      "length": 3,
      "shout": "I am moving up!"
    },
    "snakeId": "gs_RvFhC6cHdBHSJP48qycywFtV",
    "name": "Jormungand 0.1.0",
    "latency": "104",
    "health": 99,
    "body": [
      {
        "x": 6,
        "y": 9
      },
      {
        "x": 5,
        "y": 9
      },
      {
        "x": 5,
        "y": 9
      }
    ],
    "head": {
      "x": 6,
      "y": 9
    },
    "length": 3,
    "shout": "I am moving up!"
  }
]