[
  {
    "gameId": "0567d42e-3dd0-41ef-be66-2dbf5dac8cdb",
    "ruleset": {
      "name": "royale",
      "version": "v1.0.17"
    },
    "timeout": 600,
    "turn": 0,
    "width": 11,
    "height": 11,
    "snakes": [
      {
        "id": "gs_fDqWG3yyjWmvFMJpRpJgBYpV",
        "name": "Toby Flendersnake",
        "latency": "",
        "health": 100,
        "body": [
          {
            "x": 1,
            "y": 5
          },
          {
            "x": 1,
            "y": 5
          },
          {
            "x": 1,
            "y": 5
          }
        ],
        "head": {
          "x": 1,
          "y": 5
        },
        "length": 3,
        "shout": ""
      },
      {
        "id": "gs_Qgh9FXP97VMKBvym76HvY8XM",
        "name": "Mangofox",
        "latency": "",
        "health": 100,
        "body": [
          {
            "x": 9,
            "y": 5
          },
          {
            "x": 9,
            "y": 5
          },
          {
            "x": 9,
            "y": 5
          }
        ],
        "head": {
          "x": 9,
          "y": 5
        },
        "length": 3,
        "shout": ""
      },
      {
        "id": "gs_SfKfjcJB3mcFwSfwb4g3RbmV",
        "name": "Ramzi Hartmann",
        "latency": "",
        "health": 100,
        "body": [
          {
            "x": 1,
            "y": 9
          },
          {
            "x": 1,
            "y": 9
          },
          {
            "x": 1,
            "y": 9
          }
        ],
        "head": {
          "x": 1,
          "y": 9
        },
        "length": 3,
        "shout": ""
      },
      {
        "id": "gs_VgvkHXVtBPdyjccXYrwgYdjW",
        "name": "Jormungand 0.1.0",
        "latency": "",
        "health": 100,
        "body": [
          {
            "x": 5,
            "y": 1
          },
          {
            "x": 5,
            "y": 1
          },
          {
            "x": 5,
            "y": 1
          }
        ],
        "head": {
          "x": 5,
          "y": 1
        },
        "length": 3,
        "shout": ""
      }
    ],
    "food": [
      {
        "x": 0,
        "y": 4
      },
      {
        "x": 8,
        "y": 4
      },
      {
        "x": 0,
        "y": 8
      },
      {
        "x": 4,
        "y": 0
      },
      {
        "x": 5,
        "y": 5
      }
    ],
    "you": {
      "id": "gs_VgvkHXVtBPdyjccXYrwgYdjW",
      "name": "Jormungand 0.1.0",
      "latency": "",
      "health": 100,
      "body": [
        {
          "x": 5,
          "y": 1
        },
        {
          "x": 5,
          "y": 1
        },
        {
          "x": 5,
          "y": 1
        }
      ],
      "head": {
        "x": 5,
        "y": 1
      },
      "length": 3,
      "shout": ""
    },
    "snakeId": "gs_VgvkHXVtBPdyjccXYrwgYdjW",
    "name": "Jormungand 0.1.0",
    "latency": "",
    "health": 100,
    "body": [
      {
        "x": 5,
        "y": 1
      },
      {
        "x": 5,
        "y": 1
      },
      {
        "x": 5,
        "y": 1
      }
    ],
    "head": {
      "x": 5,
      "y": 1
    },
    "length": 3,
    "shout": ""
  },
  {
    "gameId": "0567d42e-3dd0-41ef-be66-2dbf5dac8cdb",
    "ruleset": {
      "name": "royale",
      "version": "v1.0.17"
    },
    "timeout": 600,
    "turn": 0,
    "width": 11,
    "height": 11,
    "snakes": [
      {
        "id": "gs_fDqWG3yyjWmvFMJpRpJgBYpV",
        "name": "Toby Flendersnake",
        "latency": "",
        "health": 100,
        "body": [
          {
            "x": 1,
            "y": 5
          },
          {
            "x": 1,
            "y": 5
          },
          {
            "x": 1,
            "y": 5
          }
        ],
        "head": {
          "x": 1,
          "y": 5
        },
        "length": 3,
        "shout": ""
      },
      {
        "id": "gs_Qgh9FXP97VMKBvym76HvY8XM",
        "name": "Mangofox",
        "latency": "",
        "health": 100,
        "body": [
          {
            "x": 9,
            "y": 5
          },
          {
            "x": 9,
            "y": 5
          },
          {
            "x": 9,
            "y": 5
          }
        ],
        "head": {
          "x": 9,
          "y": 5
        },
        "length": 3,
        "shout": ""
      },
      {
        "id": "gs_SfKfjcJB3mcFwSfwb4g3RbmV",
        "name": "Ramzi Hartmann",
        "latency": "",
        "health": 100,
        "body": [
          {
            "x": 1,
            "y": 9
          },
          {
            "x": 1,
            "y": 9
          },
          {
            "x": 1,
            "y": 9
          }
        ],
        "head": {
          "x": 1,
          "y": 9
        },
        "length": 3,
        "shout": ""
      },
      {
        "id": "gs_VgvkHXVtBPdyjccXYrwgYdjW",
        "name": "Jormungand 0.1.0",
        "latency": "",
        "health": 100,
        "body": [
          {
            "x": 5,
            "y": 1
          },
          {
            "x": 5,
            "y": 1
          },
          {
            "x": 5,
            "y": 1
          }
        ],
        "head": {
          "x": 5,
          "y": 1
        },
        "length": 3,
        "shout": ""
      }
    ],
    "food": [
      {
        "x": 0,
        "y": 4
      },
      {
        "x": 8,
        "y": 4
      },
      {
        "x": 0,
        "y": 8
      },
      {
        "x": 4,
        "y": 0
      },
      {
        "x": 5,
        "y": 5
      }
    ],
    "you": {
      "id": "gs_VgvkHXVtBPdyjccXYrwgYdjW",
      "name": "Jormungand 0.1.0",
      "latency": "",
      "health": 100,
      "body": [
        {
          "x": 5,
          "y": 1
        },
        {
          "x": 5,
          "y": 1
        },
        {
          "x": 5,
          "y": 1
        }
      ],
      "head": {
        "x": 5,
        "y": 1
      },
      "length": 3,
      "shout": ""
    },
    "snakeId": "gs_VgvkHXVtBPdyjccXYrwgYdjW",
    "name": "Jormungand 0.1.0",
    "latency": "",
    "health": 100,
    "body": [
      {
        "x": 5,
        "y": 1
      },
      {
        "x": 5,
        "y": 1
      },
      {
        "x": 5,
        "y": 1
      }
    ],
    "head": {
      "x": 5,
      "y": 1
    },
    "length": 3,
    "shout": ""
  },
  {
    "gameId": "0567d42e-3dd0-41ef-be66-2dbf5dac8cdb",
    "ruleset": {
      "name": "royale",
      "version": "v1.0.17"
    },
    "timeout": 600,
    "turn": 1,
    "width": 11,
    "height": 11,
    "snakes": [
      {
        "id": "gs_fDqWG3yyjWmvFMJpRpJgBYpV",
        "name": "Toby Flendersnake",
        "latency": "339",
        "health": 99,
        "body": [
          {
            "x": 0,
            "y": 5
          },
          {
            "x": 1,
            "y": 5
          },
          {
            "x": 1,
            "y": 5
          }
        ],
        "head": {
          "x": 0,
          "y": 5
        },
        "length": 3,
        "shout": ""
      },
      {
        "id": "gs_Qgh9FXP97VMKBvym76HvY8XM",
        "name": "Mangofox",
        "latency": "0",
        "health": 99,
        "body": [
          {
            "x": 9,
            "y": 6
          },
          {
            "x": 9,
            "y": 5
          },
          {
            "x": 9,
            "y": 5
          }
        ],
        "head": {
          "x": 9,
          "y": 6
        },
        "length": 3,
        "shout": ""
      },
      {
        "id": "gs_SfKfjcJB3mcFwSfwb4g3RbmV",
        "name": "Ramzi Hartmann",
        "latency": "173",
        "health": 99,
        "body": [
          {
            "x": 1,
            "y": 10
          },
          {
            "x": 1,
            "y": 9
          },
          {
            "x": 1,
            "y": 9
          }
        ],
        "head": {
          "x": 1,
          "y": 10
        },
        "length": 3,
        "shout": ""
      },
      {
        "id": "gs_VgvkHXVtBPdyjccXYrwgYdjW",
        "name": "Jormungand 0.1.0",
        "latency": "50",
        "health": 99,
        "body": [
          {
            "x": 4,
            "y": 1
          },
          {
            "x": 5,
            "y": 1
          },
          {
            "x": 5,
            "y": 1
          }
        ],
        "head": {
          "x": 4,
          "y": 1
        },
        "length": 3,
        "shout": "I am moving up!"
      }
    ],
    "food": [
      {
        "x": 0,
        "y": 4
      },
      {
        "x": 8,
        "y": 4
      },
      {
        "x": 0,
        "y": 8
      },
      {
        "x": 4,
        "y": 0
      },
      {
        "x": 5,
        "y": 5
      }
    ],
    "you": {
      "id": "gs_VgvkHXVtBPdyjccXYrwgYdjW",
      "name": "Jormungand 0.1.0",
      "latency": "50",
      "health": 99,
      "body": [
        {
          "x": 4,
          "y": 1
        },
        {
          "x": 5,
          "y": 1
        },
        {
          "x": 5,
          "y": 1
        }
      ],
      "head": {
        "x": 4,
        "y": 1
      },
      "length": 3,
      "shout": "I am moving up!"
    },
    "snakeId": "gs_VgvkHXVtBPdyjccXYrwgYdjW",
    "name": "Jormungand 0.1.0",
    "latency": "50",
    "health": 99,
    "body": [
      {
        "x": 4,
        "y": 1
      },
      {
        "x": 5,
        "y": 1
      },
      {
        "x": 5,
        "y": 1
      }
    ],
    "head": {
      "x": 4,
      "y": 1
    },
    "length": 3,
    "shout": "I am moving up!"
  },
  {
    "gameId": "0567d42e-3dd0-41ef-be66-2dbf5dac8cdb",
    "ruleset": {
      "name": "royale",
      "version": "v1.0.17"
    },
    "timeout": 600,
    "turn": 2,
    "width": 11,
    "height": 11,
    "snakes": [
      {
        "id": "gs_fDqWG3yyjWmvFMJpRpJgBYpV",
        "name": "Toby Flendersnake",
        "latency": "227",
        "health": 100,
        "body": [
          {
            "x": 0,
            "y": 4
          },
          {
            "x": 0,
            "y": 5
          },
          {
            "x": 1,
            "y": 5
          },
          {
            "x": 1,
            "y": 5
          }
        ],
        "head": {
          "x": 0,
          "y": 4
        },
        "length": 4,
        "shout": ""
      },
      {
        "id": "gs_Qgh9FXP97VMKBvym76HvY8XM",
        "name": "Mangofox",
        "latency": "0",
        "health": 98,
        "body": [
          {
            "x": 9,
            "y": 7
          },
          {
            "x": 9,
            "y": 6
          },
          {
            "x": 9,
            "y": 5
          }
        ],
        "head": {
          "x": 9,
          "y": 7
        },
        "length": 3,
        "shout": ""
      },
      {
        "id": "gs_VgvkHXVtBPdyjccXYrwgYdjW",
        "name": "Jormungand 0.1.0",
        "latency": "49",
        "health": 98,
        "body": [
          {
            "x": 4,
            "y": 2
          },
          {
            "x": 4,
            "y": 1
          },
          {
            "x": 5,
            "y": 1
          }
        ],
        "head": {
          "x": 4,
          "y": 2
        },
        "length": 3,
        "shout": "I am moving up!"
      }
    ],
    "food": [
      {
        "x": 8,
        "y": 4
      },
      {
        "x": 0,
        "y": 8
      },
      {
        "x": 4,
        "y": 0
      },
      {
        "x": 5,
        "y": 5
      }
    ],
    "you": {
      "id": "gs_VgvkHXVtBPdyjccXYrwgYdjW",
      "name": "Jormungand 0.1.0",
      "latency": "49",
      "health": 98,
      "body": [
        {
          "x": 4,
          "y": 2
        },
        {
          "x": 4,
          "y": 1
        },
        {
          "x": 5,
          "y": 1
        }
      ],
      "head": {
        "x": 4,
        "y": 2
      },
      "length": 3,
      "shout": "I am moving up!"
    },
    "snakeId": "gs_VgvkHXVtBPdyjccXYrwgYdjW",
    "name": "Jormungand 0.1.0",
    "latency": "49",
    "health": 98,
    "body": [
      {
        "x": 4,
        "y": 2
      },
      {
        "x": 4,
        "y": 1
      },
      {
        "x": 5,
        "y": 1
      }
    ],
    "head": {
      "x": 4,
      "y": 2
    },
    "length": 3,
    "shout": "I am moving up!"
  },
  {
    "gameId": "0567d42e-3dd0-41ef-be66-2dbf5dac8cdb",
    "ruleset": {
      "name": "royale",
      "version": "v1.0.17"
    },
    "timeout": 600,
    "turn": 3,
    "width": 11,
    "height": 11,
    "snakes": [
      {
        "id": "gs_fDqWG3yyjWmvFMJpRpJgBYpV",
        "name": "Toby Flendersnake",
        "latency": "224",
        "health": 99,
        "body": [
          {
            "x": 0,
            "y": 3
          },
          {
            "x": 0,
            "y": 4
          },
          {
            "x": 0,
            "y": 5
          },
          {
            "x": 1,
            "y": 5
          }
        ],
        "head": {
          "x": 0,
          "y": 3
        },
        "length": 4,
        "shout": ""
      },
      {
        "id": "gs_Qgh9FXP97VMKBvym76HvY8XM",
        "name": "Mangofox",
        "latency": "0",
        "health": 97,
        "body": [
          {
            "x": 9,
            "y": 8
          },
          {
            "x": 9,
            "y": 7
          },
          {
            "x": 9,
            "y": 6
          }
        ],
        "head": {
          "x": 9,
          "y": 8
        },
        "length": 3,
        "shout": ""
      },
      {
        "id": "gs_VgvkHXVtBPdyjccXYrwgYdjW",
        "name": "Jormungand 0.1.0",
        "latency": "50",
        "health": 97,
        "body": [
          {
            "x": 3,
            "y": 2
          },
          {
            "x": 4,
            "y": 2
          },
          {
            "x": 4,
            "y": 1
          }
        ],
        "head": {
          "x": 3,
          "y": 2
        },
        "length": 3,
        "shout": "I am moving up!"
      }
    ],
    "food": [
      {
        "x": 8,
        "y": 4
      },
      {
        "x": 0,
        "y": 8
      },
      {
        "x": 4,
        "y": 0
      },
      {
        "x": 5,
        "y": 5
      }
    ],
    "you": {
      "id": "gs_VgvkHXVtBPdyjccXYrwgYdjW",
      "name": "Jormungand 0.1.0",
      "latency": "50",
      "health": 97,
      "body": [
        {
          "x": 3,
          "y": 2
        },
        {
          "x": 4,
          "y": 2
        },
        {
          "x": 4,
          "y": 1
        }
      ],
      "head": {
        "x": 3,
        "y": 2
      },
      "length": 3,
      "shout": "I am moving up!"
    },
    "snakeId": "gs_VgvkHXVtBPdyjccXYrwgYdjW",
    "name": "Jormungand 0.1.0",
    "latency": "50",
    "health": 97,
    "body": [
      {
        "x": 3,
        "y": 2
      },
      {
        "x": 4,
        "y": 2
      },
      {
        "x": 4,
        "y": 1
      }
    ],
    "head": {
      "x": 3,
      "y": 2
    },
    "length": 3,
    "shout": "I am moving up!"
  },
  {
    "gameId": "0567d42e-3dd0-41ef-be66-2dbf5dac8cdb",
    "ruleset": {
      "name": "royale",
      "version": "v1.0.17"
    },
    "timeout": 600,
    "turn": 4,
    "width": 11,
    "height": 11,
    "snakes": [
      {
        "id": "gs_fDqWG3yyjWmvFMJpRpJgBYpV",
        "name": "Toby Flendersnake",
        "latency": "241",
        "health": 98,
        "body": [
          {
            "x": 1,
            "y": 3
          },
          {
            "x": 0,
            "y": 3
          },
          {
            "x": 0,
            "y": 4
          },
          {
            "x": 0,
            "y": 5
          }
        ],
        "head": {
          "x": 1,
          "y": 3
        },
        "length": 4,
        "shout": ""
      },
      {
        "id": "gs_Qgh9FXP97VMKBvym76HvY8XM",
        "name": "Mangofox",
        "latency": "0",
        "health": 96,
        "body": [
          {
            "x": 9,
            "y": 9
          },
          {
            "x": 9,
            "y": 8
          },
          {
            "x": 9,
            "y": 7
          }
        ],
        "head": {
          "x": 9,
          "y": 9
        },
        "length": 3,
        "shout": ""
      },
      {
        "id": "gs_VgvkHXVtBPdyjccXYrwgYdjW",
        "name": "Jormungand 0.1.0",
        "latency": "52",
        "health": 96,
        "body": [
          {
            "x": 2,
            "y": 2
          },
          {
            "x": 3,
            "y": 2
          },
          {
            "x": 4,
            "y": 2
          }
        ],
        "head": {
          "x": 2,
          "y": 2
        },
        "length": 3,
        "shout": "I am moving up!"
      }
    ],
    "food": [
      {
        "x": 8,
        "y": 4
      },
      {
        "x": 0,
        "y": 8
      },
      {
        "x": 4,
        "y": 0
      },
      {
        "x": 5,
        "y": 5
      },
      {
        "x": 10,
        "y": 4
      }
    ],
    "you": {
      "id": "gs_VgvkHXVtBPdyjccXYrwgYdjW",
      "name": "Jormungand 0.1.0",
      "latency": "52",
      "health": 96,
      "body": [
        {
          "x": 2,
          "y": 2
        },
        {
          "x": 3,
          "y": 2
        },
        {
          "x": 4,
          "y": 2
        }
      ],
      "head": {
        "x": 2,
        "y": 2
      },
      "length": 3,
      "shout": "I am moving up!"
    },
    "snakeId": "gs_VgvkHXVtBPdyjccXYrwgYdjW",
    "name": "Jormungand 0.1.0",
    "latency": "52",
    "health": 96,
    "body": [
      {
        "x": 2,
        "y": 2
      },
      {
        "x": 3,
        "y": 2
      },
      {
        "x": 4,
        "y": 2
      }
    ],
    "head": {
      "x": 2,
      "y": 2
    },
    "length": 3,
    "shout": "I am moving up!"
  },
  {
    "gameId": "0567d42e-3dd0-41ef-be66-2dbf5dac8cdb",
    "ruleset": {
      "name": "royale",
      "version": "v1.0.17"
    },
    "timeout": 600,
    "turn": 5,
    "width": 11,
    "height": 11,
    "snakes": [
      {
        "id": "gs_fDqWG3yyjWmvFMJpRpJgBYpV",
        "name": "Toby Flendersnake",
        "latency": "222",
        "health": 97,
        "body": [
          {
            "x": 1,
            "y": 2
          },
          {
            "x": 1,
            "y": 3
          },
          {
            "x": 0,
            "y": 3
          },
          {
            "x": 0,
            "y": 4
          }
        ],
        "head": {
          "x": 1,
          "y": 2
        },
        "length": 4,
        "shout": ""
      },
      {
        "id": "gs_Qgh9FXP97VMKBvym76HvY8XM",
        "name": "Mangofox",
        "latency": "0",
        "health": 95,
        "body": [
          {
            "x": 9,
            "y": 10
          },
          {
            "x": 9,
            "y": 9
          },
          {
            "x": 9,
            "y": 8
          }
        ],
        "head": {
          "x": 9,
          "y": 10
        },
        "length": 3,
        "shout": ""
      },
      {
        "id": "gs_VgvkHXVtBPdyjccXYrwgYdjW",
        "name": "Jormungand 0.1.0",
        "latency": "49",
        "health": 95,
        "body": [
          {
            "x": 2,
            "y": 1
          },
          {
            "x": 2,
            "y": 2
          },
          {
            "x": 3,
            "y": 2
          }
        ],
        "head": {
          "x": 2,
          "y": 1
        },
        "length": 3,
        "shout": "I am moving up!"
      }
    ],
    "food": [
      {
        "x": 8,
        "y": 4
      },
      {
        "x": 0,
        "y": 8
      },
      {
        "x": 4,
        "y": 0
      },
      {
        "x": 5,
        "y": 5
      },
      {
        "x": 10,
        "y": 4
      },
      {
        "x": 5,
        "y": 4
      }
    ],
    "you": {
      "id": "gs_VgvkHXVtBPdyjccXYrwgYdjW",
      "name": "Jormungand 0.1.0",
      "latency": "49",
      "health": 95,
      "body": [
        {
          "x": 2,
          "y": 1
        },
        {
          "x": 2,
          "y": 2
        },
        {
          "x": 3,
          "y": 2
        }
      ],
      "head": {
        "x": 2,
        "y": 1
      },
      "length": 3,
      "shout": "I am moving up!"
    },
    "snakeId": "gs_VgvkHXVtBPdyjccXYrwgYdjW",
    "name": "Jormungand 0.1.0",
    "latency": "49",
    "health": 95,
    "body": [
      {
        "x": 2,
        "y": 1
      },
      {
        "x": 2,
        "y": 2
      },
      {
        "x": 3,
        "y": 2
      }
    ],
    "head": {
      "x": 2,
      "y": 1
    },
    "length": 3,
    "shout": "I am moving up!"
  }
]