[
  {
    "gameId": "0a35fc2c-8e46-472a-991e-6ce0d08cb37a",
    "ruleset": {
      "name": "royale",
      "version": "v1.0.17"
    },
    "timeout": 600,
    "turn": 0,
    "width": 11,
    "height": 11,
    "snakes": [
      {
        "id": "gs_VkJMp9t6qbDt888tFgBfrC88",
        "name": "Hunger Snek",
        "latency": "",
        "health": 100,
        "body": [
          {
            "x": 9,
            "y": 9
          },
          {
            "x": 9,
            "y": 9
          },
          {
            "x": 9,
            "y": 9
          }
        ],
        "head": {
          "x": 9,
          "y": 9
        },
        "length": 3,
        "shout": ""
      },
      {
        "id": "gs_jpSHCfWbhRc7g4rqYgw6h38B",
        "name": "Living Knot",
        "latency": "",
        "health": 100,
        "body": [
          {
            "x": 1,
            "y": 5
          },
          {
            "x": 1,
            "y": 5
          },
          {
            "x": 1,
            "y": 5
          }
        ],
        "head": {
          "x": 1,
          "y": 5
        },
        "length": 3,
        "shout": ""
      },
      {
        "id": "gs_bQwG4rxg4XBRfdTJQpFb86XJ",
        "name": "Rando>75Food",
        "latency": "",
        "health": 100,
        "body": [
          {
            "x": 1,
            "y": 1
          },
          {
            "x": 1,
            "y": 1
          },
          {
            "x": 1,
            "y": 1
          }
        ],
        "head": {
          "x": 1,
          "y": 1
        },
        "length": 3,
        "shout": ""
      },
      {
        "id": "gs_KxvKCCrpTwpFwS4pR6BTPmD6",
        "name": "Jormungand 0.1.0",
        "latency": "",
        "health": 100,
        "body": [
          {
            "x": 9,
            "y": 1
          },
          {
            "x": 9,
            "y": 1
          },
          {
            "x": 9,
            "y": 1
          }
        ],
        "head": {
          "x": 9,
          "y": 1
        },
        "length": 3,
        "shout": ""
      }
    ],
    "food": [
      {
        "x": 8,
        "y": 8
      },
      {
        "x": 0,
        "y": 6
      },
      {
        "x": 0,
        "y": 2
      },
      {
        "x": 8,
        "y": 2
      },
      {
        "x": 5,
        "y": 5
      }
    ],
    "you": {
      "id": "gs_KxvKCCrpTwpFwS4pR6BTPmD6",
      "name": "Jormungand 0.1.0",
      "latency": "",
      "health": 100,
      "body": [
        {
          "x": 9,
          "y": 1
        },
        {
          "x": 9,
          "y": 1
        },
        {
          "x": 9,
          "y": 1
        }
      ],
      "head": {
        "x": 9,
        "y": 1
      },
      "length": 3,
      "shout": ""
    },
    "snakeId": "gs_KxvKCCrpTwpFwS4pR6BTPmD6",
    "name": "Jormungand 0.1.0",
    "latency": "",
    "health": 100,
    "body": [
      {
        "x": 9,
        "y": 1
      },
      {
        "x": 9,
        "y": 1
      },
      {
        "x": 9,
        "y": 1
      }
    ],
    "head": {
      "x": 9,
      "y": 1
    },
    "length": 3,
    "shout": ""
  },
  {
    "gameId": "0a35fc2c-8e46-472a-991e-6ce0d08cb37a",
    "ruleset": {
      "name": "royale",
      "version": "v1.0.17"
    },
    "timeout": 600,
    "turn": 0,
    "width": 11,
    "height": 11,
    "snakes": [
      {
        "id": "gs_VkJMp9t6qbDt888tFgBfrC88",
        "name": "Hunger Snek",
        "latency": "",
        "health": 100,
        "body": [
          {
            "x": 9,
            "y": 9
          },
          {
            "x": 9,
            "y": 9
          },
          {
            "x": 9,
            "y": 9
          }
        ],
        "head": {
          "x": 9,
          "y": 9
        },
        "length": 3,
        "shout": ""
      },
      {
        "id": "gs_jpSHCfWbhRc7g4rqYgw6h38B",
        "name": "Living Knot",
        "latency": "",
        "health": 100,
        "body": [
          {
            "x": 1,
            "y": 5
          },
          {
            "x": 1,
            "y": 5
          },
          {
            "x": 1,
            "y": 5
          }
        ],
        "head": {
          "x": 1,
          "y": 5
        },
        "length": 3,
        "shout": ""
      },
      {
        "id": "gs_bQwG4rxg4XBRfdTJQpFb86XJ",
        "name": "Rando>75Food",
        "latency": "",
        "health": 100,
        "body": [
          {
            "x": 1,
            "y": 1
          },
          {
            "x": 1,
            "y": 1
          },
          {
            "x": 1,
            "y": 1
          }
        ],
        "head": {
          "x": 1,
          "y": 1
        },
        "length": 3,
        "shout": ""
      },
      {
        "id": "gs_KxvKCCrpTwpFwS4pR6BTPmD6",
        "name": "Jormungand 0.1.0",
        "latency": "",
        "health": 100,
        "body": [
          {
            "x": 9,
            "y": 1
          },
          {
            "x": 9,
            "y": 1
          },
          {
            "x": 9,
            "y": 1
          }
        ],
        "head": {
          "x": 9,
          "y": 1
        },
        "length": 3,
        "shout": ""
      }
    ],
    "food": [
      {
        "x": 8,
        "y": 8
      },
      {
        "x": 0,
        "y": 6
      },
      {
        "x": 0,
        "y": 2
      },
      {
        "x": 8,
        "y": 2
      },
      {
        "x": 5,
        "y": 5
      }
    ],
    "you": {
      "id": "gs_KxvKCCrpTwpFwS4pR6BTPmD6",
      "name": "Jormungand 0.1.0",
      "latency": "",
      "health": 100,
      "body": [
        {
          "x": 9,
          "y": 1
        },
        {
          "x": 9,
          "y": 1
        },
        {
          "x": 9,
          "y": 1
        }
      ],
      "head": {
        "x": 9,
        "y": 1
      },
      "length": 3,
      "shout": ""
    },
    "snakeId": "gs_KxvKCCrpTwpFwS4pR6BTPmD6",
    "name": "Jormungand 0.1.0",
    "latency": "",
    "health": 100,
    "body": [
      {
        "x": 9,
        "y": 1
      },
      {
        "x": 9,
        "y": 1
      },
      {
        "x": 9,
        "y": 1
      }
    ],
    "head": {
      "x": 9,
      "y": 1
    },
    "length": 3,
    "shout": ""
  },
  {
    "gameId": "0a35fc2c-8e46-472a-991e-6ce0d08cb37a",
    "ruleset": {
      "name": "royale",
      "version": "v1.0.17"
    },
    "timeout": 600,
    "turn": 1,
    "width": 11,
    "height": 11,
    "snakes": [
      {
        "id": "gs_VkJMp9t6qbDt888tFgBfrC88",
        "name": "Hunger Snek",
        "latency": "282",
        "health": 99,
        "body": [
          {
            "x": 9,
            "y": 10
          },
          {
            "x": 9,
            "y": 9
          },
          {
            "x": 9,
            "y": 9
          }
        ],
        "head": {
          "x": 9,
          "y": 10
        },
        "length": 3,
        "shout": ""
      },
      {
        "id": "gs_jpSHCfWbhRc7g4rqYgw6h38B",
        "name": "Living Knot",
        "latency": "324",
        "health": 99,
        "body": [
          {
            "x": 0,
            "y": 5
          },
          {
            "x": 1,
            "y": 5
          },
          {
            "x": 1,
            "y": 5
          }
        ],
        "head": {
          "x": 0,
          "y": 5
        },
        "length": 3,
        "shout": ""
      },
      {
        "id": "gs_bQwG4rxg4XBRfdTJQpFb86XJ",
        "name": "Rando>75Food",
        "latency": "259",
        "health": 99,
        "body": [
          {
            "x": 0,
            "y": 1
          },
          {
            "x": 1,
            "y": 1
          },
          {
            "x": 1,
            "y": 1
          }
        ],
        "head": {
          "x": 0,
          "y": 1
        },
        "length": 3,
        "shout": ""
      },
      {
        "id": "gs_KxvKCCrpTwpFwS4pR6BTPmD6",
        "name": "Jormungand 0.1.0",
        "latency": "166",
        "health": 99,
        "body": [
          {
            "x": 9,
            "y": 2
          },
          {
            "x": 9,
            "y": 1
          },
          {
            "x": 9,
            "y": 1
          }
        ],
        "head": {
          "x": 9,
          "y": 2
        },
        "length": 3,
        "shout": "I am moving up!"
      }
    ],
    "food": [
      {
        "x": 8,
        "y": 8
      },
      {
        "x": 0,
        "y": 6
      },
      {
        "x": 0,
        "y": 2
      },
      {
        "x": 8,
        "y": 2
      },
      {
        "x": 5,
        "y": 5
      }
    ],
    "you": {
      "id": "gs_KxvKCCrpTwpFwS4pR6BTPmD6",
      "name": "Jormungand 0.1.0",
      "latency": "166",
      "health": 99,
      "body": [
        {
          "x": 9,
          "y": 2
        },
        {
          "x": 9,
          "y": 1
        },
        {
          "x": 9,
          "y": 1
        }
      ],
      "head": {
        "x": 9,
        "y": 2
      },
      "length": 3,
      "shout": "I am moving up!"
    },
    "snakeId": "gs_KxvKCCrpTwpFwS4pR6BTPmD6",
    "name": "Jormungand 0.1.0",
    "latency": "166",
    "health": 99,
    "body": [
      {
        "x": 9,
        "y": 2
      },
      {
        "x": 9,
        "y": 1
      },
      {
        "x": 9,
        "y": 1
      }
    ],
    "head": {
      "x": 9,
      "y": 2
    },
    "length": 3,
    "shout": "I am moving up!"
  },
  {
    "gameId": "0a35fc2c-8e46-472a-991e-6ce0d08cb37a",
    "ruleset": {
      "name": "royale",
      "version": "v1.0.17"
    },
    "timeout": 600,
    "turn": 2,
    "width": 11,
    "height": 11,
    "snakes": [
      {
        "id": "gs_VkJMp9t6qbDt888tFgBfrC88",
        "name": "Hunger Snek",
        "latency": "197",
        "health": 98,
        "body": [
          {
            "x": 8,
            "y": 10
          },
          {
            "x": 9,
            "y": 10
          },
          {
            "x": 9,
            "y": 9
          }
        ],
        "head": {
          "x": 8,
          "y": 10
        },
        "length": 3,
        "shout": ""
      },
      {
        "id": "gs_jpSHCfWbhRc7g4rqYgw6h38B",
        "name": "Living Knot",
        "latency": "207",
        "health": 100,
        "body": [
          {
            "x": 0,
            "y": 6
          },
          {
            "x": 0,
            "y": 5
          },
          {
            "x": 1,
            "y": 5
          },
          {
            "x": 1,
            "y": 5
          }
        ],
        "head": {
          "x": 0,
          "y": 6
        },
        "length": 4,
        "shout": ""
      },
      {
        "id": "gs_bQwG4rxg4XBRfdTJQpFb86XJ",
        "name": "Rando>75Food",
        "latency": "212",
        "health": 100,
        "body": [
          {
            "x": 0,
            "y": 2
          },
          {
            "x": 0,
            "y": 1
          },
          {
            "x": 1,
            "y": 1
          },
          {
            "x": 1,
            "y": 1
          }
        ],
        "head": {
          "x": 0,
          "y": 2
        },
        "length": 4,
        "shout": ""
      },
      {
        "id": "gs_KxvKCCrpTwpFwS4pR6BTPmD6",
        "name": "Jormungand 0.1.0",
        "latency": "50",
        "health": 98,
        "body": [
          {
            "x": 9,
            "y": 3
          },
          {
            "x": 9,
            "y": 2
          },
          {
            "x": 9,
            "y": 1
          }
        ],
        "head": {
          "x": 9,
          "y": 3
        },
        "length": 3,
        "shout": "I am moving up!"
      }
    ],
    "food": [
      {
        "x": 8,
        "y": 8
      },
      {
        "x": 8,
        "y": 2
      },
      {
        "x": 5,
        "y": 5
      },
      {
        "x": 3,
        "y": 0
      }
    ],
    "you": {
      "id": "gs_KxvKCCrpTwpFwS4pR6BTPmD6",
      "name": "Jormungand 0.1.0",
      "latency": "50",
      "health": 98,
      "body": [
        {
          "x": 9,
          "y": 3
        },
        {
          "x": 9,
          "y": 2
        },
        {
          "x": 9,
          "y": 1
        }
      ],
      "head": {
        "x": 9,
        "y": 3
      },
      "length": 3,
      "shout": "I am moving up!"
    },
    "snakeId": "gs_KxvKCCrpTwpFwS4pR6BTPmD6",
    "name": "Jormungand 0.1.0",
    "latency": "50",
    "health": 98,
    "body": [
      {
        "x": 9,
        "y": 3
      },
      {
        "x": 9,
        "y": 2
      },
      {
        "x": 9,
        "y": 1
      }
    ],
    "head": {
      "x": 9,
      "y": 3
    },
    "length": 3,
    "shout": "I am moving up!"
  },
  {
    "gameId": "0a35fc2c-8e46-472a-991e-6ce0d08cb37a",
    "ruleset": {
      "name": "royale",
      "version": "v1.0.17"
    },
    "timeout": 600,
    "turn": 3,
    "width": 11,
    "height": 11,
    "snakes": [
      {
        "id": "gs_VkJMp9t6qbDt888tFgBfrC88",
        "name": "Hunger Snek",
        "latency": "211",
        "health": 97,
        "body": [
          {
            "x": 8,
            "y": 9
          },
          {
            "x": 8,
            "y": 10
          },
          {
            "x": 9,
            "y": 10
          }
        ],
        "head": {
          "x": 8,
          "y": 9
        },
        "length": 3,
        "shout": ""
      },
      {
        "id": "gs_jpSHCfWbhRc7g4rqYgw6h38B",
        "name": "Living Knot",
        "latency": "210",
        "health": 99,
        "body": [
          {
            "x": 1,
            "y": 6
          },
          {
            "x": 0,
            "y": 6
          },
          {
            "x": 0,
            "y": 5
          },
          {
            "x": 1,
            "y": 5
          }
        ],
        "head": {
          "x": 1,
          "y": 6
        },
        "length": 4,
        "shout": ""
      },
      {
        "id": "gs_bQwG4rxg4XBRfdTJQpFb86XJ",
        "name": "Rando>75Food",
        "latency": "195",
        "health": 99,
        "body": [
          {
            "x": 1,
            "y": 2
          },
          {
            "x": 0,
            "y": 2
          },
          {
            "x": 0,
            "y": 1
          },
          {
            "x": 1,
            "y": 1
          }
        ],
        "head": {
          "x": 1,
          "y": 2
        },
        "length": 4,
        "shout": ""
      },
      {
        "id": "gs_KxvKCCrpTwpFwS4pR6BTPmD6",
        "name": "Jormungand 0.1.0",
        "latency": "50",
        "health": 97,
        "body": [
          {
            "x": 8,
            "y": 3
          },
          {
            "x": 9,
            "y": 3
          },
          {
            "x": 9,
            "y": 2
          }
        ],
        "head": {
          "x": 8,
          "y": 3
        },
        "length": 3,
        "shout": "I am moving up!"
      }
    ],
    "food": [
      {
        "x": 8,
        "y": 8
      },
      {
        "x": 8,
        "y": 2
      },
      {
        "x": 5,
        "y": 5
      },
      {
        "x": 3,
        "y": 0
      }
    ],
    "you": {
      "id": "gs_KxvKCCrpTwpFwS4pR6BTPmD6",
      "name": "Jormungand 0.1.0",
      "latency": "50",
      "health": 97,
      "body": [
        {
          "x": 8,
          "y": 3
        },
        {
          "x": 9,
          "y": 3
        },
        {
          "x": 9,
          "y": 2
        }
      ],
      "head": {
        "x": 8,
        "y": 3
      },
      "length": 3,
      "shout": "I am moving up!"
    },
    "snakeId": "gs_KxvKCCrpTwpFwS4pR6BTPmD6",
    "name": "Jormungand 0.1.0",
    "latency": "50",
    "health": 97,
    "body": [
      {
        "x": 8,
        "y": 3
      },
      {
        "x": 9,
        "y": 3
      },
      {
        "x": 9,
        "y": 2
      }
    ],
    "head": {
      "x": 8,
      "y": 3
    },
    "length": 3,
    "shout": "I am moving up!"
  },
  {
    "gameId": "0a35fc2c-8e46-472a-991e-6ce0d08cb37a",
    "ruleset": {
      "name": "royale",
      "version": "v1.0.17"
    },
    "timeout": 600,
    "turn": 4,
    "width": 11,
    "height": 11,
    "snakes": [
      {
        "id": "gs_VkJMp9t6qbDt888tFgBfrC88",
        "name": "Hunger Snek",
        "latency": "194",
        "health": 100,
        "body": [
          {
            "x": 8,
            "y": 8
          },
          {
            "x": 8,
            "y": 9
          },
          {
            "x": 8,
            "y": 10
          },
          {
            "x": 8,
            "y": 10
          }
        ],
        "head": {
          "x": 8,
          "y": 8
        },
        "length": 4,
        "shout": ""
      },
      {
        "id": "gs_jpSHCfWbhRc7g4rqYgw6h38B",
        "name": "Living Knot",
        "latency": "202",
        "health": 98,
        "body": [
          {
            "x": 2,
            "y": 6
          },
          {
            "x": 1,
            "y": 6
          },
          {
            "x": 0,
            "y": 6
          },
          {
            "x": 0,
            "y": 5
          }
        ],
        "head": {
          "x": 2,
          "y": 6
        },
        "length": 4,
        "shout": ""
      },
      {
        "id": "gs_bQwG4rxg4XBRfdTJQpFb86XJ",
        "name": "Rando>75Food",
        "latency": "189",
        "health": 98,
        "body": [
          {
            "x": 2,
            "y": 2
          },
          {
            "x": 1,
            "y": 2
          },
          {
            "x": 0,
            "y": 2
          },
          {
            "x": 0,
            "y": 1
          }
        ],
        "head": {
          "x": 2,
          "y": 2
        },
        "length": 4,
        "shout": ""
      },
      {
        "id": "gs_KxvKCCrpTwpFwS4pR6BTPmD6",
        "name": "Jormungand 0.1.0",
        "latency": "50",
        "health": 96,
        "body": [
          {
            "x": 7,
            "y": 3
          },
          {
            "x": 8,
            "y": 3
          },
          {
            "x": 9,
            "y": 3
          }
        ],
        "head": {
          "x": 7,
          "y": 3
        },
        "length": 3,
        "shout": "I am moving up!"
      }
    ],
    "food": [
      {
        "x": 8,
        "y": 2
      },
      {
        "x": 5,
        "y": 5
      },
      {
        "x": 3,
        "y": 0
      }
    ],
    "you": {
      "id": "gs_KxvKCCrpTwpFwS4pR6BTPmD6",
      "name": "Jormungand 0.1.0",
      "latency": "50",
      "health": 96,
      "body": [
        {
          "x": 7,
          "y": 3
        },
        {
          "x": 8,
          "y": 3
        },
        {
          "x": 9,
          "y": 3
        }
      ],
      "head": {
        "x": 7,
        "y": 3
      },
      "length": 3,
      "shout": "I am moving up!"
    },
    "snakeId": "gs_KxvKCCrpTwpFwS4pR6BTPmD6",
    "name": "Jormungand 0.1.0",
    "latency": "50",
    "health": 96,
    "body": [
      {
        "x": 7,
        "y": 3
      },
      {
        "x": 8,
        "y": 3
      },
      {
        "x": 9,
        "y": 3
      }
    ],
    "head": {
      "x": 7,
      "y": 3
    },
    "length": 3,
    "shout": "I am moving up!"
  },
  {
    "gameId": "0a35fc2c-8e46-472a-991e-6ce0d08cb37a",
    "ruleset": {
      "name": "royale",
      "version": "v1.0.17"
    },
    "timeout": 600,
    "turn": 5,
    "width": 11,
    "height": 11,
    "snakes": [
      {
        "id": "gs_VkJMp9t6qbDt888tFgBfrC88",
        "name": "Hunger Snek",
        "latency": "239",
        "health": 99,
        "body": [
          {
            "x": 8,
            "y": 7
          },
          {
            "x": 8,
            "y": 8
          },
          {
            "x": 8,
            "y": 9
          },
          {
            "x": 8,
            "y": 10
          }
        ],
        "head": {
          "x": 8,
          "y": 7
        },
        "length": 4,
        "shout": ""
      },
      {
        "id": "gs_jpSHCfWbhRc7g4rqYgw6h38B",
        "name": "Living Knot",
        "latency": "195",
        "health": 97,
        "body": [
          {
            "x": 3,
            "y": 6
          },
          {
            "x": 2,
            "y": 6
          },
          {
            "x": 1,
            "y": 6
          },
          {
            "x": 0,
            "y": 6
          }
        ],
        "head": {
          "x": 3,
          "y": 6
        },
        "length": 4,
        "shout": ""
      },
      {
        "id": "gs_bQwG4rxg4XBRfdTJQpFb86XJ",
        "name": "Rando>75Food",
        "latency": "211",
        "health": 97,
        "body": [
          {
            "x": 2,
            "y": 1
          },
          {
            "x": 2,
            "y": 2
          },
          {
            "x": 1,
            "y": 2
          },
          {
            "x": 0,
            "y": 2
          }
        ],
        "head": {
          "x": 2,
          "y": 1
        },
        "length": 4,
        "shout": ""
      },
      {
        "id": "gs_KxvKCCrpTwpFwS4pR6BTPmD6",
        "name": "Jormungand 0.1.0",
        "latency": "50",
        "health": 95,
        "body": [
          {
            "x": 7,
            "y": 2
          },
          {
            "x": 7,
            "y": 3
          },
          {
            "x": 8,
            "y": 3
          }
        ],
        "head": {
          "x": 7,
          "y": 2
        },
        "length": 3,
        "shout": "I am moving up!"
      }
    ],
    "food": [
      {
        "x": 8,
        "y": 2
      },
      {
        "x": 5,
        "y": 5
      },
      {
        "x": 3,
        "y": 0
      }
    ],
    "you": {
      "id": "gs_KxvKCCrpTwpFwS4pR6BTPmD6",
      "name": "Jormungand 0.1.0",
      "latency": "50",
      "health": 95,
      "body": [
        {
          "x": 7,
          "y": 2
        },
        {
          "x": 7,
          "y": 3
        },
        {
          "x": 8,
          "y": 3
        }
      ],
      "head": {
        "x": 7,
        "y": 2
      },
      "length": 3,
      "shout": "I am moving up!"
    },
    "snakeId": "gs_KxvKCCrpTwpFwS4pR6BTPmD6",
    "name": "Jormungand 0.1.0",
    "latency": "50",
    "health": 95,
    "body": [
      {
        "x": 7,
        "y": 2
      },
      {
        "x": 7,
        "y": 3
      },
      {
        "x": 8,
        "y": 3
      }
    ],
    "head": {
      "x": 7,
      "y": 2
    },
    "length": 3,
    "shout": "I am moving up!"
  },
  {
    "gameId": "0a35fc2c-8e46-472a-991e-6ce0d08cb37a",
    "ruleset": {
      "name": "royale",
      "version": "v1.0.17"
    },
    "timeout": 600,
    "turn": 6,
    "width": 11,
    "height": 11,
    "snakes": [
      {
        "id": "gs_VkJMp9t6qbDt888tFgBfrC88",
        "name": "Hunger Snek",
        "latency": "187",
        "health": 98,
        "body": [
          {
            "x": 8,
            "y": 6
          },
          {
            "x": 8,
            "y": 7
          },
          {
            "x": 8,
            "y": 8
          },
          {
            "x": 8,
            "y": 9
          }
        ],
        "head": {
          "x": 8,
          "y": 6
        },
        "length": 4,
        "shout": ""
      },
      {
        "id": "gs_jpSHCfWbhRc7g4rqYgw6h38B",
        "name": "Living Knot",
        "latency": "200",
        "health": 96,
        "body": [
          {
            "x": 4,
            "y": 6
          },
          {
            "x": 3,
            "y": 6
          },
          {
            "x": 2,
            "y": 6
          },
          {
            "x": 1,
            "y": 6
          }
        ],
        "head": {
          "x": 4,
          "y": 6
        },
        "length": 4,
        "shout": ""
      },
      {
        "id": "gs_bQwG4rxg4XBRfdTJQpFb86XJ",
        "name": "Rando>75Food",
        "latency": "203",
        "health": 96,
        "body": [
          {
            "x": 2,
            "y": 0
          },
          {
            "x": 2,
            "y": 1
          },
          {
            "x": 2,
            "y": 2
          },
          {
            "x": 1,
            "y": 2
          }
        ],
        "head": {
          "x": 2,
          "y": 0
        },
        "length": 4,
        "shout": ""
      },
      {
        "id": "gs_KxvKCCrpTwpFwS4pR6BTPmD6",
        "name": "Jormungand 0.1.0",
        "latency": "50",
        "health": 94,
        "body": [
          {
            "x": 6,
            "y": 2
          },
          {
            "x": 7,
            "y": 2
          },
          {
            "x": 7,
            "y": 3
          }
        ],
        "head": {
          "x": 6,
          "y": 2
        },
        "length": 3,
        "shout": "I am moving up!"
      }
    ],
    "food": [
      {
        "x": 8,
        "y": 2
      },
      {
        "x": 5,
        "y": 5
      },
      {
        "x": 3,
        "y": 0
      }
    ],
    "you": {
      "id": "gs_KxvKCCrpTwpFwS4pR6BTPmD6",
      "name": "Jormungand 0.1.0",
      "latency": "50",
      "health": 94,
      "body": [
        {
          "x": 6,
          "y": 2
        },
        {
          "x": 7,
          "y": 2
        },
        {
          "x": 7,
          "y": 3
        }
      ],
      "head": {
        "x": 6,
        "y": 2
      },
      "length": 3,
      "shout": "I am moving up!"
    },
    "snakeId": "gs_KxvKCCrpTwpFwS4pR6BTPmD6",
    "name": "Jormungand 0.1.0",
    "latency": "50",
    "health": 94,
    "body": [
      {
        "x": 6,
        "y": 2
      },
      {
        "x": 7,
        "y": 2
      },
      {
        "x": 7,
        "y": 3
      }
    ],
    "head": {
      "x": 6,
      "y": 2
    },
    "length": 3,
    "shout": "I am moving up!"
  },
  {
    "gameId": "0a35fc2c-8e46-472a-991e-6ce0d08cb37a",
    "ruleset": {
      "name": "royale",
      "version": "v1.0.17"
    },
    "timeout": 600,
    "turn": 7,
    "width": 11,
    "height": 11,
    "snakes": [
      {
        "id": "gs_VkJMp9t6qbDt888tFgBfrC88",
        "name": "Hunger Snek",
        "latency": "195",
        "health": 97,
        "body": [
          {
            "x": 8,
            "y": 5
          },
          {
            "x": 8,
            "y": 6
          },
          {
            "x": 8,
            "y": 7
          },
          {
            "x": 8,
            "y": 8
          }
        ],
        "head": {
          "x": 8,
          "y": 5
        },
        "length": 4,
        "shout": ""
      },
      {
        "id": "gs_jpSHCfWbhRc7g4rqYgw6h38B",
        "name": "Living Knot",
        "latency": "202",
        "health": 95,
        "body": [
          {
            "x": 4,
            "y": 5
          },
          {
            "x": 4,
            "y": 6
          },
          {
            "x": 3,
            "y": 6
          },
          {
            "x": 2,
            "y": 6
          }
        ],
        "head": {
          "x": 4,
          "y": 5
        },
        "length": 4,
        "shout": ""
      },
      {
        "id": "gs_bQwG4rxg4XBRfdTJQpFb86XJ",
        "name": "Rando>75Food",
        "latency": "208",
        "health": 100,
        "body": [
          {
            "x": 3,
            "y": 0
          },
          {
            "x": 2,
            "y": 0
          },
          {
            "x": 2,
            "y": 1
          },
          {
            "x": 2,
            "y": 2
          },
          {
            "x": 2,
            "y": 2
          }
        ],
        "head": {
          "x": 3,
          "y": 0
        },
        "length": 5,
        "shout": ""
      },
      {
        "id": "gs_KxvKCCrpTwpFwS4pR6BTPmD6",
        "name": "Jormungand 0.1.0",
        "latency": "50",
        "health": 93,
        "body": [
          {
            "x": 6,
            "y": 3
          },
          {
            "x": 6,
            "y": 2
          },
          {
            "x": 7,
            "y": 2
          }
        ],
        "head": {
          "x": 6,
          "y": 3
        },
        "length": 3,
        "shout": "I am moving up!"
      }
    ],
    "food": [
      {
        "x": 8,
        "y": 2
      },
      {
        "x": 5,
        "y": 5
      }
    ],
    "you": {
      "id": "gs_KxvKCCrpTwpFwS4pR6BTPmD6",
      "name": "Jormungand 0.1.0",
      "latency": "50",
      "health": 93,
      "body": [
        {
          "x": 6,
          "y": 3
        },
        {
          "x": 6,
          "y": 2
        },
        {
          "x": 7,
          "y": 2
        }
      ],
      "head": {
        "x": 6,
        "y": 3
      },
      "length": 3,
      "shout": "I am moving up!"
    },
    "snakeId": "gs_KxvKCCrpTwpFwS4pR6BTPmD6",
    "name": "Jormungand 0.1.0",
    "latency": "50",
    "health": 93,
    "body": [
      {
        "x": 6,
        "y": 3
      },
      {
        "x": 6,
        "y": 2
      },
      {
        "x": 7,
        "y": 2
      }
    ],
    "head": {
      "x": 6,
      "y": 3
    },
    "length": 3,
    "shout": "I am moving up!"
  },
  {
    "gameId": "0a35fc2c-8e46-472a-991e-6ce0d08cb37a",
    "ruleset": {
      "name": "royale",
      "version": "v1.0.17"
    },
    "timeout": 600,
    "turn": 8,
    "width": 11,
    "height": 11,
    "snakes": [
      {
        "id": "gs_VkJMp9t6qbDt888tFgBfrC88",
        "name": "Hunger Snek",
        "latency": "187",
        "health": 96,
        "body": [
          {
            "x": 8,
            "y": 4
          },
          {
            "x": 8,
            "y": 5
          },
          {
            "x": 8,
            "y": 6
          },
          {
            "x": 8,
            "y": 7
          }
        ],
        "head": {
          "x": 8,
          "y": 4
        },
        "length": 4,
        "shout": ""
      },
      {
        "id": "gs_jpSHCfWbhRc7g4rqYgw6h38B",
        "name": "Living Knot",
        "latency": "194",
        "health": 100,
        "body": [
          {
            "x": 5,
            "y": 5
          },
          {
            "x": 4,
            "y": 5
          },
          {
            "x": 4,
            "y": 6
          },
          {
            "x": 3,
            "y": 6
          },
          {
            "x": 3,
            "y": 6
          }
        ],
        "head": {
          "x": 5,
          "y": 5
        },
        "length": 5,
        "shout": ""
      },
      {
        "id": "gs_bQwG4rxg4XBRfdTJQpFb86XJ",
        "name": "Rando>75Food",
        "latency": "213",
        "health": 99,
        "body": [
          {
            "x": 3,
            "y": 1
          },
          {
            "x": 3,
            "y": 0
          },
          {
            "x": 2,
            "y": 0
          },
          {
            "x": 2,
            "y": 1
          },
          {
            "x": 2,
            "y": 2
          }
        ],
        "head": {
          "x": 3,
          "y": 1
        },
        "length": 5,
        "shout": ""
      },
      {
        "id": "gs_KxvKCCrpTwpFwS4pR6BTPmD6",
        "name": "Jormungand 0.1.0",
        "latency": "50",
        "health": 92,
        "body": [
          {
            "x": 6,
            "y": 4
          },
          {
            "x": 6,
            "y": 3
          },
          {
            "x": 6,
            "y": 2
          }
        ],
        "head": {
          "x": 6,
          "y": 4
        },
        "length": 3,
        "shout": "I am moving up!"
      }
    ],
    "food": [
      {
        "x": 8,
        "y": 2
      }
    ],
    "you": {
      "id": "gs_KxvKCCrpTwpFwS4pR6BTPmD6",
      "name": "Jormungand 0.1.0",
      "latency": "50",
      "health": 92,
      "body": [
        {
          "x": 6,
          "y": 4
        },
        {
          "x": 6,
          "y": 3
        },
        {
          "x": 6,
          "y": 2
        }
      ],
      "head": {
        "x": 6,
        "y": 4
      },
      "length": 3,
      "shout": "I am moving up!"
    },
    "snakeId": "gs_KxvKCCrpTwpFwS4pR6BTPmD6",
    "name": "Jormungand 0.1.0",
    "latency": "50",
    "health": 92,
    "body": [
      {
        "x": 6,
        "y": 4
      },
      {
        "x": 6,
        "y": 3
      },
      {
        "x": 6,
        "y": 2
      }
    ],
    "head": {
      "x": 6,
      "y": 4
    },
    "length": 3,
    "shout": "I am moving up!"
  },
  {
    "gameId": "0a35fc2c-8e46-472a-991e-6ce0d08cb37a",
    "ruleset": {
      "name": "royale",
      "version": "v1.0.17"
    },
    "timeout": 600,
    "turn": 9,
    "width": 11,
    "height": 11,
    "snakes": [
      {
        "id": "gs_VkJMp9t6qbDt888tFgBfrC88",
        "name": "Hunger Snek",
        "latency": "196",
        "health": 95,
        "body": [
          {
            "x": 8,
            "y": 3
          },
          {
            "x": 8,
            "y": 4
          },
          {
            "x": 8,
            "y": 5
          },
          {
            "x": 8,
            "y": 6
          }
        ],
        "head": {
          "x": 8,
          "y": 3
        },
        "length": 4,
        "shout": ""
      },
      {
        "id": "gs_jpSHCfWbhRc7g4rqYgw6h38B",
        "name": "Living Knot",
        "latency": "217",
        "health": 99,
        "body": [
          {
            "x": 5,
            "y": 4
          },
          {
            "x": 5,
            "y": 5
          },
          {
            "x": 4,
            "y": 5
          },
          {
            "x": 4,
            "y": 6
          },
          {
            "x": 3,
            "y": 6
          }
        ],
        "head": {
          "x": 5,
          "y": 4
        },
        "length": 5,
        "shout": ""
      },
      {
        "id": "gs_bQwG4rxg4XBRfdTJQpFb86XJ",
        "name": "Rando>75Food",
        "latency": "198",
        "health": 98,
        "body": [
          {
            "x": 4,
            "y": 1
          },
          {
            "x": 3,
            "y": 1
          },
          {
            "x": 3,
            "y": 0
          },
          {
            "x": 2,
            "y": 0
          },
          {
            "x": 2,
            "y": 1
          }
        ],
        "head": {
          "x": 4,
          "y": 1
        },
        "length": 5,
        "shout": ""
      },
      {
        "id": "gs_KxvKCCrpTwpFwS4pR6BTPmD6",
        "name": "Jormungand 0.1.0",
        "latency": "50",
        "health": 91,
        "body": [
          {
            "x": 7,
            "y": 4
          },
          {
            "x": 6,
            "y": 4
          },
          {
            "x": 6,
            "y": 3
          }
        ],
        "head": {
          "x": 7,
          "y": 4
        },
        "length": 3,
        "shout": "I am moving up!"
      }
    ],
    "food": [
      {
        "x": 8,
        "y": 2
      }
    ],
    "you": {
      "id": "gs_KxvKCCrpTwpFwS4pR6BTPmD6",
      "name": "Jormungand 0.1.0",
      "latency": "50",
      "health": 91,
      "body": [
        {
          "x": 7,
          "y": 4
        },
        {
          "x": 6,
          "y": 4
        },
        {
          "x": 6,
          "y": 3
        }
      ],
      "head": {
        "x": 7,
        "y": 4
      },
      "length": 3,
      "shout": "I am moving up!"
    },
    "snakeId": "gs_KxvKCCrpTwpFwS4pR6BTPmD6",
    "name": "Jormungand 0.1.0",
    "latency": "50",
    "health": 91,
    "body": [
      {
        "x": 7,
        "y": 4
      },
      {
        "x": 6,
        "y": 4
      },
      {
        "x": 6,
        "y": 3
      }
    ],
    "head": {
      "x": 7,
      "y": 4
    },
    "length": 3,
    "shout": "I am moving up!"
  },
  {
    "gameId": "0a35fc2c-8e46-472a-991e-6ce0d08cb37a",
    "ruleset": {
      "name": "royale",
      "version": "v1.0.17"
    },
    "timeout": 600,
    "turn": 10,
    "width": 11,
    "height": 11,
    "snakes": [
      {
        "id": "gs_VkJMp9t6qbDt888tFgBfrC88",
        "name": "Hunger Snek",
        "latency": "203",
        "health": 100,
        "body": [
          {
            "x": 8,
            "y": 2
          },
          {
            "x": 8,
            "y": 3
          },
          {
            "x": 8,
            "y": 4
          },
          {
            "x": 8,
            "y": 5
          },
          {
            "x": 8,
            "y": 5
          }
        ],
        "head": {
          "x": 8,
          "y": 2
        },
        "length": 5,
        "shout": ""
      },
      {
        "id": "gs_jpSHCfWbhRc7g4rqYgw6h38B",
        "name": "Living Knot",
        "latency": "206",
        "health": 98,
        "body": [
          {
            "x": 5,
            "y": 3
          },
          {
            "x": 5,
            "y": 4
          },
          {
            "x": 5,
            "y": 5
          },
          {
            "x": 4,
            "y": 5
          },
          {
            "x": 4,
            "y": 6
          }
        ],
        "head": {
          "x": 5,
          "y": 3
        },
        "length": 5,
        "shout": ""
      },
      {
        "id": "gs_bQwG4rxg4XBRfdTJQpFb86XJ",
        "name": "Rando>75Food",
        "latency": "220",
        "health": 97,
        "body": [
          {
            "x": 4,
            "y": 2
          },
          {
            "x": 4,
            "y": 1
          },
          {
            "x": 3,
            "y": 1
          },
          {
            "x": 3,
            "y": 0
          },
          {
            "x": 2,
            "y": 0
          }
        ],
        "head": {
          "x": 4,
          "y": 2
        },
        "length": 5,
        "shout": ""
      },
      {
        "id": "gs_KxvKCCrpTwpFwS4pR6BTPmD6",
        "name": "Jormungand 0.1.0",
        "latency": "50",
        "health": 90,
        "body": [
          {
            "x": 7,
            "y": 5
          },
          {
            "x": 7,
            "y": 4
          },
          {
            "x": 6,
            "y": 4
          }
        ],
        "head": {
          "x": 7,
          "y": 5
        },
        "length": 3,
        "shout": "I am moving up!"
      }
    ],
    "food": [
      {
        "x": 4,
        "y": 9
      }
    ],
    "you": {
      "id": "gs_KxvKCCrpTwpFwS4pR6BTPmD6",
      "name": "Jormungand 0.1.0",
      "latency": "50",
      "health": 90,
      "body": [
        {
          "x": 7,
          "y": 5
        },
        {
          "x": 7,
          "y": 4
        },
        {
          "x": 6,
          "y": 4
        }
      ],
      "head": {
        "x": 7,
        "y": 5
      },
      "length": 3,
      "shout": "I am moving up!"
    },
    "snakeId": "gs_KxvKCCrpTwpFwS4pR6BTPmD6",
    "name": "Jormungand 0.1.0",
    "latency": "50",
    "health": 90,
    "body": [
      {
        "x": 7,
        "y": 5
      },
      {
        "x": 7,
        "y": 4
      },
      {
        "x": 6,
        "y": 4
      }
    ],
    "head": {
      "x": 7,
      "y": 5
    },
    "length": 3,
    "shout": "I am moving up!"
  },
  {
    "gameId": "0a35fc2c-8e46-472a-991e-6ce0d08cb37a",
    "ruleset": {
      "name": "royale",
      "version": "v1.0.17"
    },
    "timeout": 600,
    "turn": 11,
    "width": 11,
    "height": 11,
    "snakes": [
      {
        "id": "gs_VkJMp9t6qbDt888tFgBfrC88",
        "name": "Hunger Snek",
        "latency": "212",
        "health": 99,
        "body": [
          {
            "x": 8,
            "y": 1
          },
          {
            "x": 8,
            "y": 2
          },
          {
            "x": 8,
            "y": 3
          },
          {
            "x": 8,
            "y": 4
          },
          {
            "x": 8,
            "y": 5
          }
        ],
        "head": {
          "x": 8,
          "y": 1
        },
        "length": 5,
        "shout": ""
      },
      {
        "id": "gs_jpSHCfWbhRc7g4rqYgw6h38B",
        "name": "Living Knot",
        "latency": "218",
        "health": 97,
        "body": [
          {
            "x": 6,
            "y": 3
          },
          {
            "x": 5,
            "y": 3
          },
          {
            "x": 5,
            "y": 4
          },
          {
            "x": 5,
            "y": 5
          },
          {
            "x": 4,
            "y": 5
          }
        ],
        "head": {
          "x": 6,
          "y": 3
        },
        "length": 5,
        "shout": ""
      },
      {
        "id": "gs_bQwG4rxg4XBRfdTJQpFb86XJ",
        "name": "Rando>75Food",
        "latency": "205",
        "health": 96,
        "body": [
          {
            "x": 5,
            "y": 2
          },
          {
            "x": 4,
            "y": 2
          },
          {
            "x": 4,
            "y": 1
          },
          {
            "x": 3,
            "y": 1
          },
          {
            "x": 3,
            "y": 0
          }
        ],
        "head": {
          "x": 5,
          "y": 2
        },
        "length": 5,
        "shout": ""
      },
      {
        "id": "gs_KxvKCCrpTwpFwS4pR6BTPmD6",
        "name": "Jormungand 0.1.0",
        "latency": "50",
        "health": 89,
        "body": [
          {
            "x": 7,
            "y": 6
          },
          {
            "x": 7,
            "y": 5
          },
          {
            "x": 7,
            "y": 4
          }
        ],
        "head": {
          "x": 7,
          "y": 6
        },
        "length": 3,
        "shout": "I am moving up!"
      }
    ],
    "food": [
      {
        "x": 4,
        "y": 9
      }
    ],
    "you": {
      "id": "gs_KxvKCCrpTwpFwS4pR6BTPmD6",
      "name": "Jormungand 0.1.0",
      "latency": "50",
      "health": 89,
      "body": [
        {
          "x": 7,
          "y": 6
        },
        {
          "x": 7,
          "y": 5
        },
        {
          "x": 7,
          "y": 4
        }
      ],
      "head": {
        "x": 7,
        "y": 6
      },
      "length": 3,
      "shout": "I am moving up!"
    },
    "snakeId": "gs_KxvKCCrpTwpFwS4pR6BTPmD6",
    "name": "Jormungand 0.1.0",
    "latency": "50",
    "health": 89,
    "body": [
      {
        "x": 7,
        "y": 6
      },
      {
        "x": 7,
        "y": 5
      },
      {
        "x": 7,
        "y": 4
      }
    ],
    "head": {
      "x": 7,
      "y": 6
    },
    "length": 3,
    "shout": "I am moving up!"
  },
  {
    "gameId": "0a35fc2c-8e46-472a-991e-6ce0d08cb37a",
    "ruleset": {
      "name": "royale",
      "version": "v1.0.17"
    },
    "timeout": 600,
    "turn": 12,
    "width": 11,
    "height": 11,
    "snakes": [
      {
        "id": "gs_VkJMp9t6qbDt888tFgBfrC88",
        "name": "Hunger Snek",
        "latency": "198",
        "health": 98,
        "body": [
          {
            "x": 8,
            "y": 0
          },
          {
            "x": 8,
            "y": 1
          },
          {
            "x": 8,
            "y": 2
          },
          {
            "x": 8,
            "y": 3
          },
          {
            "x": 8,
            "y": 4
          }
        ],
        "head": {
          "x": 8,
          "y": 0
        },
        "length": 5,
        "shout": ""
      },
      {
        "id": "gs_jpSHCfWbhRc7g4rqYgw6h38B",
        "name": "Living Knot",
        "latency": "192",
        "health": 96,
        "body": [
          {
            "x": 6,
            "y": 4
          },
          {
            "x": 6,
            "y": 3
          },
          {
            "x": 5,
            "y": 3
          },
          {
            "x": 5,
            "y": 4
          },
          {
            "x": 5,
            "y": 5
          }
        ],
        "head": {
          "x": 6,
          "y": 4
        },
        "length": 5,
        "shout": ""
      },
      {
        "id": "gs_bQwG4rxg4XBRfdTJQpFb86XJ",
        "name": "Rando>75Food",
        "latency": "197",
        "health": 95,
        "body": [
          {
            "x": 5,
            "y": 1
          },
          {
            "x": 5,
            "y": 2
          },
          {
            "x": 4,
            "y": 2
          },
          {
            "x": 4,
            "y": 1
          },
          {
            "x": 3,
            "y": 1
          }
        ],
        "head": {
          "x": 5,
          "y": 1
        },
        "length": 5,
        "shout": ""
      },
      {
        "id": "gs_KxvKCCrpTwpFwS4pR6BTPmD6",
        "name": "Jormungand 0.1.0",
        "latency": "50",
        "health": 88,
        "body": [
          {
            "x": 8,
            "y": 6
          },
          {
            "x": 7,
            "y": 6
          },
          {
            "x": 7,
            "y": 5
          }
        ],
        "head": {
          "x": 8,
          "y": 6
        },
        "length": 3,
        "shout": "I am moving up!"
      }
    ],
    "food": [
      {
        "x": 4,
        "y": 9
      }
    ],
    "you": {
      "id": "gs_KxvKCCrpTwpFwS4pR6BTPmD6",
      "name": "Jormungand 0.1.0",
      "latency": "50",
      "health": 88,
      "body": [
        {
          "x": 8,
          "y": 6
        },
        {
          "x": 7,
          "y": 6
        },
        {
          "x": 7,
          "y": 5
        }
      ],
      "head": {
        "x": 8,
        "y": 6
      },
      "length": 3,
      "shout": "I am moving up!"
    },
    "snakeId": "gs_KxvKCCrpTwpFwS4pR6BTPmD6",
    "name": "Jormungand 0.1.0",
    "latency": "50",
    "health": 88,
    "body": [
      {
        "x": 8,
        "y": 6
      },
      {
        "x": 7,
        "y": 6
      },
      {
        "x": 7,
        "y": 5
      }
    ],
    "head": {
      "x": 8,
      "y": 6
    },
    "length": 3,
    "shout": "I am moving up!"
  },
  {
    "gameId": "0a35fc2c-8e46-472a-991e-6ce0d08cb37a",
    "ruleset": {
      "name": "royale",
      "version": "v1.0.17"
    },
    "timeout": 600,
    "turn": 13,
    "width": 11,
    "height": 11,
    "snakes": [
      {
        "id": "gs_VkJMp9t6qbDt888tFgBfrC88",
        "name": "Hunger Snek",
        "latency": "186",
        "health": 97,
        "body": [
          {
            "x": 9,
            "y": 0
          },
          {
            "x": 8,
            "y": 0
          },
          {
            "x": 8,
            "y": 1
          },
          {
            "x": 8,
            "y": 2
          },
          {
            "x": 8,
            "y": 3
          }
        ],
        "head": {
          "x": 9,
          "y": 0
        },
        "length": 5,
        "shout": ""
      },
      {
        "id": "gs_jpSHCfWbhRc7g4rqYgw6h38B",
        "name": "Living Knot",
        "latency": "210",
        "health": 95,
        "body": [
          {
            "x": 6,
            "y": 5
          },
          {
            "x": 6,
            "y": 4
          },
          {
            "x": 6,
            "y": 3
          },
          {
            "x": 5,
            "y": 3
          },
          {
            "x": 5,
            "y": 4
          }
        ],
        "head": {
          "x": 6,
          "y": 5
        },
        "length": 5,
        "shout": ""
      },
      {
        "id": "gs_bQwG4rxg4XBRfdTJQpFb86XJ",
        "name": "Rando>75Food",
        "latency": "191",
        "health": 94,
        "body": [
          {
            "x": 5,
            "y": 0
          },
          {
            "x": 5,
            "y": 1
          },
          {
            "x": 5,
            "y": 2
          },
          {
            "x": 4,
            "y": 2
          },
          {
            "x": 4,
            "y": 1
          }
        ],
        "head": {
          "x": 5,
          "y": 0
        },
        "length": 5,
        "shout": ""
      },
      {
        "id": "gs_KxvKCCrpTwpFwS4pR6BTPmD6",
        "name": "Jormungand 0.1.0",
        "latency": "50",
        "health": 87,
        "body": [
          {
            "x": 9,
            "y": 6
          },
          {
            "x": 8,
            "y": 6
          },
          {
            "x": 7,
            "y": 6
          }
        ],
        "head": {
          "x": 9,
          "y": 6
        },
        "length": 3,
        "shout": "I am moving up!"
      }
    ],
    "food": [
      {
        "x": 4,
        "y": 9
      },
      {
        "x": 6,
        "y": 10
      }
    ],
    "you": {
      "id": "gs_KxvKCCrpTwpFwS4pR6BTPmD6",
      "name": "Jormungand 0.1.0",
      "latency": "50",
      "health": 87,
      "body": [
        {
          "x": 9,
          "y": 6
        },
        {
          "x": 8,
          "y": 6
        },
        {
          "x": 7,
          "y": 6
        }
      ],
      "head": {
        "x": 9,
        "y": 6
      },
      "length": 3,
      "shout": "I am moving up!"
    },
    "snakeId": "gs_KxvKCCrpTwpFwS4pR6BTPmD6",
    "name": "Jormungand 0.1.0",
    "latency": "50",
    "health": 87,
    "body": [
      {
        "x": 9,
        "y": 6
      },
      {
        "x": 8,
        "y": 6
      },
      {
        "x": 7,
        "y": 6
      }
    ],
    "head": {
      "x": 9,
      "y": 6
    },
    "length": 3,
    "shout": "I am moving up!"
  },
  {
    "gameId": "0a35fc2c-8e46-472a-991e-6ce0d08cb37a",
    "ruleset": {
      "name": "royale",
      "version": "v1.0.17"
    },
    "timeout": 600,
    "turn": 14,
    "width": 11,
    "height": 11,
    "snakes": [
      {
        "id": "gs_VkJMp9t6qbDt888tFgBfrC88",
        "name": "Hunger Snek",
        "latency": "180",
        "health": 96,
        "body": [
          {
            "x": 10,
            "y": 0
          },
          {
            "x": 9,
            "y": 0
          },
          {
            "x": 8,
            "y": 0
          },
          {
            "x": 8,
            "y": 1
          },
          {
            "x": 8,
            "y": 2
          }
        ],
        "head": {
          "x": 10,
          "y": 0
        },
        "length": 5,
        "shout": ""
      },
      {
        "id": "gs_jpSHCfWbhRc7g4rqYgw6h38B",
        "name": "Living Knot",
        "latency": "195",
        "health": 94,
        "body": [
          {
            "x": 6,
            "y": 6
          },
          {
            "x": 6,
            "y": 5
          },
          {
            "x": 6,
            "y": 4
          },
          {
            "x": 6,
            "y": 3
          },
          {
            "x": 5,
            "y": 3
          }
        ],
        "head": {
          "x": 6,
          "y": 6
        },
        "length": 5,
        "shout": ""
      },
      {
        "id": "gs_bQwG4rxg4XBRfdTJQpFb86XJ",
        "name": "Rando>75Food",
        "latency": "221",
        "health": 93,
        "body": [
          {
            "x": 4,
            "y": 0
          },
          {
            "x": 5,
            "y": 0
          },
          {
            "x": 5,
            "y": 1
          },
          {
            "x": 5,
            "y": 2
          },
          {
            "x": 4,
            "y": 2
          }
        ],
        "head": {
          "x": 4,
          "y": 0
        },
        "length": 5,
        "shout": ""
      },
      {
        "id": "gs_KxvKCCrpTwpFwS4pR6BTPmD6",
        "name": "Jormungand 0.1.0",
        "latency": "50",
        "health": 86,
        "body": [
          {
            "x": 9,
            "y": 5
          },
          {
            "x": 9,
            "y": 6
          },
          {
            "x": 8,
            "y": 6
          }
        ],
        "head": {
          "x": 9,
          "y": 5
        },
        "length": 3,
        "shout": "I am moving up!"
      }
    ],
    "food": [
      {
        "x": 4,
        "y": 9
      },
      {
        "x": 6,
        "y": 10
      },
      {
        "x": 6,
        "y": 9
      }
    ],
    "you": {
      "id": "gs_KxvKCCrpTwpFwS4pR6BTPmD6",
      "name": "Jormungand 0.1.0",
      "latency": "50",
      "health": 86,
      "body": [
        {
          "x": 9,
          "y": 5
        },
        {
          "x": 9,
          "y": 6
        },
        {
          "x": 8,
          "y": 6
        }
      ],
      "head": {
        "x": 9,
        "y": 5
      },
      "length": 3,
      "shout": "I am moving up!"
    },
    "snakeId": "gs_KxvKCCrpTwpFwS4pR6BTPmD6",
    "name": "Jormungand 0.1.0",
    "latency": "50",
    "health": 86,
    "body": [
      {
        "x": 9,
        "y": 5
      },
      {
        "x": 9,
        "y": 6
      },
      {
        "x": 8,
        "y": 6
      }
    ],
    "head": {
      "x": 9,
      "y": 5
    },
    "length": 3,
    "shout": "I am moving up!"
  },
  {
    "gameId": "0a35fc2c-8e46-472a-991e-6ce0d08cb37a",
    "ruleset": {
      "name": "royale",
      "version": "v1.0.17"
    },
    "timeout": 600,
    "turn": 15,
    "width": 11,
    "height": 11,
    "snakes": [
      {
        "id": "gs_VkJMp9t6qbDt888tFgBfrC88",
        "name": "Hunger Snek",
        "latency": "193",
        "health": 95,
        "body": [
          {
            "x": 10,
            "y": 1
          },
          {
            "x": 10,
            "y": 0
          },
          {
            "x": 9,
            "y": 0
          },
          {
            "x": 8,
            "y": 0
          },
          {
            "x": 8,
            "y": 1
          }
        ],
        "head": {
          "x": 10,
          "y": 1
        },
        "length": 5,
        "shout": ""
      },
      {
        "id": "gs_jpSHCfWbhRc7g4rqYgw6h38B",
        "name": "Living Knot",
        "latency": "204",
        "health": 93,
        "body": [
          {
            "x": 6,
            "y": 7
          },
          {
            "x": 6,
            "y": 6
          },
          {
            "x": 6,
            "y": 5
          },
          {
            "x": 6,
            "y": 4
          },
          {
            "x": 6,
            "y": 3
          }
        ],
        "head": {
          "x": 6,
          "y": 7
        },
        "length": 5,
        "shout": ""
      },
      {
        "id": "gs_bQwG4rxg4XBRfdTJQpFb86XJ",
        "name": "Rando>75Food",
        "latency": "208",
        "health": 92,
        "body": [
          {
            "x": 4,
            "y": 1
          },
          {
            "x": 4,
            "y": 0
          },
          {
            "x": 5,
            "y": 0
          },
          {
            "x": 5,
            "y": 1
          },
          {
            "x": 5,
            "y": 2
          }
        ],
        "head": {
          "x": 4,
          "y": 1
        },
        "length": 5,
        "shout": ""
      },
      {
        "id": "gs_KxvKCCrpTwpFwS4pR6BTPmD6",
        "name": "Jormungand 0.1.0",
        "latency": "50",
        "health": 85,
        "body": [
          {
            "x": 9,
            "y": 4
          },
          {
            "x": 9,
            "y": 5
          },
          {
            "x": 9,
            "y": 6
          }
        ],
        "head": {
          "x": 9,
          "y": 4
        },
        "length": 3,
        "shout": "I am moving up!"
      }
    ],
    "food": [
      {
        "x": 4,
        "y": 9
      },
      {
        "x": 6,
        "y": 10
      },
      {
        "x": 6,
        "y": 9
      }
    ],
    "you": {
      "id": "gs_KxvKCCrpTwpFwS4pR6BTPmD6",
      "name": "Jormungand 0.1.0",
      "latency": "50",
      "health": 85,
      "body": [
        {
          "x": 9,
          "y": 4
        },
        {
          "x": 9,
          "y": 5
        },
        {
          "x": 9,
          "y": 6
        }
      ],
      "head": {
        "x": 9,
        "y": 4
      },
      "length": 3,
      "shout": "I am moving up!"
    },
    "snakeId": "gs_KxvKCCrpTwpFwS4pR6BTPmD6",
    "name": "Jormungand 0.1.0",
    "latency": "50",
    "health": 85,
    "body": [
      {
        "x": 9,
        "y": 4
      },
      {
        "x": 9,
        "y": 5
      },
      {
        "x": 9,
        "y": 6
      }
    ],
    "head": {
      "x": 9,
      "y": 4
    },
    "length": 3,
    "shout": "I am moving up!"
  },
  {
    "gameId": "0a35fc2c-8e46-472a-991e-6ce0d08cb37a",
    "ruleset": {
      "name": "royale",
      "version": "v1.0.17"
    },
    "timeout": 600,
    "turn": 16,
    "width": 11,
    "height": 11,
    "snakes": [
      {
        "id": "gs_VkJMp9t6qbDt888tFgBfrC88",
        "name": "Hunger Snek",
        "latency": "197",
        "health": 94,
        "body": [
          {
            "x": 10,
            "y": 2
          },
          {
            "x": 10,
            "y": 1
          },
          {
            "x": 10,
            "y": 0
          },
          {
            "x": 9,
            "y": 0
          },
          {
            "x": 8,
            "y": 0
          }
        ],
        "head": {
          "x": 10,
          "y": 2
        },
        "length": 5,
        "shout": ""
      },
      {
        "id": "gs_jpSHCfWbhRc7g4rqYgw6h38B",
        "name": "Living Knot",
        "latency": "202",
        "health": 92,
        "body": [
          {
            "x": 6,
            "y": 8
          },
          {
            "x": 6,
            "y": 7
          },
          {
            "x": 6,
            "y": 6
          },
          {
            "x": 6,
            "y": 5
          },
          {
            "x": 6,
            "y": 4
          }
        ],
        "head": {
          "x": 6,
          "y": 8
        },
        "length": 5,
        "shout": ""
      },
      {
        "id": "gs_bQwG4rxg4XBRfdTJQpFb86XJ",
        "name": "Rando>75Food",
        "latency": "190",
        "health": 91,
        "body": [
          {
            "x": 3,
            "y": 1
          },
          {
            "x": 4,
            "y": 1
          },
          {
            "x": 4,
            "y": 0
          },
          {
            "x": 5,
            "y": 0
          },
          {
            "x": 5,
            "y": 1
          }
        ],
        "head": {
          "x": 3,
          "y": 1
        },
        "length": 5,
        "shout": ""
      },
      {
        "id": "gs_KxvKCCrpTwpFwS4pR6BTPmD6",
        "name": "Jormungand 0.1.0",
        "latency": "50",
        "health": 84,
        "body": [
          {
            "x": 8,
            "y": 4
          },
          {
            "x": 9,
            "y": 4
          },
          {
            "x": 9,
            "y": 5
          }
        ],
        "head": {
          "x": 8,
          "y": 4
        },
        "length": 3,
        "shout": "I am moving up!"
      }
    ],
    "food": [
      {
        "x": 4,
        "y": 9
      },
      {
        "x": 6,
        "y": 10
      },
      {
        "x": 6,
        "y": 9
      }
    ],
    "you": {
      "id": "gs_KxvKCCrpTwpFwS4pR6BTPmD6",
      "name": "Jormungand 0.1.0",
      "latency": "50",
      "health": 84,
      "body": [
        {
          "x": 8,
          "y": 4
        },
        {
          "x": 9,
          "y": 4
        },
        {
          "x": 9,
          "y": 5
        }
      ],
      "head": {
        "x": 8,
        "y": 4
      },
      "length": 3,
      "shout": "I am moving up!"
    },
    "snakeId": "gs_KxvKCCrpTwpFwS4pR6BTPmD6",
    "name": "Jormungand 0.1.0",
    "latency": "50",
    "health": 84,
    "body": [
      {
        "x": 8,
        "y": 4
      },
      {
        "x": 9,
        "y": 4
      },
      {
        "x": 9,
        "y": 5
      }
    ],
    "head": {
      "x": 8,
      "y": 4
    },
    "length": 3,
    "shout": "I am moving up!"
  },
  {
    "gameId": "0a35fc2c-8e46-472a-991e-6ce0d08cb37a",
    "ruleset": {
      "name": "royale",
      "version": "v1.0.17"
    },
    "timeout": 600,
    "turn": 17,
    "width": 11,
    "height": 11,
    "snakes": [
      {
        "id": "gs_VkJMp9t6qbDt888tFgBfrC88",
        "name": "Hunger Snek",
        "latency": "196",
        "health": 93,
        "body": [
          {
            "x": 10,
            "y": 3
          },
          {
            "x": 10,
            "y": 2
          },
          {
            "x": 10,
            "y": 1
          },
          {
            "x": 10,
            "y": 0
          },
          {
            "x": 9,
            "y": 0
          }
        ],
        "head": {
          "x": 10,
          "y": 3
        },
        "length": 5,
        "shout": ""
      },
      {
        "id": "gs_jpSHCfWbhRc7g4rqYgw6h38B",
        "name": "Living Knot",
        "latency": "209",
        "health": 91,
        "body": [
          {
            "x": 7,
            "y": 8
          },
          {
            "x": 6,
            "y": 8
          },
          {
            "x": 6,
            "y": 7
          },
          {
            "x": 6,
            "y": 6
          },
          {
            "x": 6,
            "y": 5
          }
        ],
        "head": {
          "x": 7,
          "y": 8
        },
        "length": 5,
        "shout": ""
      },
      {
        "id": "gs_bQwG4rxg4XBRfdTJQpFb86XJ",
        "name": "Rando>75Food",
        "latency": "190",
        "health": 90,
        "body": [
          {
            "x": 2,
            "y": 1
          },
          {
            "x": 3,
            "y": 1
          },
          {
            "x": 4,
            "y": 1
          },
          {
            "x": 4,
            "y": 0
          },
          {
            "x": 5,
            "y": 0
          }
        ],
        "head": {
          "x": 2,
          "y": 1
        },
        "length": 5,
        "shout": ""
      },
      {
        "id": "gs_KxvKCCrpTwpFwS4pR6BTPmD6",
        "name": "Jormungand 0.1.0",
        "latency": "50",
        "health": 83,
        "body": [
          {
            "x": 8,
            "y": 5
          },
          {
            "x": 8,
            "y": 4
          },
          {
            "x": 9,
            "y": 4
          }
        ],
        "head": {
          "x": 8,
          "y": 5
        },
        "length": 3,
        "shout": "I am moving up!"
      }
    ],
    "food": [
      {
        "x": 4,
        "y": 9
      },
      {
        "x": 6,
        "y": 10
      },
      {
        "x": 6,
        "y": 9
      }
    ],
    "you": {
      "id": "gs_KxvKCCrpTwpFwS4pR6BTPmD6",
      "name": "Jormungand 0.1.0",
      "latency": "50",
      "health": 83,
      "body": [
        {
          "x": 8,
          "y": 5
        },
        {
          "x": 8,
          "y": 4
        },
        {
          "x": 9,
          "y": 4
        }
      ],
      "head": {
        "x": 8,
        "y": 5
      },
      "length": 3,
      "shout": "I am moving up!"
    },
    "snakeId": "gs_KxvKCCrpTwpFwS4pR6BTPmD6",
    "name": "Jormungand 0.1.0",
    "latency": "50",
    "health": 83,
    "body": [
      {
        "x": 8,
        "y": 5
      },
      {
        "x": 8,
        "y": 4
      },
      {
        "x": 9,
        "y": 4
      }
    ],
    "head": {
      "x": 8,
      "y": 5
    },
    "length": 3,
    "shout": "I am moving up!"
  },
  {
    "gameId": "0a35fc2c-8e46-472a-991e-6ce0d08cb37a",
    "ruleset": {
      "name": "royale",
      "version": "v1.0.17"
    },
    "timeout": 600,
    "turn": 18,
    "width": 11,
    "height": 11,
    "snakes": [
      {
        "id": "gs_VkJMp9t6qbDt888tFgBfrC88",
        "name": "Hunger Snek",
        "latency": "197",
        "health": 92,
        "body": [
          {
            "x": 10,
            "y": 4
          },
          {
            "x": 10,
            "y": 3
          },
          {
            "x": 10,
            "y": 2
          },
          {
            "x": 10,
            "y": 1
          },
          {
            "x": 10,
            "y": 0
          }
        ],
        "head": {
          "x": 10,
          "y": 4
        },
        "length": 5,
        "shout": ""
      },
      {
        "id": "gs_jpSHCfWbhRc7g4rqYgw6h38B",
        "name": "Living Knot",
        "latency": "201",
        "health": 90,
        "body": [
          {
            "x": 7,
            "y": 9
          },
          {
            "x": 7,
            "y": 8
          },
          {
            "x": 6,
            "y": 8
          },
          {
            "x": 6,
            "y": 7
          },
          {
            "x": 6,
            "y": 6
          }
        ],
        "head": {
          "x": 7,
          "y": 9
        },
        "length": 5,
        "shout": ""
      },
      {
        "id": "gs_bQwG4rxg4XBRfdTJQpFb86XJ",
        "name": "Rando>75Food",
        "latency": "195",
        "health": 89,
        "body": [
          {
            "x": 1,
            "y": 1
          },
          {
            "x": 2,
            "y": 1
          },
          {
            "x": 3,
            "y": 1
          },
          {
            "x": 4,
            "y": 1
          },
          {
            "x": 4,
            "y": 0
          }
        ],
        "head": {
          "x": 1,
          "y": 1
        },
        "length": 5,
        "shout": ""
      },
      {
        "id": "gs_KxvKCCrpTwpFwS4pR6BTPmD6",
        "name": "Jormungand 0.1.0",
        "latency": "50",
        "health": 82,
        "body": [
          {
            "x": 8,
            "y": 6
          },
          {
            "x": 8,
            "y": 5
          },
          {
            "x": 8,
            "y": 4
          }
        ],
        "head": {
          "x": 8,
          "y": 6
        },
        "length": 3,
        "shout": "I am moving up!"
      }
    ],
    "food": [
      {
        "x": 4,
        "y": 9
      },
      {
        "x": 6,
        "y": 10
      },
      {
        "x": 6,
        "y": 9
      }
    ],
    "you": {
      "id": "gs_KxvKCCrpTwpFwS4pR6BTPmD6",
      "name": "Jormungand 0.1.0",
      "latency": "50",
      "health": 82,
      "body": [
        {
          "x": 8,
          "y": 6
        },
        {
          "x": 8,
          "y": 5
        },
        {
          "x": 8,
          "y": 4
        }
      ],
      "head": {
        "x": 8,
        "y": 6
      },
      "length": 3,
      "shout": "I am moving up!"
    },
    "snakeId": "gs_KxvKCCrpTwpFwS4pR6BTPmD6",
    "name": "Jormungand 0.1.0",
    "latency": "50",
    "health": 82,
    "body": [
      {
        "x": 8,
        "y": 6
      },
      {
        "x": 8,
        "y": 5
      },
      {
        "x": 8,
        "y": 4
      }
    ],
    "head": {
      "x": 8,
      "y": 6
    },
    "length": 3,
    "shout": "I am moving up!"
  },
  {
    "gameId": "0a35fc2c-8e46-472a-991e-6ce0d08cb37a",
    "ruleset": {
      "name": "royale",
      "version": "v1.0.17"
    },
    "timeout": 600,
    "turn": 19,
    "width": 11,
    "height": 11,
    "snakes": [
      {
        "id": "gs_VkJMp9t6qbDt888tFgBfrC88",
        "name": "Hunger Snek",
        "latency": "196",
        "health": 91,
        "body": [
          {
            "x": 10,
            "y": 5
          },
          {
            "x": 10,
            "y": 4
          },
          {
            "x": 10,
            "y": 3
          },
          {
            "x": 10,
            "y": 2
          },
          {
            "x": 10,
            "y": 1
          }
        ],
        "head": {
          "x": 10,
          "y": 5
        },
        "length": 5,
        "shout": ""
      },
      {
        "id": "gs_jpSHCfWbhRc7g4rqYgw6h38B",
        "name": "Living Knot",
        "latency": "203",
        "health": 100,
        "body": [
          {
            "x": 6,
            "y": 9
          },
          {
            "x": 7,
            "y": 9
          },
          {
            "x": 7,
            "y": 8
          },
          {
            "x": 6,
            "y": 8
          },
          {
            "x": 6,
            "y": 7
          },
          {
            "x": 6,
            "y": 7
          }
        ],
        "head": {
          "x": 6,
          "y": 9
        },
        "length": 6,
        "shout": ""
      },
      {
        "id": "gs_bQwG4rxg4XBRfdTJQpFb86XJ",
        "name": "Rando>75Food",
        "latency": "216",
        "health": 88,
        "body": [
          {
            "x": 1,
            "y": 2
          },
          {
            "x": 1,
            "y": 1
          },
          {
            "x": 2,
            "y": 1
          },
          {
            "x": 3,
            "y": 1
          },
          {
            "x": 4,
            "y": 1
          }
        ],
        "head": {
          "x": 1,
          "y": 2
        },
        "length": 5,
        "shout": ""
      },
      {
        "id": "gs_KxvKCCrpTwpFwS4pR6BTPmD6",
        "name": "Jormungand 0.1.0",
        "latency": "50",
        "health": 81,
        "body": [
          {
            "x": 9,
            "y": 6
          },
          {
            "x": 8,
            "y": 6
          },
          {
            "x": 8,
            "y": 5
          }
        ],
        "head": {
          "x": 9,
          "y": 6
        },
        "length": 3,
        "shout": "I am moving up!"
      }
    ],
    "food": [
      {
        "x": 4,
        "y": 9
      },
      {
        "x": 6,
        "y": 10
      }
    ],
    "you": {
      "id": "gs_KxvKCCrpTwpFwS4pR6BTPmD6",
      "name": "Jormungand 0.1.0",
      "latency": "50",
      "health": 81,
      "body": [
        {
          "x": 9,
          "y": 6
        },
        {
          "x": 8,
          "y": 6
        },
        {
          "x": 8,
          "y": 5
        }
      ],
      "head": {
        "x": 9,
        "y": 6
      },
      "length": 3,
      "shout": "I am moving up!"
    },
    "snakeId": "gs_KxvKCCrpTwpFwS4pR6BTPmD6",
    "name": "Jormungand 0.1.0",
    "latency": "50",
    "health": 81,
    "body": [
      {
        "x": 9,
        "y": 6
      },
      {
        "x": 8,
        "y": 6
      },
      {
        "x": 8,
        "y": 5
      }
    ],
    "head": {
      "x": 9,
      "y": 6
    },
    "length": 3,
    "shout": "I am moving up!"
  },
  {
    "gameId": "0a35fc2c-8e46-472a-991e-6ce0d08cb37a",
    "ruleset": {
      "name": "royale",
      "version": "v1.0.17"
    },
    "timeout": 600,
    "turn": 20,
    "width": 11,
    "height": 11,
    "snakes": [
      {
        "id": "gs_VkJMp9t6qbDt888tFgBfrC88",
        "name": "Hunger Snek",
        "latency": "192",
        "health": 90,
        "body": [
          {
            "x": 10,
            "y": 6
          },
          {
            "x": 10,
            "y": 5
          },
          {
            "x": 10,
            "y": 4
          },
          {
            "x": 10,
            "y": 3
          },
          {
            "x": 10,
            "y": 2
          }
        ],
        "head": {
          "x": 10,
          "y": 6
        },
        "length": 5,
        "shout": ""
      },
      {
        "id": "gs_jpSHCfWbhRc7g4rqYgw6h38B",
        "name": "Living Knot",
        "latency": "201",
        "health": 99,
        "body": [
          {
            "x": 5,
            "y": 9
          },
          {
            "x": 6,
            "y": 9
          },
          {
            "x": 7,
            "y": 9
          },
          {
            "x": 7,
            "y": 8
          },
          {
            "x": 6,
            "y": 8
          },
          {
            "x": 6,
            "y": 7
          }
        ],
        "head": {
          "x": 5,
          "y": 9
        },
        "length": 6,
        "shout": ""
      },
      {
        "id": "gs_bQwG4rxg4XBRfdTJQpFb86XJ",
        "name": "Rando>75Food",
        "latency": "202",
        "health": 87,
        "body": [
          {
            "x": 2,
            "y": 2
          },
          {
            "x": 1,
            "y": 2
          },
          {
            "x": 1,
            "y": 1
          },
          {
            "x": 2,
            "y": 1
          },
          {
            "x": 3,
            "y": 1
          }
        ],
        "head": {
          "x": 2,
          "y": 2
        },
        "length": 5,
        "shout": ""
      },
      {
        "id": "gs_KxvKCCrpTwpFwS4pR6BTPmD6",
        "name": "Jormungand 0.1.0",
        "latency": "50",
        "health": 80,
        "body": [
          {
            "x": 9,
            "y": 7
          },
          {
            "x": 9,
            "y": 6
          },
          {
            "x": 8,
            "y": 6
          }
        ],
        "head": {
          "x": 9,
          "y": 7
        },
        "length": 3,
        "shout": "I am moving up!"
      }
    ],
    "food": [
      {
        "x": 4,
        "y": 9
      },
      {
        "x": 6,
        "y": 10
      }
    ],
    "you": {
      "id": "gs_KxvKCCrpTwpFwS4pR6BTPmD6",
      "name": "Jormungand 0.1.0",
      "latency": "50",
      "health": 80,
      "body": [
        {
          "x": 9,
          "y": 7
        },
        {
          "x": 9,
          "y": 6
        },
        {
          "x": 8,
          "y": 6
        }
      ],
      "head": {
        "x": 9,
        "y": 7
      },
      "length": 3,
      "shout": "I am moving up!"
    },
    "snakeId": "gs_KxvKCCrpTwpFwS4pR6BTPmD6",
    "name": "Jormungand 0.1.0",
    "latency": "50",
    "health": 80,
    "body": [
      {
        "x": 9,
        "y": 7
      },
      {
        "x": 9,
        "y": 6
      },
      {
        "x": 8,
        "y": 6
      }
    ],
    "head": {
      "x": 9,
      "y": 7
    },
    "length": 3,
    "shout": "I am moving up!"
  },
  {
    "gameId": "0a35fc2c-8e46-472a-991e-6ce0d08cb37a",
    "ruleset": {
      "name": "royale",
      "version": "v1.0.17"
    },
    "timeout": 600,
    "turn": 21,
    "width": 11,
    "height": 11,
    "snakes": [
      {
        "id": "gs_VkJMp9t6qbDt888tFgBfrC88",
        "name": "Hunger Snek",
        "latency": "205",
        "health": 89,
        "body": [
          {
            "x": 10,
            "y": 7
          },
          {
            "x": 10,
            "y": 6
          },
          {
            "x": 10,
            "y": 5
          },
          {
            "x": 10,
            "y": 4
          },
          {
            "x": 10,
            "y": 3
          }
        ],
        "head": {
          "x": 10,
          "y": 7
        },
        "length": 5,
        "shout": ""
      },
      {
        "id": "gs_jpSHCfWbhRc7g4rqYgw6h38B",
        "name": "Living Knot",
        "latency": "192",
        "health": 98,
        "body": [
          {
            "x": 5,
            "y": 8
          },
          {
            "x": 5,
            "y": 9
          },
          {
            "x": 6,
            "y": 9
          },
          {
            "x": 7,
            "y": 9
          },
          {
            "x": 7,
            "y": 8
          },
          {
            "x": 6,
            "y": 8
          }
        ],
        "head": {
          "x": 5,
          "y": 8
        },
        "length": 6,
        "shout": ""
      },
      {
        "id": "gs_bQwG4rxg4XBRfdTJQpFb86XJ",
        "name": "Rando>75Food",
        "latency": "214",
        "health": 86,
        "body": [
          {
            "x": 2,
            "y": 3
          },
          {
            "x": 2,
            "y": 2
          },
          {
            "x": 1,
            "y": 2
          },
          {
            "x": 1,
            "y": 1
          },
          {
            "x": 2,
            "y": 1
          }
        ],
        "head": {
          "x": 2,
          "y": 3
        },
        "length": 5,
        "shout": ""
      },
      {
        "id": "gs_KxvKCCrpTwpFwS4pR6BTPmD6",
        "name": "Jormungand 0.1.0",
        "latency": "50",
        "health": 79,
        "body": [
          {
            "x": 8,
            "y": 7
          },
          {
            "x": 9,
            "y": 7
          },
          {
            "x": 9,
            "y": 6
          }
        ],
        "head": {
          "x": 8,
          "y": 7
        },
        "length": 3,
        "shout": "I am moving up!"
      }
    ],
    "food": [
      {
        "x": 4,
        "y": 9
      },
      {
        "x": 6,
        "y": 10
      },
      {
        "x": 8,
        "y": 2
      }
    ],
    "you": {
      "id": "gs_KxvKCCrpTwpFwS4pR6BTPmD6",
      "name": "Jormungand 0.1.0",
      "latency": "50",
      "health": 79,
      "body": [
        {
          "x": 8,
          "y": 7
        },
        {
          "x": 9,
          "y": 7
        },
        {
          "x": 9,
          "y": 6
        }
      ],
      "head": {
        "x": 8,
        "y": 7
      },
      "length": 3,
      "shout": "I am moving up!"
    },
    "snakeId": "gs_KxvKCCrpTwpFwS4pR6BTPmD6",
    "name": "Jormungand 0.1.0",
    "latency": "50",
    "health": 79,
    "body": [
      {
        "x": 8,
        "y": 7
      },
      {
        "x": 9,
        "y": 7
      },
      {
        "x": 9,
        "y": 6
      }
    ],
    "head": {
      "x": 8,
      "y": 7
    },
    "length": 3,
    "shout": "I am moving up!"
  },
  {
    "gameId": "0a35fc2c-8e46-472a-991e-6ce0d08cb37a",
    "ruleset": {
      "name": "royale",
      "version": "v1.0.17"
    },
    "timeout": 600,
    "turn": 22,
    "width": 11,
    "height": 11,
    "snakes": [
      {
        "id": "gs_VkJMp9t6qbDt888tFgBfrC88",
        "name": "Hunger Snek",
        "latency": "193",
        "health": 88,
        "body": [
          {
            "x": 10,
            "y": 8
          },
          {
            "x": 10,
            "y": 7
          },
          {
            "x": 10,
            "y": 6
          },
          {
            "x": 10,
            "y": 5
          },
          {
            "x": 10,
            "y": 4
          }
        ],
        "head": {
          "x": 10,
          "y": 8
        },
        "length": 5,
        "shout": ""
      },
      {
        "id": "gs_jpSHCfWbhRc7g4rqYgw6h38B",
        "name": "Living Knot",
        "latency": "214",
        "health": 97,
        "body": [
          {
            "x": 6,
            "y": 8
          },
          {
            "x": 5,
            "y": 8
          },
          {
            "x": 5,
            "y": 9
          },
          {
            "x": 6,
            "y": 9
          },
          {
            "x": 7,
            "y": 9
          },
          {
            "x": 7,
            "y": 8
          }
        ],
        "head": {
          "x": 6,
          "y": 8
        },
        "length": 6,
        "shout": ""
      },
      {
        "id": "gs_bQwG4rxg4XBRfdTJQpFb86XJ",
        "name": "Rando>75Food",
        "latency": "202",
        "health": 85,
        "body": [
          {
            "x": 1,
            "y": 3
          },
          {
            "x": 2,
            "y": 3
          },
          {
            "x": 2,
            "y": 2
          },
          {
            "x": 1,
            "y": 2
          },
          {
            "x": 1,
            "y": 1
          }
        ],
        "head": {
          "x": 1,
          "y": 3
        },
        "length": 5,
        "shout": ""
      },
      {
        "id": "gs_KxvKCCrpTwpFwS4pR6BTPmD6",
        "name": "Jormungand 0.1.0",
        "latency": "50",
        "health": 78,
        "body": [
          {
            "x": 8,
            "y": 8
          },
          {
            "x": 8,
            "y": 7
          },
          {
            "x": 9,
            "y": 7
          }
        ],
        "head": {
          "x": 8,
          "y": 8
        },
        "length": 3,
        "shout": "I am moving up!"
      }
    ],
    "food": [
      {
        "x": 4,
        "y": 9
      },
      {
        "x": 6,
        "y": 10
      },
      {
        "x": 8,
        "y": 2
      }
    ],
    "you": {
      "id": "gs_KxvKCCrpTwpFwS4pR6BTPmD6",
      "name": "Jormungand 0.1.0",
      "latency": "50",
      "health": 78,
      "body": [
        {
          "x": 8,
          "y": 8
        },
        {
          "x": 8,
          "y": 7
        },
        {
          "x": 9,
          "y": 7
        }
      ],
      "head": {
        "x": 8,
        "y": 8
      },
      "length": 3,
      "shout": "I am moving up!"
    },
    "snakeId": "gs_KxvKCCrpTwpFwS4pR6BTPmD6",
    "name": "Jormungand 0.1.0",
    "latency": "50",
    "health": 78,
    "body": [
      {
        "x": 8,
        "y": 8
      },
      {
        "x": 8,
        "y": 7
      },
      {
        "x": 9,
        "y": 7
      }
    ],
    "head": {
      "x": 8,
      "y": 8
    },
    "length": 3,
    "shout": "I am moving up!"
  },
  {
    "gameId": "0a35fc2c-8e46-472a-991e-6ce0d08cb37a",
    "ruleset": {
      "name": "royale",
      "version": "v1.0.17"
    },
    "timeout": 600,
    "turn": 23,
    "width": 11,
    "height": 11,
    "snakes": [
      {
        "id": "gs_VkJMp9t6qbDt888tFgBfrC88",
        "name": "Hunger Snek",
        "latency": "210",
        "health": 87,
        "body": [
          {
            "x": 10,
            "y": 9
          },
          {
            "x": 10,
            "y": 8
          },
          {
            "x": 10,
            "y": 7
          },
          {
            "x": 10,
            "y": 6
          },
          {
            "x": 10,
            "y": 5
          }
        ],
        "head": {
          "x": 10,
          "y": 9
        },
        "length": 5,
        "shout": ""
      },
      {
        "id": "gs_jpSHCfWbhRc7g4rqYgw6h38B",
        "name": "Living Knot",
        "latency": "222",
        "health": 96,
        "body": [
          {
            "x": 7,
            "y": 8
          },
          {
            "x": 6,
            "y": 8
          },
          {
            "x": 5,
            "y": 8
          },
          {
            "x": 5,
            "y": 9
          },
          {
            "x": 6,
            "y": 9
          },
          {
            "x": 7,
            "y": 9
          }
        ],
        "head": {
          "x": 7,
          "y": 8
        },
        "length": 6,
        "shout": ""
      },
      {
        "id": "gs_bQwG4rxg4XBRfdTJQpFb86XJ",
        "name": "Rando>75Food",
        "latency": "198",
        "health": 84,
        "body": [
          {
            "x": 0,
            "y": 3
          },
          {
            "x": 1,
            "y": 3
          },
          {
            "x": 2,
            "y": 3
          },
          {
            "x": 2,
            "y": 2
          },
          {
            "x": 1,
            "y": 2
          }
        ],
        "head": {
          "x": 0,
          "y": 3
        },
        "length": 5,
        "shout": ""
      },
      {
        "id": "gs_KxvKCCrpTwpFwS4pR6BTPmD6",
        "name": "Jormungand 0.1.0",
        "latency": "50",
        "health": 77,
        "body": [
          {
            "x": 8,
            "y": 9
          },
          {
            "x": 8,
            "y": 8
          },
          {
            "x": 8,
            "y": 7
          }
        ],
        "head": {
          "x": 8,
          "y": 9
        },
        "length": 3,
        "shout": "I am moving up!"
      }
    ],
    "food": [
      {
        "x": 4,
        "y": 9
      },
      {
        "x": 6,
        "y": 10
      },
      {
        "x": 8,
        "y": 2
      },
      {
        "x": 4,
        "y": 10
      }
    ],
    "you": {
      "id": "gs_KxvKCCrpTwpFwS4pR6BTPmD6",
      "name": "Jormungand 0.1.0",
      "latency": "50",
      "health": 77,
      "body": [
        {
          "x": 8,
          "y": 9
        },
        {
          "x": 8,
          "y": 8
        },
        {
          "x": 8,
          "y": 7
        }
      ],
      "head": {
        "x": 8,
        "y": 9
      },
      "length": 3,
      "shout": "I am moving up!"
    },
    "snakeId": "gs_KxvKCCrpTwpFwS4pR6BTPmD6",
    "name": "Jormungand 0.1.0",
    "latency": "50",
    "health": 77,
    "body": [
      {
        "x": 8,
        "y": 9
      },
      {
        "x": 8,
        "y": 8
      },
      {
        "x": 8,
        "y": 7
      }
    ],
    "head": {
      "x": 8,
      "y": 9
    },
    "length": 3,
    "shout": "I am moving up!"
  },
  {
    "gameId": "0a35fc2c-8e46-472a-991e-6ce0d08cb37a",
    "ruleset": {
      "name": "royale",
      "version": "v1.0.17"
    },
    "timeout": 600,
    "turn": 24,
    "width": 11,
    "height": 11,
    "snakes": [
      {
        "id": "gs_VkJMp9t6qbDt888tFgBfrC88",
        "name": "Hunger Snek",
        "latency": "185",
        "health": 86,
        "body": [
          {
            "x": 9,
            "y": 9
          },
          {
            "x": 10,
            "y": 9
          },
          {
            "x": 10,
            "y": 8
          },
          {
            "x": 10,
            "y": 7
          },
          {
            "x": 10,
            "y": 6
          }
        ],
        "head": {
          "x": 9,
          "y": 9
        },
        "length": 5,
        "shout": ""
      },
      {
        "id": "gs_jpSHCfWbhRc7g4rqYgw6h38B",
        "name": "Living Knot",
        "latency": "210",
        "health": 95,
        "body": [
          {
            "x": 7,
            "y": 9
          },
          {
            "x": 7,
            "y": 8
          },
          {
            "x": 6,
            "y": 8
          },
          {
            "x": 5,
            "y": 8
          },
          {
            "x": 5,
            "y": 9
          },
          {
            "x": 6,
            "y": 9
          }
        ],
        "head": {
          "x": 7,
          "y": 9
        },
        "length": 6,
        "shout": ""
      },
      {
        "id": "gs_bQwG4rxg4XBRfdTJQpFb86XJ",
        "name": "Rando>75Food",
        "latency": "207",
        "health": 83,
        "body": [
          {
            "x": 0,
            "y": 4
          },
          {
            "x": 0,
            "y": 3
          },
          {
            "x": 1,
            "y": 3
          },
          {
            "x": 2,
            "y": 3
          },
          {
            "x": 2,
            "y": 2
          }
        ],
        "head": {
          "x": 0,
          "y": 4
        },
        "length": 5,
        "shout": ""
      },
      {
        "id": "gs_KxvKCCrpTwpFwS4pR6BTPmD6",
        "name": "Jormungand 0.1.0",
        "latency": "50",
        "health": 76,
        "body": [
          {
            "x": 8,
            "y": 10
          },
          {
            "x": 8,
            "y": 9
          },
          {
            "x": 8,
            "y": 8
          }
        ],
        "head": {
          "x": 8,
          "y": 10
        },
        "length": 3,
        "shout": "I am moving up!"
      }
    ],
    "food": [
      {
        "x": 4,
        "y": 9
      },
      {
        "x": 6,
        "y": 10
      },
      {
        "x": 8,
        "y": 2
      },
      {
        "x": 4,
        "y": 10
      }
    ],
    "you": {
      "id": "gs_KxvKCCrpTwpFwS4pR6BTPmD6",
      "name": "Jormungand 0.1.0",
      "latency": "50",
      "health": 76,
      "body": [
        {
          "x": 8,
          "y": 10
        },
        {
          "x": 8,
          "y": 9
        },
        {
          "x": 8,
          "y": 8
        }
      ],
      "head": {
        "x": 8,
        "y": 10
      },
      "length": 3,
      "shout": "I am moving up!"
    },
    "snakeId": "gs_KxvKCCrpTwpFwS4pR6BTPmD6",
    "name": "Jormungand 0.1.0",
    "latency": "50",
    "health": 76,
    "body": [
      {
        "x": 8,
        "y": 10
      },
      {
        "x": 8,
        "y": 9
      },
      {
        "x": 8,
        "y": 8
      }
    ],
    "head": {
      "x": 8,
      "y": 10
    },
    "length": 3,
    "shout": "I am moving up!"
  }
]