{
  "state": {
    "gameId": "0ff63d94-94f8-468d-b9b5-b22180d01519",
    "ruleset": {
      "name": "royale",
      "version": "v1.0.17"
    },
    "timeout": 600,
    "turn": 10,
    "width": 11,
    "height": 11,
    "snakes": [
      {
        "id": "gs_Rm4k3PYMGdjDcFjxFQdRkc6C",
        "name": "Jormungand 0.1.0",
        "latency": "50",
        "health": 90,
        "body": [
          {
            "x": 2,
            "y": 10
          },
          {
            "x": 3,
            "y": 10
          },
          {
            "x": 3,
            "y": 9
          }
        ],
        "head": {
          "x": 2,
          "y": 10
        },
        "length": 3,
        "shout": "I am moving up!"
      }
    ],
    "food": [
      {
        "x": 6,
        "y": 0
      },
      {
        "x": 8,
        "y": 10
      },
      {
        "x": 0,
        "y": 8
      },
      {
        "x": 7,
        "y": 1
      },
      {
        "x": 9,
        "y": 9
      }
    ],
    "you": {
      "id": "gs_Rm4k3PYMGdjDcFjxFQdRkc6C",
      "name": "Jormungand 0.1.0",
      "latency": "50",
      "health": 90,
      "body": [
        {
          "x": 2,
          "y": 10
        },
        {
          "x": 3,
          "y": 10
        },
        {
          "x": 3,
          "y": 9
        }
      ],
      "head": {
        "x": 2,
        "y": 10
      },
      "length": 3,
      "shout": "I am moving up!"
    },
    "snakeId": "gs_Rm4k3PYMGdjDcFjxFQdRkc6C",
    "name": "Jormungand 0.1.0",
    "latency": "50",
    "health": 90,
    "body": [
      {
        "x": 2,
        "y": 10
      },
      {
        "x": 3,
        "y": 10
      },
      {
        "x": 3,
        "y": 9
      }
    ],
    "head": {
      "x": 2,
      "y": 10
    },
    "length": 3,
    "shout": "I am moving up!"
  },
  "game": {
    "states": [
      {
        "gameId": "0ff63d94-94f8-468d-b9b5-b22180d01519",
        "ruleset": {
          "name": "royale",
          "version": "v1.0.17"
        },
        "timeout": 600,
        "turn": 0,
        "width": 11,
        "height": 11,
        "snakes": [
          {
            "id": "gs_JTTchcX7SvXFFyr8c84C39W3",
            "name": "Sepris-ng",
            "latency": "",
            "health": 100,
            "body": [
              {
                "x": 5,
                "y": 1
              },
              {
                "x": 5,
                "y": 1
              },
              {
                "x": 5,
                "y": 1
              }
            ],
            "head": {
              "x": 5,
              "y": 1
            },
            "length": 3,
            "shout": ""
          },
          {
            "id": "gs_Rm4k3PYMGdjDcFjxFQdRkc6C",
            "name": "Jormungand 0.1.0",
            "latency": "",
            "health": 100,
            "body": [
              {
                "x": 5,
                "y": 9
              },
              {
                "x": 5,
                "y": 9
              },
              {
                "x": 5,
                "y": 9
              }
            ],
            "head": {
              "x": 5,
              "y": 9
            },
            "length": 3,
            "shout": ""
          },
          {
            "id": "gs_qQ3vHttMpvFgjvSd9vtDXcRd",
            "name": "Jerry",
            "latency": "",
            "health": 100,
            "body": [
              {
                "x": 9,
                "y": 9
              },
              {
                "x": 9,
                "y": 9
              },
              {
                "x": 9,
                "y": 9
              }
            ],
            "head": {
              "x": 9,
              "y": 9
            },
            "length": 3,
            "shout": ""
          },
          {
            "id": "gs_fhtQFTWyhDKvdvh93VqctywS",
            "name": "Morley",
            "latency": "",
            "health": 100,
            "body": [
              {
                "x": 1,
                "y": 9
              },
              {
                "x": 1,
                "y": 9
              },
              {
                "x": 1,
                "y": 9
              }
            ],
            "head": {
              "x": 1,
              "y": 9
            },
            "length": 3,
            "shout": ""
          }
        ],
        "food": [
          {
            "x": 6,
            "y": 0
          },
          {
            "x": 4,
            "y": 10
          },
          {
            "x": 8,
            "y": 10
          },
          {
            "x": 0,
            "y": 8
          },
          {
            "x": 5,
            "y": 5
          }
        ],
        "you": {
          "id": "gs_Rm4k3PYMGdjDcFjxFQdRkc6C",
          "name": "Jormungand 0.1.0",
          "latency": "",
          "health": 100,
          "body": [
            {
              "x": 5,
              "y": 9
            },
            {
              "x": 5,
              "y": 9
            },
            {
              "x": 5,
              "y": 9
            }
          ],
          "head": {
            "x": 5,
            "y": 9
          },
          "length": 3,
          "shout": ""
        },
        "snakeId": "gs_Rm4k3PYMGdjDcFjxFQdRkc6C",
        "name": "Jormungand 0.1.0",
        "latency": "",
        "health": 100,
        "body": [
          {
            "x": 5,
            "y": 9
          },
          {
            "x": 5,
            "y": 9
          },
          {
            "x": 5,
            "y": 9
          }
        ],
        "head": {
          "x": 5,
          "y": 9
        },
        "length": 3,
        "shout": ""
      },
      {
        "gameId": "0ff63d94-94f8-468d-b9b5-b22180d01519",
        "ruleset": {
          "name": "royale",
          "version": "v1.0.17"
        },
        "timeout": 600,
        "turn": 0,
        "width": 11,
        "height": 11,
        "snakes": [
          {
            "id": "gs_JTTchcX7SvXFFyr8c84C39W3",
            "name": "Sepris-ng",
            "latency": "",
            "health": 100,
            "body": [
              {
                "x": 5,
                "y": 1
              },
              {
                "x": 5,
                "y": 1
              },
              {
                "x": 5,
                "y": 1
              }
            ],
            "head": {
              "x": 5,
              "y": 1
            },
            "length": 3,
            "shout": ""
          },
          {
            "id": "gs_Rm4k3PYMGdjDcFjxFQdRkc6C",
            "name": "Jormungand 0.1.0",
            "latency": "",
            "health": 100,
            "body": [
              {
                "x": 5,
                "y": 9
              },
              {
                "x": 5,
                "y": 9
              },
              {
                "x": 5,
                "y": 9
              }
            ],
            "head": {
              "x": 5,
              "y": 9
            },
            "length": 3,
            "shout": ""
          },
          {
            "id": "gs_qQ3vHttMpvFgjvSd9vtDXcRd",
            "name": "Jerry",
            "latency": "",
            "health": 100,
            "body": [
              {
                "x": 9,
                "y": 9
              },
              {
                "x": 9,
                "y": 9
              },
              {
                "x": 9,
                "y": 9
              }
            ],
            "head": {
              "x": 9,
              "y": 9
            },
            "length": 3,
            "shout": ""
          },
          {
            "id": "gs_fhtQFTWyhDKvdvh93VqctywS",
            "name": "Morley",
            "latency": "",
            "health": 100,
            "body": [
              {
                "x": 1,
                "y": 9
              },
              {
                "x": 1,
                "y": 9
              },
              {
                "x": 1,
                "y": 9
              }
            ],
            "head": {
              "x": 1,
              "y": 9
            },
            "length": 3,
            "shout": ""
          }
        ],
        "food": [
          {
            "x": 6,
            "y": 0
          },
          {
            "x": 4,
            "y": 10
          },
          {
            "x": 8,
            "y": 10
          },
          {
            "x": 0,
            "y": 8
          },
          {
            "x": 5,
            "y": 5
          }
        ],
        "you": {
          "id": "gs_Rm4k3PYMGdjDcFjxFQdRkc6C",
          "name": "Jormungand 0.1.0",
          "latency": "",
          "health": 100,
          "body": [
            {
              "x": 5,
              "y": 9
            },
            {
              "x": 5,
              "y": 9
            },
            {
              "x": 5,
              "y": 9
            }
          ],
          "head": {
            "x": 5,
            "y": 9
          },
          "length": 3,
          "shout": ""
        },
        "snakeId": "gs_Rm4k3PYMGdjDcFjxFQdRkc6C",
        "name": "Jormungand 0.1.0",
        "latency": "",
        "health": 100,
        "body": [
          {
            "x": 5,
            "y": 9
          },
          {
            "x": 5,
            "y": 9
          },
          {
            "x": 5,
            "y": 9
          }
        ],
        "head": {
          "x": 5,
          "y": 9
        },
        "length": 3,
        "shout": ""
      },
      {
        "gameId": "0ff63d94-94f8-468d-b9b5-b22180d01519",
        "ruleset": {
          "name": "royale",
          "version": "v1.0.17"
        },
        "timeout": 600,
        "turn": 1,
        "width": 11,
        "height": 11,
        "snakes": [
          {
            "id": "gs_JTTchcX7SvXFFyr8c84C39W3",
            "name": "Sepris-ng",
            "latency": "0",
            "health": 99,
            "body": [
              {
                "x": 5,
                "y": 2
              },
              {
                "x": 5,
                "y": 1
              },
              {
                "x": 5,
                "y": 1
              }
            ],
            "head": {
              "x": 5,
              "y": 2
            },
            "length": 3,
            "shout": ""
          },
          {
            "id": "gs_Rm4k3PYMGdjDcFjxFQdRkc6C",
            "name": "Jormungand 0.1.0",
            "latency": "148",
            "health": 99,
            "body": [
              {
                "x": 5,
                "y": 8
              },
              {
                "x": 5,
                "y": 9
              },
              {
                "x": 5,
                "y": 9
              }
            ],
            "head": {
              "x": 5,
              "y": 8
            },
            "length": 3,
            "shout": "I am moving up!"
          },
          {
            "id": "gs_qQ3vHttMpvFgjvSd9vtDXcRd",
            "name": "Jerry",
            "latency": "302",
            "health": 99,
            "body": [
              {
                "x": 8,
                "y": 9
              },
              {
                "x": 9,
                "y": 9
              },
              {
                "x": 9,
                "y": 9
              }
            ],
            "head": {
              "x": 8,
              "y": 9
            },
            "length": 3,
            "shout": ""
          },
          {
            "id": "gs_fhtQFTWyhDKvdvh93VqctywS",
            "name": "Morley",
            "latency": "235",
            "health": 99,
            "body": [
              {
                "x": 0,
                "y": 9
              },
              {
                "x": 1,
                "y": 9
              },
              {
                "x": 1,
                "y": 9
              }
            ],
            "head": {
              "x": 0,
              "y": 9
            },
            "length": 3,
            "shout": ""
          }
        ],
        "food": [
          {
            "x": 6,
            "y": 0
          },
          {
            "x": 4,
            "y": 10
          },
          {
            "x": 8,
            "y": 10
          },
          {
            "x": 0,
            "y": 8
          },
          {
            "x": 5,
            "y": 5
          }
        ],
        "you": {
          "id": "gs_Rm4k3PYMGdjDcFjxFQdRkc6C",
          "name": "Jormungand 0.1.0",
          "latency": "148",
          "health": 99,
          "body": [
            {
              "x": 5,
              "y": 8
            },
            {
              "x": 5,
              "y": 9
            },
            {
              "x": 5,
              "y": 9
            }
          ],
          "head": {
            "x": 5,
            "y": 8
          },
          "length": 3,
          "shout": "I am moving up!"
        },
        "snakeId": "gs_Rm4k3PYMGdjDcFjxFQdRkc6C",
        "name": "Jormungand 0.1.0",
        "latency": "148",
        "health": 99,
        "body": [
          {
            "x": 5,
            "y": 8
          },
          {
            "x": 5,
            "y": 9
          },
          {
            "x": 5,
            "y": 9
          }
        ],
        "head": {
          "x": 5,
          "y": 8
        },
        "length": 3,
        "shout": "I am moving up!"
      },
      {
        "gameId": "0ff63d94-94f8-468d-b9b5-b22180d01519",
        "ruleset": {
          "name": "royale",
          "version": "v1.0.17"
        },
        "timeout": 600,
        "turn": 2,
        "width": 11,
        "height": 11,
        "snakes": [
          {
            "id": "gs_JTTchcX7SvXFFyr8c84C39W3",
            "name": "Sepris-ng",
            "latency": "0",
            "health": 98,
            "body": [
              {
                "x": 5,
                "y": 3
              },
              {
                "x": 5,
                "y": 2
              },
              {
                "x": 5,
                "y": 1
              }
            ],
            "head": {
              "x": 5,
              "y": 3
            },
            "length": 3,
            "shout": ""
          },
          {
            "id": "gs_Rm4k3PYMGdjDcFjxFQdRkc6C",
            "name": "Jormungand 0.1.0",
            "latency": "50",
            "health": 98,
            "body": [
              {
                "x": 4,
                "y": 8
              },
              {
                "x": 5,
                "y": 8
              },
              {
                "x": 5,
                "y": 9
              }
            ],
            "head": {
              "x": 4,
              "y": 8
            },
            "length": 3,
            "shout": "I am moving up!"
          },
          {
            "id": "gs_qQ3vHttMpvFgjvSd9vtDXcRd",
            "name": "Jerry",
            "latency": "232",
            "health": 98,
            "body": [
              {
                "x": 7,
                "y": 9
              },
              {
                "x": 8,
                "y": 9
              },
              {
                "x": 9,
                "y": 9
              }
            ],
            "head": {
              "x": 7,
              "y": 9
            },
            "length": 3,
            "shout": ""
          },
          {
            "id": "gs_fhtQFTWyhDKvdvh93VqctywS",
            "name": "Morley",
            "latency": "76",
            "health": 98,
            "body": [
              {
                "x": 0,
                "y": 10
              },
              {
                "x": 0,
                "y": 9
              },
              {
                "x": 1,
                "y": 9
              }
            ],
            "head": {
              "x": 0,
              "y": 10
            },
            "length": 3,
            "shout": ""
          }
        ],
        "food": [
          {
            "x": 6,
            "y": 0
          },
          {
            "x": 4,
            "y": 10
          },
          {
            "x": 8,
            "y": 10
          },
          {
            "x": 0,
            "y": 8
          },
          {
            "x": 5,
            "y": 5
          }
        ],
        "you": {
          "id": "gs_Rm4k3PYMGdjDcFjxFQdRkc6C",
          "name": "Jormungand 0.1.0",
          "latency": "50",
          "health": 98,
          "body": [
            {
              "x": 4,
              "y": 8
            },
            {
              "x": 5,
              "y": 8
            },
            {
              "x": 5,
              "y": 9
            }
          ],
          "head": {
            "x": 4,
            "y": 8
          },
          "length": 3,
          "shout": "I am moving up!"
        },
        "snakeId": "gs_Rm4k3PYMGdjDcFjxFQdRkc6C",
        "name": "Jormungand 0.1.0",
        "latency": "50",
        "health": 98,
        "body": [
          {
            "x": 4,
            "y": 8
          },
          {
            "x": 5,
            "y": 8
          },
          {
            "x": 5,
            "y": 9
          }
        ],
        "head": {
          "x": 4,
          "y": 8
        },
        "length": 3,
        "shout": "I am moving up!"
      },
      {
        "gameId": "0ff63d94-94f8-468d-b9b5-b22180d01519",
        "ruleset": {
          "name": "royale",
          "version": "v1.0.17"
        },
        "timeout": 600,
        "turn": 3,
        "width": 11,
        "height": 11,
        "snakes": [
          {
            "id": "gs_JTTchcX7SvXFFyr8c84C39W3",
            "name": "Sepris-ng",
            "latency": "0",
            "health": 97,
            "body": [
              {
                "x": 5,
                "y": 4
              },
              {
                "x": 5,
                "y": 3
              },
              {
                "x": 5,
                "y": 2
              }
            ],
            "head": {
              "x": 5,
              "y": 4
            },
            "length": 3,
            "shout": ""
          },
          {
            "id": "gs_Rm4k3PYMGdjDcFjxFQdRkc6C",
            "name": "Jormungand 0.1.0",
            "latency": "50",
            "health": 97,
            "body": [
              {
                "x": 4,
                "y": 9
              },
              {
                "x": 4,
                "y": 8
              },
              {
                "x": 5,
                "y": 8
              }
            ],
            "head": {
              "x": 4,
              "y": 9
            },
            "length": 3,
            "shout": "I am moving up!"
          },
          {
            "id": "gs_qQ3vHttMpvFgjvSd9vtDXcRd",
            "name": "Jerry",
            "latency": "219",
            "health": 97,
            "body": [
              {
                "x": 6,
                "y": 9
              },
              {
                "x": 7,
                "y": 9
              },
              {
                "x": 8,
                "y": 9
              }
            ],
            "head": {
              "x": 6,
              "y": 9
            },
            "length": 3,
            "shout": ""
          },
          {
            "id": "gs_fhtQFTWyhDKvdvh93VqctywS",
            "name": "Morley",
            "latency": "75",
            "health": 97,
            "body": [
              {
                "x": 1,
                "y": 10
              },
              {
                "x": 0,
                "y": 10
              },
              {
                "x": 0,
                "y": 9
              }
            ],
            "head": {
              "x": 1,
              "y": 10
            },
            "length": 3,
            "shout": ""
          }
        ],
        "food": [
          {
            "x": 6,
            "y": 0
          },
          {
            "x": 4,
            "y": 10
          },
          {
            "x": 8,
            "y": 10
          },
          {
            "x": 0,
            "y": 8
          },
          {
            "x": 5,
            "y": 5
          },
          {
            "x": 7,
            "y": 1
          }
        ],
        "you": {
          "id": "gs_Rm4k3PYMGdjDcFjxFQdRkc6C",
          "name": "Jormungand 0.1.0",
          "latency": "50",
          "health": 97,
          "body": [
            {
              "x": 4,
              "y": 9
            },
            {
              "x": 4,
              "y": 8
            },
            {
              "x": 5,
              "y": 8
            }
          ],
          "head": {
            "x": 4,
            "y": 9
          },
          "length": 3,
          "shout": "I am moving up!"
        },
        "snakeId": "gs_Rm4k3PYMGdjDcFjxFQdRkc6C",
        "name": "Jormungand 0.1.0",
        "latency": "50",
        "health": 97,
        "body": [
          {
            "x": 4,
            "y": 9
          },
          {
            "x": 4,
            "y": 8
          },
          {
            "x": 5,
            "y": 8
          }
        ],
        "head": {
          "x": 4,
          "y": 9
        },
        "length": 3,
        "shout": "I am moving up!"
      },
      {
        "gameId": "0ff63d94-94f8-468d-b9b5-b22180d01519",
        "ruleset": {
          "name": "royale",
          "version": "v1.0.17"
        },
        "timeout": 600,
        "turn": 4,
        "width": 11,
        "height": 11,
        "snakes": [
          {
            "id": "gs_JTTchcX7SvXFFyr8c84C39W3",
            "name": "Sepris-ng",
            "latency": "0",
            "health": 100,
            "body": [
              {
                "x": 5,
                "y": 5
              },
              {
                "x": 5,
                "y": 4
              },
              {
                "x": 5,
                "y": 3
              },
              {
                "x": 5,
                "y": 3
              }
            ],
            "head": {
              "x": 5,
              "y": 5
            },
            "length": 4,
            "shout": ""
          },
          {
            "id": "gs_Rm4k3PYMGdjDcFjxFQdRkc6C",
            "name": "Jormungand 0.1.0",
            "latency": "50",
            "health": 96,
            "body": [
              {
                "x": 3,
                "y": 9
              },
              {
                "x": 4,
                "y": 9
              },
              {
                "x": 4,
                "y": 8
              }
            ],
            "head": {
              "x": 3,
              "y": 9
            },
            "length": 3,
            "shout": "I am moving up!"
          },
          {
            "id": "gs_qQ3vHttMpvFgjvSd9vtDXcRd",
            "name": "Jerry",
            "latency": "220",
            "health": 96,
            "body": [
              {
                "x": 5,
                "y": 9
              },
              {
                "x": 6,
                "y": 9
              },
              {
                "x": 7,
                "y": 9
              }
            ],
            "head": {
              "x": 5,
              "y": 9
            },
            "length": 3,
            "shout": ""
          },
          {
            "id": "gs_fhtQFTWyhDKvdvh93VqctywS",
            "name": "Morley",
            "latency": "77",
            "health": 96,
            "body": [
              {
                "x": 2,
                "y": 10
              },
              {
                "x": 1,
                "y": 10
              },
              {
                "x": 0,
                "y": 10
              }
            ],
            "head": {
              "x": 2,
              "y": 10
            },
            "length": 3,
            "shout": ""
          }
        ],
        "food": [
          {
            "x": 6,
            "y": 0
          },
          {
            "x": 4,
            "y": 10
          },
          {
            "x": 8,
            "y": 10
          },
          {
            "x": 0,
            "y": 8
          },
          {
            "x": 7,
            "y": 1
          }
        ],
        "you": {
          "id": "gs_Rm4k3PYMGdjDcFjxFQdRkc6C",
          "name": "Jormungand 0.1.0",
          "latency": "50",
          "health": 96,
          "body": [
            {
              "x": 3,
              "y": 9
            },
            {
              "x": 4,
              "y": 9
            },
            {
              "x": 4,
              "y": 8
            }
          ],
          "head": {
            "x": 3,
            "y": 9
          },
          "length": 3,
          "shout": "I am moving up!"
        },
        "snakeId": "gs_Rm4k3PYMGdjDcFjxFQdRkc6C",
        "name": "Jormungand 0.1.0",
        "latency": "50",
        "health": 96,
        "body": [
          {
            "x": 3,
            "y": 9
          },
          {
            "x": 4,
            "y": 9
          },
          {
            "x": 4,
            "y": 8
          }
        ],
        "head": {
          "x": 3,
          "y": 9
        },
        "length": 3,
        "shout": "I am moving up!"
      },
      {
        "gameId": "0ff63d94-94f8-468d-b9b5-b22180d01519",
        "ruleset": {
          "name": "royale",
          "version": "v1.0.17"
        },
        "timeout": 600,
        "turn": 5,
        "width": 11,
        "height": 11,
        "snakes": [
          {
            "id": "gs_JTTchcX7SvXFFyr8c84C39W3",
            "name": "Sepris-ng",
            "latency": "0",
            "health": 99,
            "body": [
              {
                "x": 5,
                "y": 6
              },
              {
                "x": 5,
                "y": 5
              },
              {
                "x": 5,
                "y": 4
              },
              {
                "x": 5,
                "y": 3
              }
            ],
            "head": {
              "x": 5,
              "y": 6
            },
            "length": 4,
            "shout": ""
          },
          {
            "id": "gs_Rm4k3PYMGdjDcFjxFQdRkc6C",
            "name": "Jormungand 0.1.0",
            "latency": "49",
            "health": 95,
            "body": [
              {
                "x": 3,
                "y": 8
              },
              {
                "x": 3,
                "y": 9
              },
              {
                "x": 4,
                "y": 9
              }
            ],
            "head": {
              "x": 3,
              "y": 8
            },
            "length": 3,
            "shout": "I am moving up!"
          },
          {
            "id": "gs_qQ3vHttMpvFgjvSd9vtDXcRd",
            "name": "Jerry",
            "latency": "224",
            "health": 95,
            "body": [
              {
                "x": 5,
                "y": 10
              },
              {
                "x": 5,
                "y": 9
              },
              {
                "x": 6,
                "y": 9
              }
            ],
            "head": {
              "x": 5,
              "y": 10
            },
            "length": 3,
            "shout": ""
          },
          {
            "id": "gs_fhtQFTWyhDKvdvh93VqctywS",
            "name": "Morley",
            "latency": "76",
            "health": 95,
            "body": [
              {
                "x": 3,
                "y": 10
              },
              {
                "x": 2,
                "y": 10
              },
              {
                "x": 1,
                "y": 10
              }
            ],
            "head": {
              "x": 3,
              "y": 10
            },
            "length": 3,
            "shout": ""
          }
        ],
        "food": [
          {
            "x": 6,
            "y": 0
          },
          {
            "x": 4,
            "y": 10
          },
          {
            "x": 8,
            "y": 10
          },
          {
            "x": 0,
            "y": 8
          },
          {
            "x": 7,
            "y": 1
          }
        ],
        "you": {
          "id": "gs_Rm4k3PYMGdjDcFjxFQdRkc6C",
          "name": "Jormungand 0.1.0",
          "latency": "49",
          "health": 95,
          "body": [
            {
              "x": 3,
              "y": 8
            },
            {
              "x": 3,
              "y": 9
            },
            {
              "x": 4,
              "y": 9
            }
          ],
          "head": {
            "x": 3,
            "y": 8
          },
          "length": 3,
          "shout": "I am moving up!"
        },
        "snakeId": "gs_Rm4k3PYMGdjDcFjxFQdRkc6C",
        "name": "Jormungand 0.1.0",
        "latency": "49",
        "health": 95,
        "body": [
          {
            "x": 3,
            "y": 8
          },
          {
            "x": 3,
            "y": 9
          },
          {
            "x": 4,
            "y": 9
          }
        ],
        "head": {
          "x": 3,
          "y": 8
        },
        "length": 3,
        "shout": "I am moving up!"
      },
      {
        "gameId": "0ff63d94-94f8-468d-b9b5-b22180d01519",
        "ruleset": {
          "name": "royale",
          "version": "v1.0.17"
        },
        "timeout": 600,
        "turn": 6,
        "width": 11,
        "height": 11,
        "snakes": [
          {
            "id": "gs_JTTchcX7SvXFFyr8c84C39W3",
            "name": "Sepris-ng",
            "latency": "0",
            "health": 98,
            "body": [
              {
                "x": 5,
                "y": 7
              },
              {
                "x": 5,
                "y": 6
              },
              {
                "x": 5,
                "y": 5
              },
              {
                "x": 5,
                "y": 4
              }
            ],
            "head": {
              "x": 5,
              "y": 7
            },
            "length": 4,
            "shout": ""
          },
          {
            "id": "gs_Rm4k3PYMGdjDcFjxFQdRkc6C",
            "name": "Jormungand 0.1.0",
            "latency": "49",
            "health": 94,
            "body": [
              {
                "x": 4,
                "y": 8
              },
              {
                "x": 3,
                "y": 8
              },
              {
                "x": 3,
                "y": 9
              }
            ],
            "head": {
              "x": 4,
              "y": 8
            },
            "length": 3,
            "shout": "I am moving up!"
          }
        ],
        "food": [
          {
            "x": 6,
            "y": 0
          },
          {
            "x": 8,
            "y": 10
          },
          {
            "x": 0,
            "y": 8
          },
          {
            "x": 7,
            "y": 1
          }
        ],
        "you": {
          "id": "gs_Rm4k3PYMGdjDcFjxFQdRkc6C",
          "name": "Jormungand 0.1.0",
          "latency": "49",
          "health": 94,
          "body": [
            {
              "x": 4,
              "y": 8
            },
            {
              "x": 3,
              "y": 8
            },
            {
              "x": 3,
              "y": 9
            }
          ],
          "head": {
            "x": 4,
            "y": 8
          },
          "length": 3,
          "shout": "I am moving up!"
        },
        "snakeId": "gs_Rm4k3PYMGdjDcFjxFQdRkc6C",
        "name": "Jormungand 0.1.0",
        "latency": "49",
        "health": 94,
        "body": [
          {
            "x": 4,
            "y": 8
          },
          {
            "x": 3,
            "y": 8
          },
          {
            "x": 3,
            "y": 9
          }
        ],
        "head": {
          "x": 4,
          "y": 8
        },
        "length": 3,
        "shout": "I am moving up!"
      },
      {
        "gameId": "0ff63d94-94f8-468d-b9b5-b22180d01519",
        "ruleset": {
          "name": "royale",
          "version": "v1.0.17"
        },
        "timeout": 600,
        "turn": 7,
        "width": 11,
        "height": 11,
        "snakes": [
          {
            "id": "gs_JTTchcX7SvXFFyr8c84C39W3",
            "name": "Sepris-ng",
            "latency": "0",
            "health": 97,
            "body": [
              {
                "x": 5,
                "y": 8
              },
              {
                "x": 5,
                "y": 7
              },
              {
                "x": 5,
                "y": 6
              },
              {
                "x": 5,
                "y": 5
              }
            ],
            "head": {
              "x": 5,
              "y": 8
            },
            "length": 4,
            "shout": ""
          },
          {
            "id": "gs_Rm4k3PYMGdjDcFjxFQdRkc6C",
            "name": "Jormungand 0.1.0",
            "latency": "49",
            "health": 93,
            "body": [
              {
                "x": 4,
                "y": 9
              },
              {
                "x": 4,
                "y": 8
              },
              {
                "x": 3,
                "y": 8
              }
            ],
            "head": {
              "x": 4,
              "y": 9
            },
            "length": 3,
            "shout": "I am moving up!"
          }
        ],
        "food": [
          {
            "x": 6,
            "y": 0
          },
          {
            "x": 8,
            "y": 10
          },
          {
            "x": 0,
            "y": 8
          },
          {
            "x": 7,
            "y": 1
          }
        ],
        "you": {
          "id": "gs_Rm4k3PYMGdjDcFjxFQdRkc6C",
          "name": "Jormungand 0.1.0",
          "latency": "49",
          "health": 93,
          "body": [
            {
              "x": 4,
              "y": 9
            },
            {
              "x": 4,
              "y": 8
            },
            {
              "x": 3,
              "y": 8
            }
          ],
          "head": {
            "x": 4,
            "y": 9
          },
          "length": 3,
          "shout": "I am moving up!"
        },
        "snakeId": "gs_Rm4k3PYMGdjDcFjxFQdRkc6C",
        "name": "Jormungand 0.1.0",
        "latency": "49",
        "health": 93,
        "body": [
          {
            "x": 4,
            "y": 9
          },
          {
            "x": 4,
            "y": 8
          },
          {
            "x": 3,
            "y": 8
          }
        ],
        "head": {
          "x": 4,
          "y": 9
        },
        "length": 3,
        "shout": "I am moving up!"
      },
      {
        "gameId": "0ff63d94-94f8-468d-b9b5-b22180d01519",
        "ruleset": {
          "name": "royale",
          "version": "v1.0.17"
        },
        "timeout": 600,
        "turn": 8,
        "width": 11,
        "height": 11,
        "snakes": [
          {
            "id": "gs_JTTchcX7SvXFFyr8c84C39W3",
            "name": "Sepris-ng",
            "latency": "0",
            "health": 96,
            "body": [
              {
                "x": 5,
                "y": 9
              },
              {
                "x": 5,
                "y": 8
              },
              {
                "x": 5,
                "y": 7
              },
              {
                "x": 5,
                "y": 6
              }
            ],
            "head": {
              "x": 5,
              "y": 9
            },
            "length": 4,
            "shout": ""
          },
          {
            "id": "gs_Rm4k3PYMGdjDcFjxFQdRkc6C",
            "name": "Jormungand 0.1.0",
            "latency": "49",
            "health": 92,
            "body": [
              {
                "x": 3,
                "y": 9
              },
              {
                "x": 4,
                "y": 9
              },
              {
                "x": 4,
                "y": 8
              }
            ],
            "head": {
              "x": 3,
              "y": 9
            },
            "length": 3,
            "shout": "I am moving up!"
          }
        ],
        "food": [
          {
            "x": 6,
            "y": 0
          },
          {
            "x": 8,
            "y": 10
          },
          {
            "x": 0,
            "y": 8
          },
          {
            "x": 7,
            "y": 1
          }
        ],
        "you": {
          "id": "gs_Rm4k3PYMGdjDcFjxFQdRkc6C",
          "name": "Jormungand 0.1.0",
          "latency": "49",
          "health": 92,
          "body": [
            {
              "x": 3,
              "y": 9
            },
            {
              "x": 4,
              "y": 9
            },
            {
              "x": 4,
              "y": 8
            }
          ],
          "head": {
            "x": 3,
            "y": 9
          },
          "length": 3,
          "shout": "I am moving up!"
        },
        "snakeId": "gs_Rm4k3PYMGdjDcFjxFQdRkc6C",
        "name": "Jormungand 0.1.0",
        "latency": "49",
        "health": 92,
        "body": [
          {
            "x": 3,
            "y": 9
          },
          {
            "x": 4,
            "y": 9
          },
          {
            "x": 4,
            "y": 8
          }
        ],
        "head": {
          "x": 3,
          "y": 9
        },
        "length": 3,
        "shout": "I am moving up!"
      },
      {
        "gameId": "0ff63d94-94f8-468d-b9b5-b22180d01519",
        "ruleset": {
          "name": "royale",
          "version": "v1.0.17"
        },
        "timeout": 600,
        "turn": 9,
        "width": 11,
        "height": 11,
        "snakes": [
          {
            "id": "gs_JTTchcX7SvXFFyr8c84C39W3",
            "name": "Sepris-ng",
            "latency": "0",
            "health": 95,
            "body": [
              {
                "x": 5,
                "y": 10
              },
              {
                "x": 5,
                "y": 9
              },
              {
                "x": 5,
                "y": 8
              },
              {
                "x": 5,
                "y": 7
              }
            ],
            "head": {
              "x": 5,
              "y": 10
            },
            "length": 4,
            "shout": ""
          },
          {
            "id": "gs_Rm4k3PYMGdjDcFjxFQdRkc6C",
            "name": "Jormungand 0.1.0",
            "latency": "49",
            "health": 91,
            "body": [
              {
                "x": 3,
                "y": 10
              },
              {
                "x": 3,
                "y": 9
              },
              {
                "x": 4,
                "y": 9
              }
            ],
            "head": {
              "x": 3,
              "y": 10
            },
            "length": 3,
            "shout": "I am moving up!"
          }
        ],
        "food": [
          {
            "x": 6,
            "y": 0
          },
          {
            "x": 8,
            "y": 10
          },
          {
            "x": 0,
            "y": 8
          },
          {
            "x": 7,
            "y": 1
          },
          {
            "x": 9,
            "y": 9
          }
        ],
        "you": {
          "id": "gs_Rm4k3PYMGdjDcFjxFQdRkc6C",
          "name": "Jormungand 0.1.0",
          "latency": "49",
          "health": 91,
          "body": [
            {
              "x": 3,
              "y": 10
            },
            {
              "x": 3,
              "y": 9
            },
            {
              "x": 4,
              "y": 9
            }
          ],
          "head": {
            "x": 3,
            "y": 10
          },
          "length": 3,
          "shout": "I am moving up!"
        },
        "snakeId": "gs_Rm4k3PYMGdjDcFjxFQdRkc6C",
        "name": "Jormungand 0.1.0",
        "latency": "49",
        "health": 91,
        "body": [
          {
            "x": 3,
            "y": 10
          },
          {
            "x": 3,
            "y": 9
          },
          {
            "x": 4,
            "y": 9
          }
        ],
        "head": {
          "x": 3,
          "y": 10
        },
        "length": 3,
        "shout": "I am moving up!"
      }
    ],
    "bodies": [
      [
        {
          "x": 5,
          "y": 9
        },
        {
          "x": 5,
          "y": 9
        },
        {
          "x": 5,
          "y": 9
        }
      ],
      [
        {
          "x": 5,
          "y": 9
        },
        {
          "x": 5,
          "y": 9
        },
        {
          "x": 5,
          "y": 9
        }
      ],
      [
        {
          "x": 5,
          "y": 8
        },
        {
          "x": 5,
          "y": 9
        },
        {
          "x": 5,
          "y": 9
        }
      ],
      [
        {
          "x": 4,
          "y": 8
        },
        {
          "x": 5,
          "y": 8
        },
        {
          "x": 5,
          "y": 9
        }
      ],
      [
        {
          "x": 4,
          "y": 9
        },
        {
          "x": 4,
          "y": 8
        },
        {
          "x": 5,
          "y": 8
        }
      ],
      [
        {
          "x": 3,
          "y": 9
        },
        {
          "x": 4,
          "y": 9
        },
        {
          "x": 4,
          "y": 8
        }
      ],
      [
        {
          "x": 3,
          "y": 8
        },
        {
          "x": 3,
          "y": 9
        },
        {
          "x": 4,
          "y": 9
        }
      ],
      [
        {
          "x": 4,
          "y": 8
        },
        {
          "x": 3,
          "y": 8
        },
        {
          "x": 3,
          "y": 9
        }
      ],
      [
        {
          "x": 4,
          "y": 9
        },
        {
          "x": 4,
          "y": 8
        },
        {
          "x": 3,
          "y": 8
        }
      ],
      [
        {
          "x": 3,
          "y": 9
        },
        {
          "x": 4,
          "y": 9
        },
        {
          "x": 4,
          "y": 8
        }
      ],
      [
        {
          "x": 3,
          "y": 10
        },
        {
          "x": 3,
          "y": 9
        },
        {
          "x": 4,
          "y": 9
        }
      ]
    ],
    "moves": [
      "down",
      "left",
      "up",
      "left",
      "down",
      "right",
      "up",
      "left",
      "up",
      "left"
    ],
    "partitions": [
      {
        "index": 0,
        "size": 121,
        "cell": {}
      }
    ],
    "partitionsBySnakeId": {},
    "grid": [
      {
        "row": 0,
        "cells": [
          {
            "row": 0,
            "col": 0,
            "index": 0,
            "partition": 0,
            "edge": true,
            "neighbors": 3
          },
          {
            "row": 0,
            "col": 1,
            "index": 1,
            "partition": 0,
            "edge": true,
            "neighbors": 5
          },
          {
            "row": 0,
            "col": 2,
            "index": 2,
            "partition": 0,
            "edge": true,
            "neighbors": 5
          },
          {
            "row": 0,
            "col": 3,
            "index": 3,
            "partition": 0,
            "edge": true,
            "neighbors": 5
          },
          {
            "row": 0,
            "col": 4,
            "index": 4,
            "partition": 0,
            "edge": true,
            "neighbors": 5
          },
          {
            "row": 0,
            "col": 5,
            "index": 5,
            "partition": 0,
            "edge": true,
            "neighbors": 5
          },
          {
            "row": 0,
            "col": 6,
            "index": 6,
            "partition": 0,
            "edge": true,
            "neighbors": 5
          },
          {
            "row": 0,
            "col": 7,
            "index": 7,
            "partition": 0,
            "edge": true,
            "neighbors": 5
          },
          {
            "row": 0,
            "col": 8,
            "index": 8,
            "partition": 0,
            "edge": true,
            "neighbors": 5
          },
          {
            "row": 0,
            "col": 9,
            "index": 9,
            "partition": 0,
            "edge": true,
            "neighbors": 5
          },
          {
            "row": 0,
            "col": 10,
            "index": 10,
            "partition": 0,
            "edge": true,
            "neighbors": 3
          }
        ]
      },
      {
        "row": 1,
        "cells": [
          {
            "row": 1,
            "col": 0,
            "index": 11,
            "partition": 0,
            "edge": true,
            "neighbors": 5
          },
          {
            "row": 1,
            "col": 1,
            "index": 12,
            "partition": 0,
            "edge": false,
            "neighbors": 8
          },
          {
            "row": 1,
            "col": 2,
            "index": 13,
            "partition": 0,
            "edge": false,
            "neighbors": 8
          },
          {
            "row": 1,
            "col": 3,
            "index": 14,
            "partition": 0,
            "edge": false,
            "neighbors": 8
          },
          {
            "row": 1,
            "col": 4,
            "index": 15,
            "partition": 0,
            "edge": false,
            "neighbors": 8
          },
          {
            "row": 1,
            "col": 5,
            "index": 16,
            "partition": 0,
            "edge": false,
            "neighbors": 8
          },
          {
            "row": 1,
            "col": 6,
            "index": 17,
            "partition": 0,
            "edge": false,
            "neighbors": 8
          },
          {
            "row": 1,
            "col": 7,
            "index": 18,
            "partition": 0,
            "edge": false,
            "neighbors": 8
          },
          {
            "row": 1,
            "col": 8,
            "index": 19,
            "partition": 0,
            "edge": false,
            "neighbors": 8
          },
          {
            "row": 1,
            "col": 9,
            "index": 20,
            "partition": 0,
            "edge": false,
            "neighbors": 8
          },
          {
            "row": 1,
            "col": 10,
            "index": 21,
            "partition": 0,
            "edge": true,
            "neighbors": 5
          }
        ]
      },
      {
        "row": 2,
        "cells": [
          {
            "row": 2,
            "col": 0,
            "index": 22,
            "partition": 0,
            "edge": true,
            "neighbors": 5
          },
          {
            "row": 2,
            "col": 1,
            "index": 23,
            "partition": 0,
            "edge": false,
            "neighbors": 8
          },
          {
            "row": 2,
            "col": 2,
            "index": 24,
            "partition": 0,
            "edge": false,
            "neighbors": 8
          },
          {
            "row": 2,
            "col": 3,
            "index": 25,
            "partition": 0,
            "edge": false,
            "neighbors": 8
          },
          {
            "row": 2,
            "col": 4,
            "index": 26,
            "partition": 0,
            "edge": false,
            "neighbors": 8
          },
          {
            "row": 2,
            "col": 5,
            "index": 27,
            "partition": 0,
            "edge": false,
            "neighbors": 8
          },
          {
            "row": 2,
            "col": 6,
            "index": 28,
            "partition": 0,
            "edge": false,
            "neighbors": 8
          },
          {
            "row": 2,
            "col": 7,
            "index": 29,
            "partition": 0,
            "edge": false,
            "neighbors": 8
          },
          {
            "row": 2,
            "col": 8,
            "index": 30,
            "partition": 0,
            "edge": false,
            "neighbors": 8
          },
          {
            "row": 2,
            "col": 9,
            "index": 31,
            "partition": 0,
            "edge": false,
            "neighbors": 8
          },
          {
            "row": 2,
            "col": 10,
            "index": 32,
            "partition": 0,
            "edge": true,
            "neighbors": 5
          }
        ]
      },
      {
        "row": 3,
        "cells": [
          {
            "row": 3,
            "col": 0,
            "index": 33,
            "partition": 0,
            "edge": true,
            "neighbors": 5
          },
          {
            "row": 3,
            "col": 1,
            "index": 34,
            "partition": 0,
            "edge": false,
            "neighbors": 8
          },
          {
            "row": 3,
            "col": 2,
            "index": 35,
            "partition": 0,
            "edge": false,
            "neighbors": 8
          },
          {
            "row": 3,
            "col": 3,
            "index": 36,
            "partition": 0,
            "edge": false,
            "neighbors": 8
          },
          {
            "row": 3,
            "col": 4,
            "index": 37,
            "partition": 0,
            "edge": false,
            "neighbors": 8
          },
          {
            "row": 3,
            "col": 5,
            "index": 38,
            "partition": 0,
            "edge": false,
            "neighbors": 8
          },
          {
            "row": 3,
            "col": 6,
            "index": 39,
            "partition": 0,
            "edge": false,
            "neighbors": 8
          },
          {
            "row": 3,
            "col": 7,
            "index": 40,
            "partition": 0,
            "edge": false,
            "neighbors": 8
          },
          {
            "row": 3,
            "col": 8,
            "index": 41,
            "partition": 0,
            "edge": false,
            "neighbors": 8
          },
          {
            "row": 3,
            "col": 9,
            "index": 42,
            "partition": 0,
            "edge": false,
            "neighbors": 8
          },
          {
            "row": 3,
            "col": 10,
            "index": 43,
            "partition": 0,
            "edge": true,
            "neighbors": 5
          }
        ]
      },
      {
        "row": 4,
        "cells": [
          {
            "row": 4,
            "col": 0,
            "index": 44,
            "partition": 0,
            "edge": true,
            "neighbors": 5
          },
          {
            "row": 4,
            "col": 1,
            "index": 45,
            "partition": 0,
            "edge": false,
            "neighbors": 8
          },
          {
            "row": 4,
            "col": 2,
            "index": 46,
            "partition": 0,
            "edge": false,
            "neighbors": 8
          },
          {
            "row": 4,
            "col": 3,
            "index": 47,
            "partition": 0,
            "edge": false,
            "neighbors": 8
          },
          {
            "row": 4,
            "col": 4,
            "index": 48,
            "partition": 0,
            "edge": false,
            "neighbors": 8
          },
          {
            "row": 4,
            "col": 5,
            "index": 49,
            "partition": 0,
            "edge": false,
            "neighbors": 8
          },
          {
            "row": 4,
            "col": 6,
            "index": 50,
            "partition": 0,
            "edge": false,
            "neighbors": 8
          },
          {
            "row": 4,
            "col": 7,
            "index": 51,
            "partition": 0,
            "edge": false,
            "neighbors": 8
          },
          {
            "row": 4,
            "col": 8,
            "index": 52,
            "partition": 0,
            "edge": false,
            "neighbors": 8
          },
          {
            "row": 4,
            "col": 9,
            "index": 53,
            "partition": 0,
            "edge": false,
            "neighbors": 8
          },
          {
            "row": 4,
            "col": 10,
            "index": 54,
            "partition": 0,
            "edge": true,
            "neighbors": 5
          }
        ]
      },
      {
        "row": 5,
        "cells": [
          {
            "row": 5,
            "col": 0,
            "index": 55,
            "partition": 0,
            "edge": true,
            "neighbors": 5
          },
          {
            "row": 5,
            "col": 1,
            "index": 56,
            "partition": 0,
            "edge": false,
            "neighbors": 8
          },
          {
            "row": 5,
            "col": 2,
            "index": 57,
            "partition": 0,
            "edge": false,
            "neighbors": 8
          },
          {
            "row": 5,
            "col": 3,
            "index": 58,
            "partition": 0,
            "edge": false,
            "neighbors": 8
          },
          {
            "row": 5,
            "col": 4,
            "index": 59,
            "partition": 0,
            "edge": false,
            "neighbors": 8
          },
          {
            "row": 5,
            "col": 5,
            "index": 60,
            "partition": 0,
            "edge": false,
            "neighbors": 8
          },
          {
            "row": 5,
            "col": 6,
            "index": 61,
            "partition": 0,
            "edge": false,
            "neighbors": 8
          },
          {
            "row": 5,
            "col": 7,
            "index": 62,
            "partition": 0,
            "edge": false,
            "neighbors": 8
          },
          {
            "row": 5,
            "col": 8,
            "index": 63,
            "partition": 0,
            "edge": false,
            "neighbors": 8
          },
          {
            "row": 5,
            "col": 9,
            "index": 64,
            "partition": 0,
            "edge": false,
            "neighbors": 8
          },
          {
            "row": 5,
            "col": 10,
            "index": 65,
            "partition": 0,
            "edge": true,
            "neighbors": 5
          }
        ]
      },
      {
        "row": 6,
        "cells": [
          {
            "row": 6,
            "col": 0,
            "index": 66,
            "partition": 0,
            "edge": true,
            "neighbors": 5
          },
          {
            "row": 6,
            "col": 1,
            "index": 67,
            "partition": 0,
            "edge": false,
            "neighbors": 8
          },
          {
            "row": 6,
            "col": 2,
            "index": 68,
            "partition": 0,
            "edge": false,
            "neighbors": 8
          },
          {
            "row": 6,
            "col": 3,
            "index": 69,
            "partition": 0,
            "edge": false,
            "neighbors": 8
          },
          {
            "row": 6,
            "col": 4,
            "index": 70,
            "partition": 0,
            "edge": false,
            "neighbors": 8
          },
          {
            "row": 6,
            "col": 5,
            "index": 71,
            "partition": 0,
            "edge": false,
            "neighbors": 8
          },
          {
            "row": 6,
            "col": 6,
            "index": 72,
            "partition": 0,
            "edge": false,
            "neighbors": 8
          },
          {
            "row": 6,
            "col": 7,
            "index": 73,
            "partition": 0,
            "edge": false,
            "neighbors": 8
          },
          {
            "row": 6,
            "col": 8,
            "index": 74,
            "partition": 0,
            "edge": false,
            "neighbors": 8
          },
          {
            "row": 6,
            "col": 9,
            "index": 75,
            "partition": 0,
            "edge": false,
            "neighbors": 8
          },
          {
            "row": 6,
            "col": 10,
            "index": 76,
            "partition": 0,
            "edge": true,
            "neighbors": 5
          }
        ]
      },
      {
        "row": 7,
        "cells": [
          {
            "row": 7,
            "col": 0,
            "index": 77,
            "partition": 0,
            "edge": true,
            "neighbors": 5
          },
          {
            "row": 7,
            "col": 1,
            "index": 78,
            "partition": 0,
            "edge": false,
            "neighbors": 8
          },
          {
            "row": 7,
            "col": 2,
            "index": 79,
            "partition": 0,
            "edge": false,
            "neighbors": 8
          },
          {
            "row": 7,
            "col": 3,
            "index": 80,
            "partition": 0,
            "edge": false,
            "neighbors": 8
          },
          {
            "row": 7,
            "col": 4,
            "index": 81,
            "partition": 0,
            "edge": false,
            "neighbors": 8
          },
          {
            "row": 7,
            "col": 5,
            "index": 82,
            "partition": 0,
            "edge": false,
            "neighbors": 8
          },
          {
            "row": 7,
            "col": 6,
            "index": 83,
            "partition": 0,
            "edge": false,
            "neighbors": 8
          },
          {
            "row": 7,
            "col": 7,
            "index": 84,
            "partition": 0,
            "edge": false,
            "neighbors": 8
          },
          {
            "row": 7,
            "col": 8,
            "index": 85,
            "partition": 0,
            "edge": false,
            "neighbors": 8
          },
          {
            "row": 7,
            "col": 9,
            "index": 86,
            "partition": 0,
            "edge": false,
            "neighbors": 8
          },
          {
            "row": 7,
            "col": 10,
            "index": 87,
            "partition": 0,
            "edge": true,
            "neighbors": 5
          }
        ]
      },
      {
        "row": 8,
        "cells": [
          {
            "row": 8,
            "col": 0,
            "index": 88,
            "partition": 0,
            "edge": true,
            "neighbors": 5
          },
          {
            "row": 8,
            "col": 1,
            "index": 89,
            "partition": 0,
            "edge": false,
            "neighbors": 8
          },
          {
            "row": 8,
            "col": 2,
            "index": 90,
            "partition": 0,
            "edge": false,
            "neighbors": 8
          },
          {
            "row": 8,
            "col": 3,
            "index": 91,
            "partition": 0,
            "edge": false,
            "neighbors": 8
          },
          {
            "row": 8,
            "col": 4,
            "index": 92,
            "partition": 0,
            "edge": false,
            "neighbors": 8
          },
          {
            "row": 8,
            "col": 5,
            "index": 93,
            "partition": 0,
            "edge": false,
            "neighbors": 8
          },
          {
            "row": 8,
            "col": 6,
            "index": 94,
            "partition": 0,
            "edge": false,
            "neighbors": 8
          },
          {
            "row": 8,
            "col": 7,
            "index": 95,
            "partition": 0,
            "edge": false,
            "neighbors": 8
          },
          {
            "row": 8,
            "col": 8,
            "index": 96,
            "partition": 0,
            "edge": false,
            "neighbors": 8
          },
          {
            "row": 8,
            "col": 9,
            "index": 97,
            "partition": 0,
            "edge": false,
            "neighbors": 8
          },
          {
            "row": 8,
            "col": 10,
            "index": 98,
            "partition": 0,
            "edge": true,
            "neighbors": 5
          }
        ]
      },
      {
        "row": 9,
        "cells": [
          {
            "row": 9,
            "col": 0,
            "index": 99,
            "partition": 0,
            "edge": true,
            "neighbors": 5
          },
          {
            "row": 9,
            "col": 1,
            "index": 100,
            "partition": 0,
            "edge": false,
            "neighbors": 8
          },
          {
            "row": 9,
            "col": 2,
            "index": 101,
            "partition": 0,
            "edge": false,
            "neighbors": 8
          },
          {
            "row": 9,
            "col": 3,
            "index": 102,
            "partition": 0,
            "edge": false,
            "neighbors": 8
          },
          {
            "row": 9,
            "col": 4,
            "index": 103,
            "partition": 0,
            "edge": false,
            "neighbors": 8
          },
          {
            "row": 9,
            "col": 5,
            "index": 104,
            "partition": 0,
            "edge": false,
            "neighbors": 8
          },
          {
            "row": 9,
            "col": 6,
            "index": 105,
            "partition": 0,
            "edge": false,
            "neighbors": 8
          },
          {
            "row": 9,
            "col": 7,
            "index": 106,
            "partition": 0,
            "edge": false,
            "neighbors": 8
          },
          {
            "row": 9,
            "col": 8,
            "index": 107,
            "partition": 0,
            "edge": false,
            "neighbors": 8
          },
          {
            "row": 9,
            "col": 9,
            "index": 108,
            "partition": 0,
            "edge": false,
            "neighbors": 8
          },
          {
            "row": 9,
            "col": 10,
            "index": 109,
            "partition": 0,
            "edge": true,
            "neighbors": 5
          }
        ]
      },
      {
        "row": 10,
        "cells": [
          {
            "row": 10,
            "col": 0,
            "index": 110,
            "partition": 0,
            "edge": true,
            "neighbors": 3
          },
          {
            "row": 10,
            "col": 1,
            "index": 111,
            "partition": 0,
            "edge": true,
            "neighbors": 5
          },
          {
            "row": 10,
            "col": 2,
            "index": 112,
            "partition": 0,
            "edge": true,
            "neighbors": 5
          },
          {
            "row": 10,
            "col": 3,
            "index": 113,
            "partition": 0,
            "edge": true,
            "neighbors": 5
          },
          {
            "row": 10,
            "col": 4,
            "index": 114,
            "partition": 0,
            "edge": true,
            "neighbors": 5
          },
          {
            "row": 10,
            "col": 5,
            "index": 115,
            "partition": 0,
            "edge": true,
            "neighbors": 5
          },
          {
            "row": 10,
            "col": 6,
            "index": 116,
            "partition": 0,
            "edge": true,
            "neighbors": 5
          },
          {
            "row": 10,
            "col": 7,
            "index": 117,
            "partition": 0,
            "edge": true,
            "neighbors": 5
          },
          {
            "row": 10,
            "col": 8,
            "index": 118,
            "partition": 0,
            "edge": true,
            "neighbors": 5
          },
          {
            "row": 10,
            "col": 9,
            "index": 119,
            "partition": 0,
            "edge": true,
            "neighbors": 5
          },
          {
            "row": 10,
            "col": 10,
            "index": 120,
            "partition": 0,
            "edge": true,
            "neighbors": 3
          }
        ]
      }
    ],
    "keyPoints": []
  }
}