[
  {
    "gameId": "34ef5f9e-9857-40b6-8730-7f172db56205",
    "ruleset": {
      "name": "royale",
      "version": "v1.0.17"
    },
    "timeout": 600,
    "turn": 0,
    "width": 11,
    "height": 11,
    "snakes": [
      {
        "id": "gs_G9FhScyFMYmrwycG96CSmpqY",
        "name": "ninemo",
        "latency": "",
        "health": 100,
        "body": [
          {
            "x": 9,
            "y": 5
          },
          {
            "x": 9,
            "y": 5
          },
          {
            "x": 9,
            "y": 5
          }
        ],
        "head": {
          "x": 9,
          "y": 5
        },
        "length": 3,
        "shout": ""
      },
      {
        "id": "gs_b4jFhYmcX3ggYyhYFfBvGt66",
        "name": "Eel In Snake's Clothing",
        "latency": "",
        "health": 100,
        "body": [
          {
            "x": 1,
            "y": 5
          },
          {
            "x": 1,
            "y": 5
          },
          {
            "x": 1,
            "y": 5
          }
        ],
        "head": {
          "x": 1,
          "y": 5
        },
        "length": 3,
        "shout": ""
      },
      {
        "id": "gs_PpS4fcPqHJQXtdq6VFbCVSCR",
        "name": "Jormungand 0.1.0",
        "latency": "",
        "health": 100,
        "body": [
          {
            "x": 9,
            "y": 1
          },
          {
            "x": 9,
            "y": 1
          },
          {
            "x": 9,
            "y": 1
          }
        ],
        "head": {
          "x": 9,
          "y": 1
        },
        "length": 3,
        "shout": ""
      },
      {
        "id": "gs_GhXPPKwJQm4q47X9mrS9jyHH",
        "name": "smarty snake",
        "latency": "",
        "health": 100,
        "body": [
          {
            "x": 5,
            "y": 1
          },
          {
            "x": 5,
            "y": 1
          },
          {
            "x": 5,
            "y": 1
          }
        ],
        "head": {
          "x": 5,
          "y": 1
        },
        "length": 3,
        "shout": ""
      }
    ],
    "food": [
      {
        "x": 10,
        "y": 4
      },
      {
        "x": 2,
        "y": 6
      },
      {
        "x": 8,
        "y": 0
      },
      {
        "x": 6,
        "y": 2
      },
      {
        "x": 5,
        "y": 5
      }
    ],
    "you": {
      "id": "gs_PpS4fcPqHJQXtdq6VFbCVSCR",
      "name": "Jormungand 0.1.0",
      "latency": "",
      "health": 100,
      "body": [
        {
          "x": 9,
          "y": 1
        },
        {
          "x": 9,
          "y": 1
        },
        {
          "x": 9,
          "y": 1
        }
      ],
      "head": {
        "x": 9,
        "y": 1
      },
      "length": 3,
      "shout": ""
    },
    "snakeId": "gs_PpS4fcPqHJQXtdq6VFbCVSCR",
    "name": "Jormungand 0.1.0",
    "latency": "",
    "health": 100,
    "body": [
      {
        "x": 9,
        "y": 1
      },
      {
        "x": 9,
        "y": 1
      },
      {
        "x": 9,
        "y": 1
      }
    ],
    "head": {
      "x": 9,
      "y": 1
    },
    "length": 3,
    "shout": ""
  },
  {
    "gameId": "34ef5f9e-9857-40b6-8730-7f172db56205",
    "ruleset": {
      "name": "royale",
      "version": "v1.0.17"
    },
    "timeout": 600,
    "turn": 0,
    "width": 11,
    "height": 11,
    "snakes": [
      {
        "id": "gs_G9FhScyFMYmrwycG96CSmpqY",
        "name": "ninemo",
        "latency": "",
        "health": 100,
        "body": [
          {
            "x": 9,
            "y": 5
          },
          {
            "x": 9,
            "y": 5
          },
          {
            "x": 9,
            "y": 5
          }
        ],
        "head": {
          "x": 9,
          "y": 5
        },
        "length": 3,
        "shout": ""
      },
      {
        "id": "gs_b4jFhYmcX3ggYyhYFfBvGt66",
        "name": "Eel In Snake's Clothing",
        "latency": "",
        "health": 100,
        "body": [
          {
            "x": 1,
            "y": 5
          },
          {
            "x": 1,
            "y": 5
          },
          {
            "x": 1,
            "y": 5
          }
        ],
        "head": {
          "x": 1,
          "y": 5
        },
        "length": 3,
        "shout": ""
      },
      {
        "id": "gs_PpS4fcPqHJQXtdq6VFbCVSCR",
        "name": "Jormungand 0.1.0",
        "latency": "",
        "health": 100,
        "body": [
          {
            "x": 9,
            "y": 1
          },
          {
            "x": 9,
            "y": 1
          },
          {
            "x": 9,
            "y": 1
          }
        ],
        "head": {
          "x": 9,
          "y": 1
        },
        "length": 3,
        "shout": ""
      },
      {
        "id": "gs_GhXPPKwJQm4q47X9mrS9jyHH",
        "name": "smarty snake",
        "latency": "",
        "health": 100,
        "body": [
          {
            "x": 5,
            "y": 1
          },
          {
            "x": 5,
            "y": 1
          },
          {
            "x": 5,
            "y": 1
          }
        ],
        "head": {
          "x": 5,
          "y": 1
        },
        "length": 3,
        "shout": ""
      }
    ],
    "food": [
      {
        "x": 10,
        "y": 4
      },
      {
        "x": 2,
        "y": 6
      },
      {
        "x": 8,
        "y": 0
      },
      {
        "x": 6,
        "y": 2
      },
      {
        "x": 5,
        "y": 5
      }
    ],
    "you": {
      "id": "gs_PpS4fcPqHJQXtdq6VFbCVSCR",
      "name": "Jormungand 0.1.0",
      "latency": "",
      "health": 100,
      "body": [
        {
          "x": 9,
          "y": 1
        },
        {
          "x": 9,
          "y": 1
        },
        {
          "x": 9,
          "y": 1
        }
      ],
      "head": {
        "x": 9,
        "y": 1
      },
      "length": 3,
      "shout": ""
    },
    "snakeId": "gs_PpS4fcPqHJQXtdq6VFbCVSCR",
    "name": "Jormungand 0.1.0",
    "latency": "",
    "health": 100,
    "body": [
      {
        "x": 9,
        "y": 1
      },
      {
        "x": 9,
        "y": 1
      },
      {
        "x": 9,
        "y": 1
      }
    ],
    "head": {
      "x": 9,
      "y": 1
    },
    "length": 3,
    "shout": ""
  },
  {
    "gameId": "34ef5f9e-9857-40b6-8730-7f172db56205",
    "ruleset": {
      "name": "royale",
      "version": "v1.0.17"
    },
    "timeout": 600,
    "turn": 1,
    "width": 11,
    "height": 11,
    "snakes": [
      {
        "id": "gs_G9FhScyFMYmrwycG96CSmpqY",
        "name": "ninemo",
        "latency": "366",
        "health": 99,
        "body": [
          {
            "x": 10,
            "y": 5
          },
          {
            "x": 9,
            "y": 5
          },
          {
            "x": 9,
            "y": 5
          }
        ],
        "head": {
          "x": 10,
          "y": 5
        },
        "length": 3,
        "shout": ""
      },
      {
        "id": "gs_b4jFhYmcX3ggYyhYFfBvGt66",
        "name": "Eel In Snake's Clothing",
        "latency": "308",
        "health": 99,
        "body": [
          {
            "x": 2,
            "y": 5
          },
          {
            "x": 1,
            "y": 5
          },
          {
            "x": 1,
            "y": 5
          }
        ],
        "head": {
          "x": 2,
          "y": 5
        },
        "length": 3,
        "shout": ""
      },
      {
        "id": "gs_PpS4fcPqHJQXtdq6VFbCVSCR",
        "name": "Jormungand 0.1.0",
        "latency": "103",
        "health": 99,
        "body": [
          {
            "x": 8,
            "y": 1
          },
          {
            "x": 9,
            "y": 1
          },
          {
            "x": 9,
            "y": 1
          }
        ],
        "head": {
          "x": 8,
          "y": 1
        },
        "length": 3,
        "shout": "I am moving up!"
      },
      {
        "id": "gs_GhXPPKwJQm4q47X9mrS9jyHH",
        "name": "smarty snake",
        "latency": "272",
        "health": 99,
        "body": [
          {
            "x": 5,
            "y": 0
          },
          {
            "x": 5,
            "y": 1
          },
          {
            "x": 5,
            "y": 1
          }
        ],
        "head": {
          "x": 5,
          "y": 0
        },
        "length": 3,
        "shout": ""
      }
    ],
    "food": [
      {
        "x": 10,
        "y": 4
      },
      {
        "x": 2,
        "y": 6
      },
      {
        "x": 8,
        "y": 0
      },
      {
        "x": 6,
        "y": 2
      },
      {
        "x": 5,
        "y": 5
      }
    ],
    "you": {
      "id": "gs_PpS4fcPqHJQXtdq6VFbCVSCR",
      "name": "Jormungand 0.1.0",
      "latency": "103",
      "health": 99,
      "body": [
        {
          "x": 8,
          "y": 1
        },
        {
          "x": 9,
          "y": 1
        },
        {
          "x": 9,
          "y": 1
        }
      ],
      "head": {
        "x": 8,
        "y": 1
      },
      "length": 3,
      "shout": "I am moving up!"
    },
    "snakeId": "gs_PpS4fcPqHJQXtdq6VFbCVSCR",
    "name": "Jormungand 0.1.0",
    "latency": "103",
    "health": 99,
    "body": [
      {
        "x": 8,
        "y": 1
      },
      {
        "x": 9,
        "y": 1
      },
      {
        "x": 9,
        "y": 1
      }
    ],
    "head": {
      "x": 8,
      "y": 1
    },
    "length": 3,
    "shout": "I am moving up!"
  },
  {
    "gameId": "34ef5f9e-9857-40b6-8730-7f172db56205",
    "ruleset": {
      "name": "royale",
      "version": "v1.0.17"
    },
    "timeout": 600,
    "turn": 2,
    "width": 11,
    "height": 11,
    "snakes": [
      {
        "id": "gs_G9FhScyFMYmrwycG96CSmpqY",
        "name": "ninemo",
        "latency": "88",
        "health": 100,
        "body": [
          {
            "x": 10,
            "y": 4
          },
          {
            "x": 10,
            "y": 5
          },
          {
            "x": 9,
            "y": 5
          },
          {
            "x": 9,
            "y": 5
          }
        ],
        "head": {
          "x": 10,
          "y": 4
        },
        "length": 4,
        "shout": ""
      },
      {
        "id": "gs_b4jFhYmcX3ggYyhYFfBvGt66",
        "name": "Eel In Snake's Clothing",
        "latency": "278",
        "health": 98,
        "body": [
          {
            "x": 3,
            "y": 5
          },
          {
            "x": 2,
            "y": 5
          },
          {
            "x": 1,
            "y": 5
          }
        ],
        "head": {
          "x": 3,
          "y": 5
        },
        "length": 3,
        "shout": ""
      },
      {
        "id": "gs_PpS4fcPqHJQXtdq6VFbCVSCR",
        "name": "Jormungand 0.1.0",
        "latency": "50",
        "health": 98,
        "body": [
          {
            "x": 8,
            "y": 2
          },
          {
            "x": 8,
            "y": 1
          },
          {
            "x": 9,
            "y": 1
          }
        ],
        "head": {
          "x": 8,
          "y": 2
        },
        "length": 3,
        "shout": "I am moving up!"
      },
      {
        "id": "gs_GhXPPKwJQm4q47X9mrS9jyHH",
        "name": "smarty snake",
        "latency": "205",
        "health": 98,
        "body": [
          {
            "x": 4,
            "y": 0
          },
          {
            "x": 5,
            "y": 0
          },
          {
            "x": 5,
            "y": 1
          }
        ],
        "head": {
          "x": 4,
          "y": 0
        },
        "length": 3,
        "shout": ""
      }
    ],
    "food": [
      {
        "x": 2,
        "y": 6
      },
      {
        "x": 8,
        "y": 0
      },
      {
        "x": 6,
        "y": 2
      },
      {
        "x": 5,
        "y": 5
      },
      {
        "x": 7,
        "y": 7
      }
    ],
    "you": {
      "id": "gs_PpS4fcPqHJQXtdq6VFbCVSCR",
      "name": "Jormungand 0.1.0",
      "latency": "50",
      "health": 98,
      "body": [
        {
          "x": 8,
          "y": 2
        },
        {
          "x": 8,
          "y": 1
        },
        {
          "x": 9,
          "y": 1
        }
      ],
      "head": {
        "x": 8,
        "y": 2
      },
      "length": 3,
      "shout": "I am moving up!"
    },
    "snakeId": "gs_PpS4fcPqHJQXtdq6VFbCVSCR",
    "name": "Jormungand 0.1.0",
    "latency": "50",
    "health": 98,
    "body": [
      {
        "x": 8,
        "y": 2
      },
      {
        "x": 8,
        "y": 1
      },
      {
        "x": 9,
        "y": 1
      }
    ],
    "head": {
      "x": 8,
      "y": 2
    },
    "length": 3,
    "shout": "I am moving up!"
  },
  {
    "gameId": "34ef5f9e-9857-40b6-8730-7f172db56205",
    "ruleset": {
      "name": "royale",
      "version": "v1.0.17"
    },
    "timeout": 600,
    "turn": 3,
    "width": 11,
    "height": 11,
    "snakes": [
      {
        "id": "gs_G9FhScyFMYmrwycG96CSmpqY",
        "name": "ninemo",
        "latency": "86",
        "health": 99,
        "body": [
          {
            "x": 9,
            "y": 4
          },
          {
            "x": 10,
            "y": 4
          },
          {
            "x": 10,
            "y": 5
          },
          {
            "x": 9,
            "y": 5
          }
        ],
        "head": {
          "x": 9,
          "y": 4
        },
        "length": 4,
        "shout": ""
      },
      {
        "id": "gs_b4jFhYmcX3ggYyhYFfBvGt66",
        "name": "Eel In Snake's Clothing",
        "latency": "257",
        "health": 97,
        "body": [
          {
            "x": 4,
            "y": 5
          },
          {
            "x": 3,
            "y": 5
          },
          {
            "x": 2,
            "y": 5
          }
        ],
        "head": {
          "x": 4,
          "y": 5
        },
        "length": 3,
        "shout": ""
      },
      {
        "id": "gs_PpS4fcPqHJQXtdq6VFbCVSCR",
        "name": "Jormungand 0.1.0",
        "latency": "49",
        "health": 97,
        "body": [
          {
            "x": 8,
            "y": 3
          },
          {
            "x": 8,
            "y": 2
          },
          {
            "x": 8,
            "y": 1
          }
        ],
        "head": {
          "x": 8,
          "y": 3
        },
        "length": 3,
        "shout": "I am moving up!"
      },
      {
        "id": "gs_GhXPPKwJQm4q47X9mrS9jyHH",
        "name": "smarty snake",
        "latency": "209",
        "health": 97,
        "body": [
          {
            "x": 4,
            "y": 1
          },
          {
            "x": 4,
            "y": 0
          },
          {
            "x": 5,
            "y": 0
          }
        ],
        "head": {
          "x": 4,
          "y": 1
        },
        "length": 3,
        "shout": ""
      }
    ],
    "food": [
      {
        "x": 2,
        "y": 6
      },
      {
        "x": 8,
        "y": 0
      },
      {
        "x": 6,
        "y": 2
      },
      {
        "x": 5,
        "y": 5
      },
      {
        "x": 7,
        "y": 7
      }
    ],
    "you": {
      "id": "gs_PpS4fcPqHJQXtdq6VFbCVSCR",
      "name": "Jormungand 0.1.0",
      "latency": "49",
      "health": 97,
      "body": [
        {
          "x": 8,
          "y": 3
        },
        {
          "x": 8,
          "y": 2
        },
        {
          "x": 8,
          "y": 1
        }
      ],
      "head": {
        "x": 8,
        "y": 3
      },
      "length": 3,
      "shout": "I am moving up!"
    },
    "snakeId": "gs_PpS4fcPqHJQXtdq6VFbCVSCR",
    "name": "Jormungand 0.1.0",
    "latency": "49",
    "health": 97,
    "body": [
      {
        "x": 8,
        "y": 3
      },
      {
        "x": 8,
        "y": 2
      },
      {
        "x": 8,
        "y": 1
      }
    ],
    "head": {
      "x": 8,
      "y": 3
    },
    "length": 3,
    "shout": "I am moving up!"
  },
  {
    "gameId": "34ef5f9e-9857-40b6-8730-7f172db56205",
    "ruleset": {
      "name": "royale",
      "version": "v1.0.17"
    },
    "timeout": 600,
    "turn": 4,
    "width": 11,
    "height": 11,
    "snakes": [
      {
        "id": "gs_G9FhScyFMYmrwycG96CSmpqY",
        "name": "ninemo",
        "latency": "89",
        "health": 98,
        "body": [
          {
            "x": 9,
            "y": 3
          },
          {
            "x": 9,
            "y": 4
          },
          {
            "x": 10,
            "y": 4
          },
          {
            "x": 10,
            "y": 5
          }
        ],
        "head": {
          "x": 9,
          "y": 3
        },
        "length": 4,
        "shout": ""
      },
      {
        "id": "gs_b4jFhYmcX3ggYyhYFfBvGt66",
        "name": "Eel In Snake's Clothing",
        "latency": "274",
        "health": 100,
        "body": [
          {
            "x": 5,
            "y": 5
          },
          {
            "x": 4,
            "y": 5
          },
          {
            "x": 3,
            "y": 5
          },
          {
            "x": 3,
            "y": 5
          }
        ],
        "head": {
          "x": 5,
          "y": 5
        },
        "length": 4,
        "shout": ""
      },
      {
        "id": "gs_PpS4fcPqHJQXtdq6VFbCVSCR",
        "name": "Jormungand 0.1.0",
        "latency": "49",
        "health": 96,
        "body": [
          {
            "x": 7,
            "y": 3
          },
          {
            "x": 8,
            "y": 3
          },
          {
            "x": 8,
            "y": 2
          }
        ],
        "head": {
          "x": 7,
          "y": 3
        },
        "length": 3,
        "shout": "I am moving up!"
      },
      {
        "id": "gs_GhXPPKwJQm4q47X9mrS9jyHH",
        "name": "smarty snake",
        "latency": "223",
        "health": 96,
        "body": [
          {
            "x": 5,
            "y": 1
          },
          {
            "x": 4,
            "y": 1
          },
          {
            "x": 4,
            "y": 0
          }
        ],
        "head": {
          "x": 5,
          "y": 1
        },
        "length": 3,
        "shout": ""
      }
    ],
    "food": [
      {
        "x": 2,
        "y": 6
      },
      {
        "x": 8,
        "y": 0
      },
      {
        "x": 6,
        "y": 2
      },
      {
        "x": 7,
        "y": 7
      }
    ],
    "you": {
      "id": "gs_PpS4fcPqHJQXtdq6VFbCVSCR",
      "name": "Jormungand 0.1.0",
      "latency": "49",
      "health": 96,
      "body": [
        {
          "x": 7,
          "y": 3
        },
        {
          "x": 8,
          "y": 3
        },
        {
          "x": 8,
          "y": 2
        }
      ],
      "head": {
        "x": 7,
        "y": 3
      },
      "length": 3,
      "shout": "I am moving up!"
    },
    "snakeId": "gs_PpS4fcPqHJQXtdq6VFbCVSCR",
    "name": "Jormungand 0.1.0",
    "latency": "49",
    "health": 96,
    "body": [
      {
        "x": 7,
        "y": 3
      },
      {
        "x": 8,
        "y": 3
      },
      {
        "x": 8,
        "y": 2
      }
    ],
    "head": {
      "x": 7,
      "y": 3
    },
    "length": 3,
    "shout": "I am moving up!"
  },
  {
    "gameId": "34ef5f9e-9857-40b6-8730-7f172db56205",
    "ruleset": {
      "name": "royale",
      "version": "v1.0.17"
    },
    "timeout": 600,
    "turn": 5,
    "width": 11,
    "height": 11,
    "snakes": [
      {
        "id": "gs_G9FhScyFMYmrwycG96CSmpqY",
        "name": "ninemo",
        "latency": "85",
        "health": 97,
        "body": [
          {
            "x": 9,
            "y": 2
          },
          {
            "x": 9,
            "y": 3
          },
          {
            "x": 9,
            "y": 4
          },
          {
            "x": 10,
            "y": 4
          }
        ],
        "head": {
          "x": 9,
          "y": 2
        },
        "length": 4,
        "shout": ""
      },
      {
        "id": "gs_b4jFhYmcX3ggYyhYFfBvGt66",
        "name": "Eel In Snake's Clothing",
        "latency": "226",
        "health": 99,
        "body": [
          {
            "x": 5,
            "y": 6
          },
          {
            "x": 5,
            "y": 5
          },
          {
            "x": 4,
            "y": 5
          },
          {
            "x": 3,
            "y": 5
          }
        ],
        "head": {
          "x": 5,
          "y": 6
        },
        "length": 4,
        "shout": ""
      },
      {
        "id": "gs_PpS4fcPqHJQXtdq6VFbCVSCR",
        "name": "Jormungand 0.1.0",
        "latency": "49",
        "health": 95,
        "body": [
          {
            "x": 7,
            "y": 4
          },
          {
            "x": 7,
            "y": 3
          },
          {
            "x": 8,
            "y": 3
          }
        ],
        "head": {
          "x": 7,
          "y": 4
        },
        "length": 3,
        "shout": "I am moving up!"
      },
      {
        "id": "gs_GhXPPKwJQm4q47X9mrS9jyHH",
        "name": "smarty snake",
        "latency": "210",
        "health": 95,
        "body": [
          {
            "x": 6,
            "y": 1
          },
          {
            "x": 5,
            "y": 1
          },
          {
            "x": 4,
            "y": 1
          }
        ],
        "head": {
          "x": 6,
          "y": 1
        },
        "length": 3,
        "shout": ""
      }
    ],
    "food": [
      {
        "x": 2,
        "y": 6
      },
      {
        "x": 8,
        "y": 0
      },
      {
        "x": 6,
        "y": 2
      },
      {
        "x": 7,
        "y": 7
      },
      {
        "x": 3,
        "y": 2
      }
    ],
    "you": {
      "id": "gs_PpS4fcPqHJQXtdq6VFbCVSCR",
      "name": "Jormungand 0.1.0",
      "latency": "49",
      "health": 95,
      "body": [
        {
          "x": 7,
          "y": 4
        },
        {
          "x": 7,
          "y": 3
        },
        {
          "x": 8,
          "y": 3
        }
      ],
      "head": {
        "x": 7,
        "y": 4
      },
      "length": 3,
      "shout": "I am moving up!"
    },
    "snakeId": "gs_PpS4fcPqHJQXtdq6VFbCVSCR",
    "name": "Jormungand 0.1.0",
    "latency": "49",
    "health": 95,
    "body": [
      {
        "x": 7,
        "y": 4
      },
      {
        "x": 7,
        "y": 3
      },
      {
        "x": 8,
        "y": 3
      }
    ],
    "head": {
      "x": 7,
      "y": 4
    },
    "length": 3,
    "shout": "I am moving up!"
  },
  {
    "gameId": "34ef5f9e-9857-40b6-8730-7f172db56205",
    "ruleset": {
      "name": "royale",
      "version": "v1.0.17"
    },
    "timeout": 600,
    "turn": 6,
    "width": 11,
    "height": 11,
    "snakes": [
      {
        "id": "gs_G9FhScyFMYmrwycG96CSmpqY",
        "name": "ninemo",
        "latency": "88",
        "health": 96,
        "body": [
          {
            "x": 8,
            "y": 2
          },
          {
            "x": 9,
            "y": 2
          },
          {
            "x": 9,
            "y": 3
          },
          {
            "x": 9,
            "y": 4
          }
        ],
        "head": {
          "x": 8,
          "y": 2
        },
        "length": 4,
        "shout": ""
      },
      {
        "id": "gs_b4jFhYmcX3ggYyhYFfBvGt66",
        "name": "Eel In Snake's Clothing",
        "latency": "310",
        "health": 98,
        "body": [
          {
            "x": 6,
            "y": 6
          },
          {
            "x": 5,
            "y": 6
          },
          {
            "x": 5,
            "y": 5
          },
          {
            "x": 4,
            "y": 5
          }
        ],
        "head": {
          "x": 6,
          "y": 6
        },
        "length": 4,
        "shout": ""
      },
      {
        "id": "gs_PpS4fcPqHJQXtdq6VFbCVSCR",
        "name": "Jormungand 0.1.0",
        "latency": "49",
        "health": 94,
        "body": [
          {
            "x": 6,
            "y": 4
          },
          {
            "x": 7,
            "y": 4
          },
          {
            "x": 7,
            "y": 3
          }
        ],
        "head": {
          "x": 6,
          "y": 4
        },
        "length": 3,
        "shout": "I am moving up!"
      },
      {
        "id": "gs_GhXPPKwJQm4q47X9mrS9jyHH",
        "name": "smarty snake",
        "latency": "209",
        "health": 100,
        "body": [
          {
            "x": 6,
            "y": 2
          },
          {
            "x": 6,
            "y": 1
          },
          {
            "x": 5,
            "y": 1
          },
          {
            "x": 5,
            "y": 1
          }
        ],
        "head": {
          "x": 6,
          "y": 2
        },
        "length": 4,
        "shout": ""
      }
    ],
    "food": [
      {
        "x": 2,
        "y": 6
      },
      {
        "x": 8,
        "y": 0
      },
      {
        "x": 7,
        "y": 7
      },
      {
        "x": 3,
        "y": 2
      }
    ],
    "you": {
      "id": "gs_PpS4fcPqHJQXtdq6VFbCVSCR",
      "name": "Jormungand 0.1.0",
      "latency": "49",
      "health": 94,
      "body": [
        {
          "x": 6,
          "y": 4
        },
        {
          "x": 7,
          "y": 4
        },
        {
          "x": 7,
          "y": 3
        }
      ],
      "head": {
        "x": 6,
        "y": 4
      },
      "length": 3,
      "shout": "I am moving up!"
    },
    "snakeId": "gs_PpS4fcPqHJQXtdq6VFbCVSCR",
    "name": "Jormungand 0.1.0",
    "latency": "49",
    "health": 94,
    "body": [
      {
        "x": 6,
        "y": 4
      },
      {
        "x": 7,
        "y": 4
      },
      {
        "x": 7,
        "y": 3
      }
    ],
    "head": {
      "x": 6,
      "y": 4
    },
    "length": 3,
    "shout": "I am moving up!"
  },
  {
    "gameId": "34ef5f9e-9857-40b6-8730-7f172db56205",
    "ruleset": {
      "name": "royale",
      "version": "v1.0.17"
    },
    "timeout": 600,
    "turn": 7,
    "width": 11,
    "height": 11,
    "snakes": [
      {
        "id": "gs_G9FhScyFMYmrwycG96CSmpqY",
        "name": "ninemo",
        "latency": "87",
        "health": 95,
        "body": [
          {
            "x": 8,
            "y": 3
          },
          {
            "x": 8,
            "y": 2
          },
          {
            "x": 9,
            "y": 2
          },
          {
            "x": 9,
            "y": 3
          }
        ],
        "head": {
          "x": 8,
          "y": 3
        },
        "length": 4,
        "shout": ""
      },
      {
        "id": "gs_b4jFhYmcX3ggYyhYFfBvGt66",
        "name": "Eel In Snake's Clothing",
        "latency": "258",
        "health": 97,
        "body": [
          {
            "x": 6,
            "y": 7
          },
          {
            "x": 6,
            "y": 6
          },
          {
            "x": 5,
            "y": 6
          },
          {
            "x": 5,
            "y": 5
          }
        ],
        "head": {
          "x": 6,
          "y": 7
        },
        "length": 4,
        "shout": ""
      },
      {
        "id": "gs_PpS4fcPqHJQXtdq6VFbCVSCR",
        "name": "Jormungand 0.1.0",
        "latency": "49",
        "health": 93,
        "body": [
          {
            "x": 5,
            "y": 4
          },
          {
            "x": 6,
            "y": 4
          },
          {
            "x": 7,
            "y": 4
          }
        ],
        "head": {
          "x": 5,
          "y": 4
        },
        "length": 3,
        "shout": "I am moving up!"
      },
      {
        "id": "gs_GhXPPKwJQm4q47X9mrS9jyHH",
        "name": "smarty snake",
        "latency": "227",
        "health": 99,
        "body": [
          {
            "x": 5,
            "y": 2
          },
          {
            "x": 6,
            "y": 2
          },
          {
            "x": 6,
            "y": 1
          },
          {
            "x": 5,
            "y": 1
          }
        ],
        "head": {
          "x": 5,
          "y": 2
        },
        "length": 4,
        "shout": ""
      }
    ],
    "food": [
      {
        "x": 2,
        "y": 6
      },
      {
        "x": 8,
        "y": 0
      },
      {
        "x": 7,
        "y": 7
      },
      {
        "x": 3,
        "y": 2
      }
    ],
    "you": {
      "id": "gs_PpS4fcPqHJQXtdq6VFbCVSCR",
      "name": "Jormungand 0.1.0",
      "latency": "49",
      "health": 93,
      "body": [
        {
          "x": 5,
          "y": 4
        },
        {
          "x": 6,
          "y": 4
        },
        {
          "x": 7,
          "y": 4
        }
      ],
      "head": {
        "x": 5,
        "y": 4
      },
      "length": 3,
      "shout": "I am moving up!"
    },
    "snakeId": "gs_PpS4fcPqHJQXtdq6VFbCVSCR",
    "name": "Jormungand 0.1.0",
    "latency": "49",
    "health": 93,
    "body": [
      {
        "x": 5,
        "y": 4
      },
      {
        "x": 6,
        "y": 4
      },
      {
        "x": 7,
        "y": 4
      }
    ],
    "head": {
      "x": 5,
      "y": 4
    },
    "length": 3,
    "shout": "I am moving up!"
  },
  {
    "gameId": "34ef5f9e-9857-40b6-8730-7f172db56205",
    "ruleset": {
      "name": "royale",
      "version": "v1.0.17"
    },
    "timeout": 600,
    "turn": 8,
    "width": 11,
    "height": 11,
    "snakes": [
      {
        "id": "gs_G9FhScyFMYmrwycG96CSmpqY",
        "name": "ninemo",
        "latency": "87",
        "health": 94,
        "body": [
          {
            "x": 8,
            "y": 4
          },
          {
            "x": 8,
            "y": 3
          },
          {
            "x": 8,
            "y": 2
          },
          {
            "x": 9,
            "y": 2
          }
        ],
        "head": {
          "x": 8,
          "y": 4
        },
        "length": 4,
        "shout": ""
      },
      {
        "id": "gs_b4jFhYmcX3ggYyhYFfBvGt66",
        "name": "Eel In Snake's Clothing",
        "latency": "270",
        "health": 96,
        "body": [
          {
            "x": 5,
            "y": 7
          },
          {
            "x": 6,
            "y": 7
          },
          {
            "x": 6,
            "y": 6
          },
          {
            "x": 5,
            "y": 6
          }
        ],
        "head": {
          "x": 5,
          "y": 7
        },
        "length": 4,
        "shout": ""
      },
      {
        "id": "gs_PpS4fcPqHJQXtdq6VFbCVSCR",
        "name": "Jormungand 0.1.0",
        "latency": "49",
        "health": 92,
        "body": [
          {
            "x": 4,
            "y": 4
          },
          {
            "x": 5,
            "y": 4
          },
          {
            "x": 6,
            "y": 4
          }
        ],
        "head": {
          "x": 4,
          "y": 4
        },
        "length": 3,
        "shout": "I am moving up!"
      },
      {
        "id": "gs_GhXPPKwJQm4q47X9mrS9jyHH",
        "name": "smarty snake",
        "latency": "206",
        "health": 98,
        "body": [
          {
            "x": 5,
            "y": 3
          },
          {
            "x": 5,
            "y": 2
          },
          {
            "x": 6,
            "y": 2
          },
          {
            "x": 6,
            "y": 1
          }
        ],
        "head": {
          "x": 5,
          "y": 3
        },
        "length": 4,
        "shout": ""
      }
    ],
    "food": [
      {
        "x": 2,
        "y": 6
      },
      {
        "x": 8,
        "y": 0
      },
      {
        "x": 7,
        "y": 7
      },
      {
        "x": 3,
        "y": 2
      }
    ],
    "you": {
      "id": "gs_PpS4fcPqHJQXtdq6VFbCVSCR",
      "name": "Jormungand 0.1.0",
      "latency": "49",
      "health": 92,
      "body": [
        {
          "x": 4,
          "y": 4
        },
        {
          "x": 5,
          "y": 4
        },
        {
          "x": 6,
          "y": 4
        }
      ],
      "head": {
        "x": 4,
        "y": 4
      },
      "length": 3,
      "shout": "I am moving up!"
    },
    "snakeId": "gs_PpS4fcPqHJQXtdq6VFbCVSCR",
    "name": "Jormungand 0.1.0",
    "latency": "49",
    "health": 92,
    "body": [
      {
        "x": 4,
        "y": 4
      },
      {
        "x": 5,
        "y": 4
      },
      {
        "x": 6,
        "y": 4
      }
    ],
    "head": {
      "x": 4,
      "y": 4
    },
    "length": 3,
    "shout": "I am moving up!"
  },
  {
    "gameId": "34ef5f9e-9857-40b6-8730-7f172db56205",
    "ruleset": {
      "name": "royale",
      "version": "v1.0.17"
    },
    "timeout": 600,
    "turn": 9,
    "width": 11,
    "height": 11,
    "snakes": [
      {
        "id": "gs_G9FhScyFMYmrwycG96CSmpqY",
        "name": "ninemo",
        "latency": "84",
        "health": 93,
        "body": [
          {
            "x": 7,
            "y": 4
          },
          {
            "x": 8,
            "y": 4
          },
          {
            "x": 8,
            "y": 3
          },
          {
            "x": 8,
            "y": 2
          }
        ],
        "head": {
          "x": 7,
          "y": 4
        },
        "length": 4,
        "shout": ""
      },
      {
        "id": "gs_b4jFhYmcX3ggYyhYFfBvGt66",
        "name": "Eel In Snake's Clothing",
        "latency": "257",
        "health": 95,
        "body": [
          {
            "x": 4,
            "y": 7
          },
          {
            "x": 5,
            "y": 7
          },
          {
            "x": 6,
            "y": 7
          },
          {
            "x": 6,
            "y": 6
          }
        ],
        "head": {
          "x": 4,
          "y": 7
        },
        "length": 4,
        "shout": ""
      },
      {
        "id": "gs_PpS4fcPqHJQXtdq6VFbCVSCR",
        "name": "Jormungand 0.1.0",
        "latency": "49",
        "health": 91,
        "body": [
          {
            "x": 4,
            "y": 5
          },
          {
            "x": 4,
            "y": 4
          },
          {
            "x": 5,
            "y": 4
          }
        ],
        "head": {
          "x": 4,
          "y": 5
        },
        "length": 3,
        "shout": "I am moving up!"
      },
      {
        "id": "gs_GhXPPKwJQm4q47X9mrS9jyHH",
        "name": "smarty snake",
        "latency": "213",
        "health": 97,
        "body": [
          {
            "x": 6,
            "y": 3
          },
          {
            "x": 5,
            "y": 3
          },
          {
            "x": 5,
            "y": 2
          },
          {
            "x": 6,
            "y": 2
          }
        ],
        "head": {
          "x": 6,
          "y": 3
        },
        "length": 4,
        "shout": ""
      }
    ],
    "food": [
      {
        "x": 2,
        "y": 6
      },
      {
        "x": 8,
        "y": 0
      },
      {
        "x": 7,
        "y": 7
      },
      {
        "x": 3,
        "y": 2
      }
    ],
    "you": {
      "id": "gs_PpS4fcPqHJQXtdq6VFbCVSCR",
      "name": "Jormungand 0.1.0",
      "latency": "49",
      "health": 91,
      "body": [
        {
          "x": 4,
          "y": 5
        },
        {
          "x": 4,
          "y": 4
        },
        {
          "x": 5,
          "y": 4
        }
      ],
      "head": {
        "x": 4,
        "y": 5
      },
      "length": 3,
      "shout": "I am moving up!"
    },
    "snakeId": "gs_PpS4fcPqHJQXtdq6VFbCVSCR",
    "name": "Jormungand 0.1.0",
    "latency": "49",
    "health": 91,
    "body": [
      {
        "x": 4,
        "y": 5
      },
      {
        "x": 4,
        "y": 4
      },
      {
        "x": 5,
        "y": 4
      }
    ],
    "head": {
      "x": 4,
      "y": 5
    },
    "length": 3,
    "shout": "I am moving up!"
  },
  {
    "gameId": "34ef5f9e-9857-40b6-8730-7f172db56205",
    "ruleset": {
      "name": "royale",
      "version": "v1.0.17"
    },
    "timeout": 600,
    "turn": 10,
    "width": 11,
    "height": 11,
    "snakes": [
      {
        "id": "gs_G9FhScyFMYmrwycG96CSmpqY",
        "name": "ninemo",
        "latency": "85",
        "health": 92,
        "body": [
          {
            "x": 7,
            "y": 5
          },
          {
            "x": 7,
            "y": 4
          },
          {
            "x": 8,
            "y": 4
          },
          {
            "x": 8,
            "y": 3
          }
        ],
        "head": {
          "x": 7,
          "y": 5
        },
        "length": 4,
        "shout": ""
      },
      {
        "id": "gs_b4jFhYmcX3ggYyhYFfBvGt66",
        "name": "Eel In Snake's Clothing",
        "latency": "242",
        "health": 94,
        "body": [
          {
            "x": 3,
            "y": 7
          },
          {
            "x": 4,
            "y": 7
          },
          {
            "x": 5,
            "y": 7
          },
          {
            "x": 6,
            "y": 7
          }
        ],
        "head": {
          "x": 3,
          "y": 7
        },
        "length": 4,
        "shout": ""
      },
      {
        "id": "gs_PpS4fcPqHJQXtdq6VFbCVSCR",
        "name": "Jormungand 0.1.0",
        "latency": "49",
        "health": 90,
        "body": [
          {
            "x": 5,
            "y": 5
          },
          {
            "x": 4,
            "y": 5
          },
          {
            "x": 4,
            "y": 4
          }
        ],
        "head": {
          "x": 5,
          "y": 5
        },
        "length": 3,
        "shout": "I am moving up!"
      },
      {
        "id": "gs_GhXPPKwJQm4q47X9mrS9jyHH",
        "name": "smarty snake",
        "latency": "197",
        "health": 96,
        "body": [
          {
            "x": 7,
            "y": 3
          },
          {
            "x": 6,
            "y": 3
          },
          {
            "x": 5,
            "y": 3
          },
          {
            "x": 5,
            "y": 2
          }
        ],
        "head": {
          "x": 7,
          "y": 3
        },
        "length": 4,
        "shout": ""
      }
    ],
    "food": [
      {
        "x": 2,
        "y": 6
      },
      {
        "x": 8,
        "y": 0
      },
      {
        "x": 7,
        "y": 7
      },
      {
        "x": 3,
        "y": 2
      }
    ],
    "you": {
      "id": "gs_PpS4fcPqHJQXtdq6VFbCVSCR",
      "name": "Jormungand 0.1.0",
      "latency": "49",
      "health": 90,
      "body": [
        {
          "x": 5,
          "y": 5
        },
        {
          "x": 4,
          "y": 5
        },
        {
          "x": 4,
          "y": 4
        }
      ],
      "head": {
        "x": 5,
        "y": 5
      },
      "length": 3,
      "shout": "I am moving up!"
    },
    "snakeId": "gs_PpS4fcPqHJQXtdq6VFbCVSCR",
    "name": "Jormungand 0.1.0",
    "latency": "49",
    "health": 90,
    "body": [
      {
        "x": 5,
        "y": 5
      },
      {
        "x": 4,
        "y": 5
      },
      {
        "x": 4,
        "y": 4
      }
    ],
    "head": {
      "x": 5,
      "y": 5
    },
    "length": 3,
    "shout": "I am moving up!"
  },
  {
    "gameId": "34ef5f9e-9857-40b6-8730-7f172db56205",
    "ruleset": {
      "name": "royale",
      "version": "v1.0.17"
    },
    "timeout": 600,
    "turn": 11,
    "width": 11,
    "height": 11,
    "snakes": [
      {
        "id": "gs_G9FhScyFMYmrwycG96CSmpqY",
        "name": "ninemo",
        "latency": "83",
        "health": 91,
        "body": [
          {
            "x": 6,
            "y": 5
          },
          {
            "x": 7,
            "y": 5
          },
          {
            "x": 7,
            "y": 4
          },
          {
            "x": 8,
            "y": 4
          }
        ],
        "head": {
          "x": 6,
          "y": 5
        },
        "length": 4,
        "shout": ""
      },
      {
        "id": "gs_b4jFhYmcX3ggYyhYFfBvGt66",
        "name": "Eel In Snake's Clothing",
        "latency": "288",
        "health": 93,
        "body": [
          {
            "x": 3,
            "y": 6
          },
          {
            "x": 3,
            "y": 7
          },
          {
            "x": 4,
            "y": 7
          },
          {
            "x": 5,
            "y": 7
          }
        ],
        "head": {
          "x": 3,
          "y": 6
        },
        "length": 4,
        "shout": ""
      },
      {
        "id": "gs_PpS4fcPqHJQXtdq6VFbCVSCR",
        "name": "Jormungand 0.1.0",
        "latency": "49",
        "health": 89,
        "body": [
          {
            "x": 5,
            "y": 6
          },
          {
            "x": 5,
            "y": 5
          },
          {
            "x": 4,
            "y": 5
          }
        ],
        "head": {
          "x": 5,
          "y": 6
        },
        "length": 3,
        "shout": "I am moving up!"
      },
      {
        "id": "gs_GhXPPKwJQm4q47X9mrS9jyHH",
        "name": "smarty snake",
        "latency": "217",
        "health": 95,
        "body": [
          {
            "x": 7,
            "y": 2
          },
          {
            "x": 7,
            "y": 3
          },
          {
            "x": 6,
            "y": 3
          },
          {
            "x": 5,
            "y": 3
          }
        ],
        "head": {
          "x": 7,
          "y": 2
        },
        "length": 4,
        "shout": ""
      }
    ],
    "food": [
      {
        "x": 2,
        "y": 6
      },
      {
        "x": 8,
        "y": 0
      },
      {
        "x": 7,
        "y": 7
      },
      {
        "x": 3,
        "y": 2
      },
      {
        "x": 8,
        "y": 3
      }
    ],
    "you": {
      "id": "gs_PpS4fcPqHJQXtdq6VFbCVSCR",
      "name": "Jormungand 0.1.0",
      "latency": "49",
      "health": 89,
      "body": [
        {
          "x": 5,
          "y": 6
        },
        {
          "x": 5,
          "y": 5
        },
        {
          "x": 4,
          "y": 5
        }
      ],
      "head": {
        "x": 5,
        "y": 6
      },
      "length": 3,
      "shout": "I am moving up!"
    },
    "snakeId": "gs_PpS4fcPqHJQXtdq6VFbCVSCR",
    "name": "Jormungand 0.1.0",
    "latency": "49",
    "health": 89,
    "body": [
      {
        "x": 5,
        "y": 6
      },
      {
        "x": 5,
        "y": 5
      },
      {
        "x": 4,
        "y": 5
      }
    ],
    "head": {
      "x": 5,
      "y": 6
    },
    "length": 3,
    "shout": "I am moving up!"
  }
]