[
  {
    "gameId": "49be48c7-ef53-4319-ae6c-5f2e7aa86193",
    "ruleset": {
      "name": "standard",
      "version": "v1.0.17"
    },
    "timeout": 500,
    "turn": 0,
    "width": 11,
    "height": 11,
    "snakes": [
      {
        "id": "gs_Bq3qySkyjWWRRpWbS93SG6wb",
        "name": "Phil the Cheese Snek",
        "latency": "",
        "health": 100,
        "body": [
          {
            "x": 5,
            "y": 1
          },
          {
            "x": 5,
            "y": 1
          },
          {
            "x": 5,
            "y": 1
          }
        ],
        "head": {
          "x": 5,
          "y": 1
        },
        "length": 3,
        "shout": ""
      },
      {
        "id": "gs_hHdfk3DhHcxmDDpCF4DVC8bK",
        "name": "Jormungand 0.1.0",
        "latency": "",
        "health": 100,
        "body": [
          {
            "x": 9,
            "y": 9
          },
          {
            "x": 9,
            "y": 9
          },
          {
            "x": 9,
            "y": 9
          }
        ],
        "head": {
          "x": 9,
          "y": 9
        },
        "length": 3,
        "shout": ""
      }
    ],
    "food": [
      {
        "x": 4,
        "y": 0
      },
      {
        "x": 8,
        "y": 8
      },
      {
        "x": 5,
        "y": 5
      }
    ],
    "you": {
      "id": "gs_hHdfk3DhHcxmDDpCF4DVC8bK",
      "name": "Jormungand 0.1.0",
      "latency": "",
      "health": 100,
      "body": [
        {
          "x": 9,
          "y": 9
        },
        {
          "x": 9,
          "y": 9
        },
        {
          "x": 9,
          "y": 9
        }
      ],
      "head": {
        "x": 9,
        "y": 9
      },
      "length": 3,
      "shout": ""
    },
    "snakeId": "gs_hHdfk3DhHcxmDDpCF4DVC8bK",
    "name": "Jormungand 0.1.0",
    "latency": "",
    "health": 100,
    "body": [
      {
        "x": 9,
        "y": 9
      },
      {
        "x": 9,
        "y": 9
      },
      {
        "x": 9,
        "y": 9
      }
    ],
    "head": {
      "x": 9,
      "y": 9
    },
    "length": 3,
    "shout": ""
  },
  {
    "gameId": "49be48c7-ef53-4319-ae6c-5f2e7aa86193",
    "ruleset": {
      "name": "standard",
      "version": "v1.0.17"
    },
    "timeout": 500,
    "turn": 0,
    "width": 11,
    "height": 11,
    "snakes": [
      {
        "id": "gs_Bq3qySkyjWWRRpWbS93SG6wb",
        "name": "Phil the Cheese Snek",
        "latency": "",
        "health": 100,
        "body": [
          {
            "x": 5,
            "y": 1
          },
          {
            "x": 5,
            "y": 1
          },
          {
            "x": 5,
            "y": 1
          }
        ],
        "head": {
          "x": 5,
          "y": 1
        },
        "length": 3,
        "shout": ""
      },
      {
        "id": "gs_hHdfk3DhHcxmDDpCF4DVC8bK",
        "name": "Jormungand 0.1.0",
        "latency": "",
        "health": 100,
        "body": [
          {
            "x": 9,
            "y": 9
          },
          {
            "x": 9,
            "y": 9
          },
          {
            "x": 9,
            "y": 9
          }
        ],
        "head": {
          "x": 9,
          "y": 9
        },
        "length": 3,
        "shout": ""
      }
    ],
    "food": [
      {
        "x": 4,
        "y": 0
      },
      {
        "x": 8,
        "y": 8
      },
      {
        "x": 5,
        "y": 5
      }
    ],
    "you": {
      "id": "gs_hHdfk3DhHcxmDDpCF4DVC8bK",
      "name": "Jormungand 0.1.0",
      "latency": "",
      "health": 100,
      "body": [
        {
          "x": 9,
          "y": 9
        },
        {
          "x": 9,
          "y": 9
        },
        {
          "x": 9,
          "y": 9
        }
      ],
      "head": {
        "x": 9,
        "y": 9
      },
      "length": 3,
      "shout": ""
    },
    "snakeId": "gs_hHdfk3DhHcxmDDpCF4DVC8bK",
    "name": "Jormungand 0.1.0",
    "latency": "",
    "health": 100,
    "body": [
      {
        "x": 9,
        "y": 9
      },
      {
        "x": 9,
        "y": 9
      },
      {
        "x": 9,
        "y": 9
      }
    ],
    "head": {
      "x": 9,
      "y": 9
    },
    "length": 3,
    "shout": ""
  },
  {
    "gameId": "49be48c7-ef53-4319-ae6c-5f2e7aa86193",
    "ruleset": {
      "name": "standard",
      "version": "v1.0.17"
    },
    "timeout": 500,
    "turn": 1,
    "width": 11,
    "height": 11,
    "snakes": [
      {
        "id": "gs_Bq3qySkyjWWRRpWbS93SG6wb",
        "name": "Phil the Cheese Snek",
        "latency": "103",
        "health": 99,
        "body": [
          {
            "x": 5,
            "y": 2
          },
          {
            "x": 5,
            "y": 1
          },
          {
            "x": 5,
            "y": 1
          }
        ],
        "head": {
          "x": 5,
          "y": 2
        },
        "length": 3,
        "shout": ""
      },
      {
        "id": "gs_hHdfk3DhHcxmDDpCF4DVC8bK",
        "name": "Jormungand 0.1.0",
        "latency": "104",
        "health": 99,
        "body": [
          {
            "x": 10,
            "y": 9
          },
          {
            "x": 9,
            "y": 9
          },
          {
            "x": 9,
            "y": 9
          }
        ],
        "head": {
          "x": 10,
          "y": 9
        },
        "length": 3,
        "shout": "I am moving up!"
      }
    ],
    "food": [
      {
        "x": 4,
        "y": 0
      },
      {
        "x": 8,
        "y": 8
      },
      {
        "x": 5,
        "y": 5
      }
    ],
    "you": {
      "id": "gs_hHdfk3DhHcxmDDpCF4DVC8bK",
      "name": "Jormungand 0.1.0",
      "latency": "104",
      "health": 99,
      "body": [
        {
          "x": 10,
          "y": 9
        },
        {
          "x": 9,
          "y": 9
        },
        {
          "x": 9,
          "y": 9
        }
      ],
      "head": {
        "x": 10,
        "y": 9
      },
      "length": 3,
      "shout": "I am moving up!"
    },
    "snakeId": "gs_hHdfk3DhHcxmDDpCF4DVC8bK",
    "name": "Jormungand 0.1.0",
    "latency": "104",
    "health": 99,
    "body": [
      {
        "x": 10,
        "y": 9
      },
      {
        "x": 9,
        "y": 9
      },
      {
        "x": 9,
        "y": 9
      }
    ],
    "head": {
      "x": 10,
      "y": 9
    },
    "length": 3,
    "shout": "I am moving up!"
  },
  {
    "gameId": "49be48c7-ef53-4319-ae6c-5f2e7aa86193",
    "ruleset": {
      "name": "standard",
      "version": "v1.0.17"
    },
    "timeout": 500,
    "turn": 2,
    "width": 11,
    "height": 11,
    "snakes": [
      {
        "id": "gs_Bq3qySkyjWWRRpWbS93SG6wb",
        "name": "Phil the Cheese Snek",
        "latency": "104",
        "health": 98,
        "body": [
          {
            "x": 5,
            "y": 3
          },
          {
            "x": 5,
            "y": 2
          },
          {
            "x": 5,
            "y": 1
          }
        ],
        "head": {
          "x": 5,
          "y": 3
        },
        "length": 3,
        "shout": ""
      },
      {
        "id": "gs_hHdfk3DhHcxmDDpCF4DVC8bK",
        "name": "Jormungand 0.1.0",
        "latency": "50",
        "health": 98,
        "body": [
          {
            "x": 10,
            "y": 8
          },
          {
            "x": 10,
            "y": 9
          },
          {
            "x": 9,
            "y": 9
          }
        ],
        "head": {
          "x": 10,
          "y": 8
        },
        "length": 3,
        "shout": "I am moving up!"
      }
    ],
    "food": [
      {
        "x": 4,
        "y": 0
      },
      {
        "x": 8,
        "y": 8
      },
      {
        "x": 5,
        "y": 5
      }
    ],
    "you": {
      "id": "gs_hHdfk3DhHcxmDDpCF4DVC8bK",
      "name": "Jormungand 0.1.0",
      "latency": "50",
      "health": 98,
      "body": [
        {
          "x": 10,
          "y": 8
        },
        {
          "x": 10,
          "y": 9
        },
        {
          "x": 9,
          "y": 9
        }
      ],
      "head": {
        "x": 10,
        "y": 8
      },
      "length": 3,
      "shout": "I am moving up!"
    },
    "snakeId": "gs_hHdfk3DhHcxmDDpCF4DVC8bK",
    "name": "Jormungand 0.1.0",
    "latency": "50",
    "health": 98,
    "body": [
      {
        "x": 10,
        "y": 8
      },
      {
        "x": 10,
        "y": 9
      },
      {
        "x": 9,
        "y": 9
      }
    ],
    "head": {
      "x": 10,
      "y": 8
    },
    "length": 3,
    "shout": "I am moving up!"
  },
  {
    "gameId": "49be48c7-ef53-4319-ae6c-5f2e7aa86193",
    "ruleset": {
      "name": "standard",
      "version": "v1.0.17"
    },
    "timeout": 500,
    "turn": 3,
    "width": 11,
    "height": 11,
    "snakes": [
      {
        "id": "gs_Bq3qySkyjWWRRpWbS93SG6wb",
        "name": "Phil the Cheese Snek",
        "latency": "103",
        "health": 97,
        "body": [
          {
            "x": 5,
            "y": 4
          },
          {
            "x": 5,
            "y": 3
          },
          {
            "x": 5,
            "y": 2
          }
        ],
        "head": {
          "x": 5,
          "y": 4
        },
        "length": 3,
        "shout": ""
      },
      {
        "id": "gs_hHdfk3DhHcxmDDpCF4DVC8bK",
        "name": "Jormungand 0.1.0",
        "latency": "50",
        "health": 97,
        "body": [
          {
            "x": 9,
            "y": 8
          },
          {
            "x": 10,
            "y": 8
          },
          {
            "x": 10,
            "y": 9
          }
        ],
        "head": {
          "x": 9,
          "y": 8
        },
        "length": 3,
        "shout": "I am moving up!"
      }
    ],
    "food": [
      {
        "x": 4,
        "y": 0
      },
      {
        "x": 8,
        "y": 8
      },
      {
        "x": 5,
        "y": 5
      }
    ],
    "you": {
      "id": "gs_hHdfk3DhHcxmDDpCF4DVC8bK",
      "name": "Jormungand 0.1.0",
      "latency": "50",
      "health": 97,
      "body": [
        {
          "x": 9,
          "y": 8
        },
        {
          "x": 10,
          "y": 8
        },
        {
          "x": 10,
          "y": 9
        }
      ],
      "head": {
        "x": 9,
        "y": 8
      },
      "length": 3,
      "shout": "I am moving up!"
    },
    "snakeId": "gs_hHdfk3DhHcxmDDpCF4DVC8bK",
    "name": "Jormungand 0.1.0",
    "latency": "50",
    "health": 97,
    "body": [
      {
        "x": 9,
        "y": 8
      },
      {
        "x": 10,
        "y": 8
      },
      {
        "x": 10,
        "y": 9
      }
    ],
    "head": {
      "x": 9,
      "y": 8
    },
    "length": 3,
    "shout": "I am moving up!"
  },
  {
    "gameId": "49be48c7-ef53-4319-ae6c-5f2e7aa86193",
    "ruleset": {
      "name": "standard",
      "version": "v1.0.17"
    },
    "timeout": 500,
    "turn": 4,
    "width": 11,
    "height": 11,
    "snakes": [
      {
        "id": "gs_Bq3qySkyjWWRRpWbS93SG6wb",
        "name": "Phil the Cheese Snek",
        "latency": "102",
        "health": 100,
        "body": [
          {
            "x": 5,
            "y": 5
          },
          {
            "x": 5,
            "y": 4
          },
          {
            "x": 5,
            "y": 3
          },
          {
            "x": 5,
            "y": 3
          }
        ],
        "head": {
          "x": 5,
          "y": 5
        },
        "length": 4,
        "shout": ""
      },
      {
        "id": "gs_hHdfk3DhHcxmDDpCF4DVC8bK",
        "name": "Jormungand 0.1.0",
        "latency": "49",
        "health": 96,
        "body": [
          {
            "x": 9,
            "y": 7
          },
          {
            "x": 9,
            "y": 8
          },
          {
            "x": 10,
            "y": 8
          }
        ],
        "head": {
          "x": 9,
          "y": 7
        },
        "length": 3,
        "shout": "I am moving up!"
      }
    ],
    "food": [
      {
        "x": 4,
        "y": 0
      },
      {
        "x": 8,
        "y": 8
      }
    ],
    "you": {
      "id": "gs_hHdfk3DhHcxmDDpCF4DVC8bK",
      "name": "Jormungand 0.1.0",
      "latency": "49",
      "health": 96,
      "body": [
        {
          "x": 9,
          "y": 7
        },
        {
          "x": 9,
          "y": 8
        },
        {
          "x": 10,
          "y": 8
        }
      ],
      "head": {
        "x": 9,
        "y": 7
      },
      "length": 3,
      "shout": "I am moving up!"
    },
    "snakeId": "gs_hHdfk3DhHcxmDDpCF4DVC8bK",
    "name": "Jormungand 0.1.0",
    "latency": "49",
    "health": 96,
    "body": [
      {
        "x": 9,
        "y": 7
      },
      {
        "x": 9,
        "y": 8
      },
      {
        "x": 10,
        "y": 8
      }
    ],
    "head": {
      "x": 9,
      "y": 7
    },
    "length": 3,
    "shout": "I am moving up!"
  },
  {
    "gameId": "49be48c7-ef53-4319-ae6c-5f2e7aa86193",
    "ruleset": {
      "name": "standard",
      "version": "v1.0.17"
    },
    "timeout": 500,
    "turn": 5,
    "width": 11,
    "height": 11,
    "snakes": [
      {
        "id": "gs_Bq3qySkyjWWRRpWbS93SG6wb",
        "name": "Phil the Cheese Snek",
        "latency": "102",
        "health": 99,
        "body": [
          {
            "x": 5,
            "y": 6
          },
          {
            "x": 5,
            "y": 5
          },
          {
            "x": 5,
            "y": 4
          },
          {
            "x": 5,
            "y": 3
          }
        ],
        "head": {
          "x": 5,
          "y": 6
        },
        "length": 4,
        "shout": ""
      },
      {
        "id": "gs_hHdfk3DhHcxmDDpCF4DVC8bK",
        "name": "Jormungand 0.1.0",
        "latency": "50",
        "health": 95,
        "body": [
          {
            "x": 8,
            "y": 7
          },
          {
            "x": 9,
            "y": 7
          },
          {
            "x": 9,
            "y": 8
          }
        ],
        "head": {
          "x": 8,
          "y": 7
        },
        "length": 3,
        "shout": "I am moving up!"
      }
    ],
    "food": [
      {
        "x": 4,
        "y": 0
      },
      {
        "x": 8,
        "y": 8
      }
    ],
    "you": {
      "id": "gs_hHdfk3DhHcxmDDpCF4DVC8bK",
      "name": "Jormungand 0.1.0",
      "latency": "50",
      "health": 95,
      "body": [
        {
          "x": 8,
          "y": 7
        },
        {
          "x": 9,
          "y": 7
        },
        {
          "x": 9,
          "y": 8
        }
      ],
      "head": {
        "x": 8,
        "y": 7
      },
      "length": 3,
      "shout": "I am moving up!"
    },
    "snakeId": "gs_hHdfk3DhHcxmDDpCF4DVC8bK",
    "name": "Jormungand 0.1.0",
    "latency": "50",
    "health": 95,
    "body": [
      {
        "x": 8,
        "y": 7
      },
      {
        "x": 9,
        "y": 7
      },
      {
        "x": 9,
        "y": 8
      }
    ],
    "head": {
      "x": 8,
      "y": 7
    },
    "length": 3,
    "shout": "I am moving up!"
  },
  {
    "gameId": "49be48c7-ef53-4319-ae6c-5f2e7aa86193",
    "ruleset": {
      "name": "standard",
      "version": "v1.0.17"
    },
    "timeout": 500,
    "turn": 6,
    "width": 11,
    "height": 11,
    "snakes": [
      {
        "id": "gs_Bq3qySkyjWWRRpWbS93SG6wb",
        "name": "Phil the Cheese Snek",
        "latency": "105",
        "health": 98,
        "body": [
          {
            "x": 5,
            "y": 7
          },
          {
            "x": 5,
            "y": 6
          },
          {
            "x": 5,
            "y": 5
          },
          {
            "x": 5,
            "y": 4
          }
        ],
        "head": {
          "x": 5,
          "y": 7
        },
        "length": 4,
        "shout": ""
      },
      {
        "id": "gs_hHdfk3DhHcxmDDpCF4DVC8bK",
        "name": "Jormungand 0.1.0",
        "latency": "50",
        "health": 100,
        "body": [
          {
            "x": 8,
            "y": 8
          },
          {
            "x": 8,
            "y": 7
          },
          {
            "x": 9,
            "y": 7
          },
          {
            "x": 9,
            "y": 7
          }
        ],
        "head": {
          "x": 8,
          "y": 8
        },
        "length": 4,
        "shout": "I am moving up!"
      }
    ],
    "food": [
      {
        "x": 4,
        "y": 0
      }
    ],
    "you": {
      "id": "gs_hHdfk3DhHcxmDDpCF4DVC8bK",
      "name": "Jormungand 0.1.0",
      "latency": "50",
      "health": 100,
      "body": [
        {
          "x": 8,
          "y": 8
        },
        {
          "x": 8,
          "y": 7
        },
        {
          "x": 9,
          "y": 7
        },
        {
          "x": 9,
          "y": 7
        }
      ],
      "head": {
        "x": 8,
        "y": 8
      },
      "length": 4,
      "shout": "I am moving up!"
    },
    "snakeId": "gs_hHdfk3DhHcxmDDpCF4DVC8bK",
    "name": "Jormungand 0.1.0",
    "latency": "50",
    "health": 100,
    "body": [
      {
        "x": 8,
        "y": 8
      },
      {
        "x": 8,
        "y": 7
      },
      {
        "x": 9,
        "y": 7
      },
      {
        "x": 9,
        "y": 7
      }
    ],
    "head": {
      "x": 8,
      "y": 8
    },
    "length": 4,
    "shout": "I am moving up!"
  },
  {
    "gameId": "49be48c7-ef53-4319-ae6c-5f2e7aa86193",
    "ruleset": {
      "name": "standard",
      "version": "v1.0.17"
    },
    "timeout": 500,
    "turn": 7,
    "width": 11,
    "height": 11,
    "snakes": [
      {
        "id": "gs_Bq3qySkyjWWRRpWbS93SG6wb",
        "name": "Phil the Cheese Snek",
        "latency": "103",
        "health": 97,
        "body": [
          {
            "x": 5,
            "y": 8
          },
          {
            "x": 5,
            "y": 7
          },
          {
            "x": 5,
            "y": 6
          },
          {
            "x": 5,
            "y": 5
          }
        ],
        "head": {
          "x": 5,
          "y": 8
        },
        "length": 4,
        "shout": ""
      },
      {
        "id": "gs_hHdfk3DhHcxmDDpCF4DVC8bK",
        "name": "Jormungand 0.1.0",
        "latency": "50",
        "health": 99,
        "body": [
          {
            "x": 7,
            "y": 8
          },
          {
            "x": 8,
            "y": 8
          },
          {
            "x": 8,
            "y": 7
          },
          {
            "x": 9,
            "y": 7
          }
        ],
        "head": {
          "x": 7,
          "y": 8
        },
        "length": 4,
        "shout": "I am moving up!"
      }
    ],
    "food": [
      {
        "x": 4,
        "y": 0
      }
    ],
    "you": {
      "id": "gs_hHdfk3DhHcxmDDpCF4DVC8bK",
      "name": "Jormungand 0.1.0",
      "latency": "50",
      "health": 99,
      "body": [
        {
          "x": 7,
          "y": 8
        },
        {
          "x": 8,
          "y": 8
        },
        {
          "x": 8,
          "y": 7
        },
        {
          "x": 9,
          "y": 7
        }
      ],
      "head": {
        "x": 7,
        "y": 8
      },
      "length": 4,
      "shout": "I am moving up!"
    },
    "snakeId": "gs_hHdfk3DhHcxmDDpCF4DVC8bK",
    "name": "Jormungand 0.1.0",
    "latency": "50",
    "health": 99,
    "body": [
      {
        "x": 7,
        "y": 8
      },
      {
        "x": 8,
        "y": 8
      },
      {
        "x": 8,
        "y": 7
      },
      {
        "x": 9,
        "y": 7
      }
    ],
    "head": {
      "x": 7,
      "y": 8
    },
    "length": 4,
    "shout": "I am moving up!"
  },
  {
    "gameId": "49be48c7-ef53-4319-ae6c-5f2e7aa86193",
    "ruleset": {
      "name": "standard",
      "version": "v1.0.17"
    },
    "timeout": 500,
    "turn": 8,
    "width": 11,
    "height": 11,
    "snakes": [
      {
        "id": "gs_Bq3qySkyjWWRRpWbS93SG6wb",
        "name": "Phil the Cheese Snek",
        "latency": "102",
        "health": 96,
        "body": [
          {
            "x": 5,
            "y": 9
          },
          {
            "x": 5,
            "y": 8
          },
          {
            "x": 5,
            "y": 7
          },
          {
            "x": 5,
            "y": 6
          }
        ],
        "head": {
          "x": 5,
          "y": 9
        },
        "length": 4,
        "shout": ""
      },
      {
        "id": "gs_hHdfk3DhHcxmDDpCF4DVC8bK",
        "name": "Jormungand 0.1.0",
        "latency": "50",
        "health": 98,
        "body": [
          {
            "x": 7,
            "y": 7
          },
          {
            "x": 7,
            "y": 8
          },
          {
            "x": 8,
            "y": 8
          },
          {
            "x": 8,
            "y": 7
          }
        ],
        "head": {
          "x": 7,
          "y": 7
        },
        "length": 4,
        "shout": "I am moving up!"
      }
    ],
    "food": [
      {
        "x": 4,
        "y": 0
      }
    ],
    "you": {
      "id": "gs_hHdfk3DhHcxmDDpCF4DVC8bK",
      "name": "Jormungand 0.1.0",
      "latency": "50",
      "health": 98,
      "body": [
        {
          "x": 7,
          "y": 7
        },
        {
          "x": 7,
          "y": 8
        },
        {
          "x": 8,
          "y": 8
        },
        {
          "x": 8,
          "y": 7
        }
      ],
      "head": {
        "x": 7,
        "y": 7
      },
      "length": 4,
      "shout": "I am moving up!"
    },
    "snakeId": "gs_hHdfk3DhHcxmDDpCF4DVC8bK",
    "name": "Jormungand 0.1.0",
    "latency": "50",
    "health": 98,
    "body": [
      {
        "x": 7,
        "y": 7
      },
      {
        "x": 7,
        "y": 8
      },
      {
        "x": 8,
        "y": 8
      },
      {
        "x": 8,
        "y": 7
      }
    ],
    "head": {
      "x": 7,
      "y": 7
    },
    "length": 4,
    "shout": "I am moving up!"
  },
  {
    "gameId": "49be48c7-ef53-4319-ae6c-5f2e7aa86193",
    "ruleset": {
      "name": "standard",
      "version": "v1.0.17"
    },
    "timeout": 500,
    "turn": 9,
    "width": 11,
    "height": 11,
    "snakes": [
      {
        "id": "gs_Bq3qySkyjWWRRpWbS93SG6wb",
        "name": "Phil the Cheese Snek",
        "latency": "103",
        "health": 95,
        "body": [
          {
            "x": 5,
            "y": 10
          },
          {
            "x": 5,
            "y": 9
          },
          {
            "x": 5,
            "y": 8
          },
          {
            "x": 5,
            "y": 7
          }
        ],
        "head": {
          "x": 5,
          "y": 10
        },
        "length": 4,
        "shout": ""
      },
      {
        "id": "gs_hHdfk3DhHcxmDDpCF4DVC8bK",
        "name": "Jormungand 0.1.0",
        "latency": "52",
        "health": 97,
        "body": [
          {
            "x": 6,
            "y": 7
          },
          {
            "x": 7,
            "y": 7
          },
          {
            "x": 7,
            "y": 8
          },
          {
            "x": 8,
            "y": 8
          }
        ],
        "head": {
          "x": 6,
          "y": 7
        },
        "length": 4,
        "shout": "I am moving up!"
      }
    ],
    "food": [
      {
        "x": 4,
        "y": 0
      }
    ],
    "you": {
      "id": "gs_hHdfk3DhHcxmDDpCF4DVC8bK",
      "name": "Jormungand 0.1.0",
      "latency": "52",
      "health": 97,
      "body": [
        {
          "x": 6,
          "y": 7
        },
        {
          "x": 7,
          "y": 7
        },
        {
          "x": 7,
          "y": 8
        },
        {
          "x": 8,
          "y": 8
        }
      ],
      "head": {
        "x": 6,
        "y": 7
      },
      "length": 4,
      "shout": "I am moving up!"
    },
    "snakeId": "gs_hHdfk3DhHcxmDDpCF4DVC8bK",
    "name": "Jormungand 0.1.0",
    "latency": "52",
    "health": 97,
    "body": [
      {
        "x": 6,
        "y": 7
      },
      {
        "x": 7,
        "y": 7
      },
      {
        "x": 7,
        "y": 8
      },
      {
        "x": 8,
        "y": 8
      }
    ],
    "head": {
      "x": 6,
      "y": 7
    },
    "length": 4,
    "shout": "I am moving up!"
  }
]