[
  {
    "gameId": "502dc9d4-7fcd-498f-91a7-e8cbb8a32e9d",
    "ruleset": {
      "name": "standard",
      "version": "v1.0.17"
    },
    "timeout": 500,
    "turn": 0,
    "width": 11,
    "height": 11,
    "snakes": [
      {
        "id": "gs_hJTqDgSRKGbmmtYrT84S6wk4",
        "name": "Purple Dragoony Snake",
        "latency": "",
        "health": 100,
        "body": [
          {
            "x": 9,
            "y": 5
          },
          {
            "x": 9,
            "y": 5
          },
          {
            "x": 9,
            "y": 5
          }
        ],
        "head": {
          "x": 9,
          "y": 5
        },
        "length": 3,
        "shout": ""
      },
      {
        "id": "gs_VpcX66pYPrvV9h4JDpyS4hdQ",
        "name": "Jormungand 0.1.0",
        "latency": "",
        "health": 100,
        "body": [
          {
            "x": 1,
            "y": 9
          },
          {
            "x": 1,
            "y": 9
          },
          {
            "x": 1,
            "y": 9
          }
        ],
        "head": {
          "x": 1,
          "y": 9
        },
        "length": 3,
        "shout": ""
      }
    ],
    "food": [
      {
        "x": 10,
        "y": 4
      },
      {
        "x": 0,
        "y": 8
      },
      {
        "x": 5,
        "y": 5
      }
    ],
    "you": {
      "id": "gs_VpcX66pYPrvV9h4JDpyS4hdQ",
      "name": "Jormungand 0.1.0",
      "latency": "",
      "health": 100,
      "body": [
        {
          "x": 1,
          "y": 9
        },
        {
          "x": 1,
          "y": 9
        },
        {
          "x": 1,
          "y": 9
        }
      ],
      "head": {
        "x": 1,
        "y": 9
      },
      "length": 3,
      "shout": ""
    },
    "snakeId": "gs_VpcX66pYPrvV9h4JDpyS4hdQ",
    "name": "Jormungand 0.1.0",
    "latency": "",
    "health": 100,
    "body": [
      {
        "x": 1,
        "y": 9
      },
      {
        "x": 1,
        "y": 9
      },
      {
        "x": 1,
        "y": 9
      }
    ],
    "head": {
      "x": 1,
      "y": 9
    },
    "length": 3,
    "shout": ""
  },
  {
    "gameId": "502dc9d4-7fcd-498f-91a7-e8cbb8a32e9d",
    "ruleset": {
      "name": "standard",
      "version": "v1.0.17"
    },
    "timeout": 500,
    "turn": 0,
    "width": 11,
    "height": 11,
    "snakes": [
      {
        "id": "gs_hJTqDgSRKGbmmtYrT84S6wk4",
        "name": "Purple Dragoony Snake",
        "latency": "",
        "health": 100,
        "body": [
          {
            "x": 9,
            "y": 5
          },
          {
            "x": 9,
            "y": 5
          },
          {
            "x": 9,
            "y": 5
          }
        ],
        "head": {
          "x": 9,
          "y": 5
        },
        "length": 3,
        "shout": ""
      },
      {
        "id": "gs_VpcX66pYPrvV9h4JDpyS4hdQ",
        "name": "Jormungand 0.1.0",
        "latency": "",
        "health": 100,
        "body": [
          {
            "x": 1,
            "y": 9
          },
          {
            "x": 1,
            "y": 9
          },
          {
            "x": 1,
            "y": 9
          }
        ],
        "head": {
          "x": 1,
          "y": 9
        },
        "length": 3,
        "shout": ""
      }
    ],
    "food": [
      {
        "x": 10,
        "y": 4
      },
      {
        "x": 0,
        "y": 8
      },
      {
        "x": 5,
        "y": 5
      }
    ],
    "you": {
      "id": "gs_VpcX66pYPrvV9h4JDpyS4hdQ",
      "name": "Jormungand 0.1.0",
      "latency": "",
      "health": 100,
      "body": [
        {
          "x": 1,
          "y": 9
        },
        {
          "x": 1,
          "y": 9
        },
        {
          "x": 1,
          "y": 9
        }
      ],
      "head": {
        "x": 1,
        "y": 9
      },
      "length": 3,
      "shout": ""
    },
    "snakeId": "gs_VpcX66pYPrvV9h4JDpyS4hdQ",
    "name": "Jormungand 0.1.0",
    "latency": "",
    "health": 100,
    "body": [
      {
        "x": 1,
        "y": 9
      },
      {
        "x": 1,
        "y": 9
      },
      {
        "x": 1,
        "y": 9
      }
    ],
    "head": {
      "x": 1,
      "y": 9
    },
    "length": 3,
    "shout": ""
  },
  {
    "gameId": "502dc9d4-7fcd-498f-91a7-e8cbb8a32e9d",
    "ruleset": {
      "name": "standard",
      "version": "v1.0.17"
    },
    "timeout": 500,
    "turn": 1,
    "width": 11,
    "height": 11,
    "snakes": [
      {
        "id": "gs_hJTqDgSRKGbmmtYrT84S6wk4",
        "name": "Purple Dragoony Snake",
        "latency": "262",
        "health": 99,
        "body": [
          {
            "x": 9,
            "y": 6
          },
          {
            "x": 9,
            "y": 5
          },
          {
            "x": 9,
            "y": 5
          }
        ],
        "head": {
          "x": 9,
          "y": 6
        },
        "length": 3,
        "shout": ""
      },
      {
        "id": "gs_VpcX66pYPrvV9h4JDpyS4hdQ",
        "name": "Jormungand 0.1.0",
        "latency": "103",
        "health": 99,
        "body": [
          {
            "x": 0,
            "y": 9
          },
          {
            "x": 1,
            "y": 9
          },
          {
            "x": 1,
            "y": 9
          }
        ],
        "head": {
          "x": 0,
          "y": 9
        },
        "length": 3,
        "shout": "I am moving up!"
      }
    ],
    "food": [
      {
        "x": 10,
        "y": 4
      },
      {
        "x": 0,
        "y": 8
      },
      {
        "x": 5,
        "y": 5
      }
    ],
    "you": {
      "id": "gs_VpcX66pYPrvV9h4JDpyS4hdQ",
      "name": "Jormungand 0.1.0",
      "latency": "103",
      "health": 99,
      "body": [
        {
          "x": 0,
          "y": 9
        },
        {
          "x": 1,
          "y": 9
        },
        {
          "x": 1,
          "y": 9
        }
      ],
      "head": {
        "x": 0,
        "y": 9
      },
      "length": 3,
      "shout": "I am moving up!"
    },
    "snakeId": "gs_VpcX66pYPrvV9h4JDpyS4hdQ",
    "name": "Jormungand 0.1.0",
    "latency": "103",
    "health": 99,
    "body": [
      {
        "x": 0,
        "y": 9
      },
      {
        "x": 1,
        "y": 9
      },
      {
        "x": 1,
        "y": 9
      }
    ],
    "head": {
      "x": 0,
      "y": 9
    },
    "length": 3,
    "shout": "I am moving up!"
  },
  {
    "gameId": "502dc9d4-7fcd-498f-91a7-e8cbb8a32e9d",
    "ruleset": {
      "name": "standard",
      "version": "v1.0.17"
    },
    "timeout": 500,
    "turn": 2,
    "width": 11,
    "height": 11,
    "snakes": [
      {
        "id": "gs_hJTqDgSRKGbmmtYrT84S6wk4",
        "name": "Purple Dragoony Snake",
        "latency": "264",
        "health": 98,
        "body": [
          {
            "x": 9,
            "y": 7
          },
          {
            "x": 9,
            "y": 6
          },
          {
            "x": 9,
            "y": 5
          }
        ],
        "head": {
          "x": 9,
          "y": 7
        },
        "length": 3,
        "shout": ""
      },
      {
        "id": "gs_VpcX66pYPrvV9h4JDpyS4hdQ",
        "name": "Jormungand 0.1.0",
        "latency": "49",
        "health": 100,
        "body": [
          {
            "x": 0,
            "y": 8
          },
          {
            "x": 0,
            "y": 9
          },
          {
            "x": 1,
            "y": 9
          },
          {
            "x": 1,
            "y": 9
          }
        ],
        "head": {
          "x": 0,
          "y": 8
        },
        "length": 4,
        "shout": "I am moving up!"
      }
    ],
    "food": [
      {
        "x": 10,
        "y": 4
      },
      {
        "x": 5,
        "y": 5
      }
    ],
    "you": {
      "id": "gs_VpcX66pYPrvV9h4JDpyS4hdQ",
      "name": "Jormungand 0.1.0",
      "latency": "49",
      "health": 100,
      "body": [
        {
          "x": 0,
          "y": 8
        },
        {
          "x": 0,
          "y": 9
        },
        {
          "x": 1,
          "y": 9
        },
        {
          "x": 1,
          "y": 9
        }
      ],
      "head": {
        "x": 0,
        "y": 8
      },
      "length": 4,
      "shout": "I am moving up!"
    },
    "snakeId": "gs_VpcX66pYPrvV9h4JDpyS4hdQ",
    "name": "Jormungand 0.1.0",
    "latency": "49",
    "health": 100,
    "body": [
      {
        "x": 0,
        "y": 8
      },
      {
        "x": 0,
        "y": 9
      },
      {
        "x": 1,
        "y": 9
      },
      {
        "x": 1,
        "y": 9
      }
    ],
    "head": {
      "x": 0,
      "y": 8
    },
    "length": 4,
    "shout": "I am moving up!"
  },
  {
    "gameId": "502dc9d4-7fcd-498f-91a7-e8cbb8a32e9d",
    "ruleset": {
      "name": "standard",
      "version": "v1.0.17"
    },
    "timeout": 500,
    "turn": 3,
    "width": 11,
    "height": 11,
    "snakes": [
      {
        "id": "gs_hJTqDgSRKGbmmtYrT84S6wk4",
        "name": "Purple Dragoony Snake",
        "latency": "295",
        "health": 97,
        "body": [
          {
            "x": 9,
            "y": 8
          },
          {
            "x": 9,
            "y": 7
          },
          {
            "x": 9,
            "y": 6
          }
        ],
        "head": {
          "x": 9,
          "y": 8
        },
        "length": 3,
        "shout": ""
      },
      {
        "id": "gs_VpcX66pYPrvV9h4JDpyS4hdQ",
        "name": "Jormungand 0.1.0",
        "latency": "49",
        "health": 99,
        "body": [
          {
            "x": 1,
            "y": 8
          },
          {
            "x": 0,
            "y": 8
          },
          {
            "x": 0,
            "y": 9
          },
          {
            "x": 1,
            "y": 9
          }
        ],
        "head": {
          "x": 1,
          "y": 8
        },
        "length": 4,
        "shout": "I am moving up!"
      }
    ],
    "food": [
      {
        "x": 10,
        "y": 4
      },
      {
        "x": 5,
        "y": 5
      }
    ],
    "you": {
      "id": "gs_VpcX66pYPrvV9h4JDpyS4hdQ",
      "name": "Jormungand 0.1.0",
      "latency": "49",
      "health": 99,
      "body": [
        {
          "x": 1,
          "y": 8
        },
        {
          "x": 0,
          "y": 8
        },
        {
          "x": 0,
          "y": 9
        },
        {
          "x": 1,
          "y": 9
        }
      ],
      "head": {
        "x": 1,
        "y": 8
      },
      "length": 4,
      "shout": "I am moving up!"
    },
    "snakeId": "gs_VpcX66pYPrvV9h4JDpyS4hdQ",
    "name": "Jormungand 0.1.0",
    "latency": "49",
    "health": 99,
    "body": [
      {
        "x": 1,
        "y": 8
      },
      {
        "x": 0,
        "y": 8
      },
      {
        "x": 0,
        "y": 9
      },
      {
        "x": 1,
        "y": 9
      }
    ],
    "head": {
      "x": 1,
      "y": 8
    },
    "length": 4,
    "shout": "I am moving up!"
  },
  {
    "gameId": "502dc9d4-7fcd-498f-91a7-e8cbb8a32e9d",
    "ruleset": {
      "name": "standard",
      "version": "v1.0.17"
    },
    "timeout": 500,
    "turn": 4,
    "width": 11,
    "height": 11,
    "snakes": [
      {
        "id": "gs_hJTqDgSRKGbmmtYrT84S6wk4",
        "name": "Purple Dragoony Snake",
        "latency": "292",
        "health": 96,
        "body": [
          {
            "x": 9,
            "y": 9
          },
          {
            "x": 9,
            "y": 8
          },
          {
            "x": 9,
            "y": 7
          }
        ],
        "head": {
          "x": 9,
          "y": 9
        },
        "length": 3,
        "shout": ""
      },
      {
        "id": "gs_VpcX66pYPrvV9h4JDpyS4hdQ",
        "name": "Jormungand 0.1.0",
        "latency": "49",
        "health": 98,
        "body": [
          {
            "x": 2,
            "y": 8
          },
          {
            "x": 1,
            "y": 8
          },
          {
            "x": 0,
            "y": 8
          },
          {
            "x": 0,
            "y": 9
          }
        ],
        "head": {
          "x": 2,
          "y": 8
        },
        "length": 4,
        "shout": "I am moving up!"
      }
    ],
    "food": [
      {
        "x": 10,
        "y": 4
      },
      {
        "x": 5,
        "y": 5
      }
    ],
    "you": {
      "id": "gs_VpcX66pYPrvV9h4JDpyS4hdQ",
      "name": "Jormungand 0.1.0",
      "latency": "49",
      "health": 98,
      "body": [
        {
          "x": 2,
          "y": 8
        },
        {
          "x": 1,
          "y": 8
        },
        {
          "x": 0,
          "y": 8
        },
        {
          "x": 0,
          "y": 9
        }
      ],
      "head": {
        "x": 2,
        "y": 8
      },
      "length": 4,
      "shout": "I am moving up!"
    },
    "snakeId": "gs_VpcX66pYPrvV9h4JDpyS4hdQ",
    "name": "Jormungand 0.1.0",
    "latency": "49",
    "health": 98,
    "body": [
      {
        "x": 2,
        "y": 8
      },
      {
        "x": 1,
        "y": 8
      },
      {
        "x": 0,
        "y": 8
      },
      {
        "x": 0,
        "y": 9
      }
    ],
    "head": {
      "x": 2,
      "y": 8
    },
    "length": 4,
    "shout": "I am moving up!"
  },
  {
    "gameId": "502dc9d4-7fcd-498f-91a7-e8cbb8a32e9d",
    "ruleset": {
      "name": "standard",
      "version": "v1.0.17"
    },
    "timeout": 500,
    "turn": 5,
    "width": 11,
    "height": 11,
    "snakes": [
      {
        "id": "gs_hJTqDgSRKGbmmtYrT84S6wk4",
        "name": "Purple Dragoony Snake",
        "latency": "305",
        "health": 95,
        "body": [
          {
            "x": 9,
            "y": 10
          },
          {
            "x": 9,
            "y": 9
          },
          {
            "x": 9,
            "y": 8
          }
        ],
        "head": {
          "x": 9,
          "y": 10
        },
        "length": 3,
        "shout": ""
      },
      {
        "id": "gs_VpcX66pYPrvV9h4JDpyS4hdQ",
        "name": "Jormungand 0.1.0",
        "latency": "49",
        "health": 97,
        "body": [
          {
            "x": 2,
            "y": 7
          },
          {
            "x": 2,
            "y": 8
          },
          {
            "x": 1,
            "y": 8
          },
          {
            "x": 0,
            "y": 8
          }
        ],
        "head": {
          "x": 2,
          "y": 7
        },
        "length": 4,
        "shout": "I am moving up!"
      }
    ],
    "food": [
      {
        "x": 10,
        "y": 4
      },
      {
        "x": 5,
        "y": 5
      },
      {
        "x": 3,
        "y": 0
      }
    ],
    "you": {
      "id": "gs_VpcX66pYPrvV9h4JDpyS4hdQ",
      "name": "Jormungand 0.1.0",
      "latency": "49",
      "health": 97,
      "body": [
        {
          "x": 2,
          "y": 7
        },
        {
          "x": 2,
          "y": 8
        },
        {
          "x": 1,
          "y": 8
        },
        {
          "x": 0,
          "y": 8
        }
      ],
      "head": {
        "x": 2,
        "y": 7
      },
      "length": 4,
      "shout": "I am moving up!"
    },
    "snakeId": "gs_VpcX66pYPrvV9h4JDpyS4hdQ",
    "name": "Jormungand 0.1.0",
    "latency": "49",
    "health": 97,
    "body": [
      {
        "x": 2,
        "y": 7
      },
      {
        "x": 2,
        "y": 8
      },
      {
        "x": 1,
        "y": 8
      },
      {
        "x": 0,
        "y": 8
      }
    ],
    "head": {
      "x": 2,
      "y": 7
    },
    "length": 4,
    "shout": "I am moving up!"
  }
]