[
  {
    "gameId": "55ba4615-ef63-4446-8481-45d4440faa1a",
    "ruleset": {
      "name": "standard",
      "version": "v1.0.17"
    },
    "timeout": 500,
    "turn": 0,
    "width": 11,
    "height": 11,
    "snakes": [
      {
        "id": "gs_Yr4mhbFDSRPGWQjPmKCJfBw8",
        "name": "Purple Dragoony Snake",
        "latency": "",
        "health": 100,
        "body": [
          {
            "x": 1,
            "y": 1
          },
          {
            "x": 1,
            "y": 1
          },
          {
            "x": 1,
            "y": 1
          }
        ],
        "head": {
          "x": 1,
          "y": 1
        },
        "length": 3,
        "shout": ""
      },
      {
        "id": "gs_4d4hqf8HmD9xBXChgK99PTDF",
        "name": "Jormungand 0.1.0",
        "latency": "",
        "health": 100,
        "body": [
          {
            "x": 5,
            "y": 1
          },
          {
            "x": 5,
            "y": 1
          },
          {
            "x": 5,
            "y": 1
          }
        ],
        "head": {
          "x": 5,
          "y": 1
        },
        "length": 3,
        "shout": ""
      }
    ],
    "food": [
      {
        "x": 2,
        "y": 0
      },
      {
        "x": 4,
        "y": 0
      },
      {
        "x": 5,
        "y": 5
      }
    ],
    "you": {
      "id": "gs_4d4hqf8HmD9xBXChgK99PTDF",
      "name": "Jormungand 0.1.0",
      "latency": "",
      "health": 100,
      "body": [
        {
          "x": 5,
          "y": 1
        },
        {
          "x": 5,
          "y": 1
        },
        {
          "x": 5,
          "y": 1
        }
      ],
      "head": {
        "x": 5,
        "y": 1
      },
      "length": 3,
      "shout": ""
    },
    "snakeId": "gs_4d4hqf8HmD9xBXChgK99PTDF",
    "name": "Jormungand 0.1.0",
    "latency": "",
    "health": 100,
    "body": [
      {
        "x": 5,
        "y": 1
      },
      {
        "x": 5,
        "y": 1
      },
      {
        "x": 5,
        "y": 1
      }
    ],
    "head": {
      "x": 5,
      "y": 1
    },
    "length": 3,
    "shout": ""
  },
  {
    "gameId": "55ba4615-ef63-4446-8481-45d4440faa1a",
    "ruleset": {
      "name": "standard",
      "version": "v1.0.17"
    },
    "timeout": 500,
    "turn": 0,
    "width": 11,
    "height": 11,
    "snakes": [
      {
        "id": "gs_Yr4mhbFDSRPGWQjPmKCJfBw8",
        "name": "Purple Dragoony Snake",
        "latency": "",
        "health": 100,
        "body": [
          {
            "x": 1,
            "y": 1
          },
          {
            "x": 1,
            "y": 1
          },
          {
            "x": 1,
            "y": 1
          }
        ],
        "head": {
          "x": 1,
          "y": 1
        },
        "length": 3,
        "shout": ""
      },
      {
        "id": "gs_4d4hqf8HmD9xBXChgK99PTDF",
        "name": "Jormungand 0.1.0",
        "latency": "",
        "health": 100,
        "body": [
          {
            "x": 5,
            "y": 1
          },
          {
            "x": 5,
            "y": 1
          },
          {
            "x": 5,
            "y": 1
          }
        ],
        "head": {
          "x": 5,
          "y": 1
        },
        "length": 3,
        "shout": ""
      }
    ],
    "food": [
      {
        "x": 2,
        "y": 0
      },
      {
        "x": 4,
        "y": 0
      },
      {
        "x": 5,
        "y": 5
      }
    ],
    "you": {
      "id": "gs_4d4hqf8HmD9xBXChgK99PTDF",
      "name": "Jormungand 0.1.0",
      "latency": "",
      "health": 100,
      "body": [
        {
          "x": 5,
          "y": 1
        },
        {
          "x": 5,
          "y": 1
        },
        {
          "x": 5,
          "y": 1
        }
      ],
      "head": {
        "x": 5,
        "y": 1
      },
      "length": 3,
      "shout": ""
    },
    "snakeId": "gs_4d4hqf8HmD9xBXChgK99PTDF",
    "name": "Jormungand 0.1.0",
    "latency": "",
    "health": 100,
    "body": [
      {
        "x": 5,
        "y": 1
      },
      {
        "x": 5,
        "y": 1
      },
      {
        "x": 5,
        "y": 1
      }
    ],
    "head": {
      "x": 5,
      "y": 1
    },
    "length": 3,
    "shout": ""
  },
  {
    "gameId": "55ba4615-ef63-4446-8481-45d4440faa1a",
    "ruleset": {
      "name": "standard",
      "version": "v1.0.17"
    },
    "timeout": 500,
    "turn": 1,
    "width": 11,
    "height": 11,
    "snakes": [
      {
        "id": "gs_Yr4mhbFDSRPGWQjPmKCJfBw8",
        "name": "Purple Dragoony Snake",
        "latency": "296",
        "health": 99,
        "body": [
          {
            "x": 1,
            "y": 2
          },
          {
            "x": 1,
            "y": 1
          },
          {
            "x": 1,
            "y": 1
          }
        ],
        "head": {
          "x": 1,
          "y": 2
        },
        "length": 3,
        "shout": ""
      },
      {
        "id": "gs_4d4hqf8HmD9xBXChgK99PTDF",
        "name": "Jormungand 0.1.0",
        "latency": "49",
        "health": 99,
        "body": [
          {
            "x": 5,
            "y": 2
          },
          {
            "x": 5,
            "y": 1
          },
          {
            "x": 5,
            "y": 1
          }
        ],
        "head": {
          "x": 5,
          "y": 2
        },
        "length": 3,
        "shout": "I am moving up!"
      }
    ],
    "food": [
      {
        "x": 2,
        "y": 0
      },
      {
        "x": 4,
        "y": 0
      },
      {
        "x": 5,
        "y": 5
      }
    ],
    "you": {
      "id": "gs_4d4hqf8HmD9xBXChgK99PTDF",
      "name": "Jormungand 0.1.0",
      "latency": "49",
      "health": 99,
      "body": [
        {
          "x": 5,
          "y": 2
        },
        {
          "x": 5,
          "y": 1
        },
        {
          "x": 5,
          "y": 1
        }
      ],
      "head": {
        "x": 5,
        "y": 2
      },
      "length": 3,
      "shout": "I am moving up!"
    },
    "snakeId": "gs_4d4hqf8HmD9xBXChgK99PTDF",
    "name": "Jormungand 0.1.0",
    "latency": "49",
    "health": 99,
    "body": [
      {
        "x": 5,
        "y": 2
      },
      {
        "x": 5,
        "y": 1
      },
      {
        "x": 5,
        "y": 1
      }
    ],
    "head": {
      "x": 5,
      "y": 2
    },
    "length": 3,
    "shout": "I am moving up!"
  },
  {
    "gameId": "55ba4615-ef63-4446-8481-45d4440faa1a",
    "ruleset": {
      "name": "standard",
      "version": "v1.0.17"
    },
    "timeout": 500,
    "turn": 2,
    "width": 11,
    "height": 11,
    "snakes": [
      {
        "id": "gs_Yr4mhbFDSRPGWQjPmKCJfBw8",
        "name": "Purple Dragoony Snake",
        "latency": "333",
        "health": 98,
        "body": [
          {
            "x": 1,
            "y": 3
          },
          {
            "x": 1,
            "y": 2
          },
          {
            "x": 1,
            "y": 1
          }
        ],
        "head": {
          "x": 1,
          "y": 3
        },
        "length": 3,
        "shout": ""
      },
      {
        "id": "gs_4d4hqf8HmD9xBXChgK99PTDF",
        "name": "Jormungand 0.1.0",
        "latency": "50",
        "health": 98,
        "body": [
          {
            "x": 4,
            "y": 2
          },
          {
            "x": 5,
            "y": 2
          },
          {
            "x": 5,
            "y": 1
          }
        ],
        "head": {
          "x": 4,
          "y": 2
        },
        "length": 3,
        "shout": "I am moving up!"
      }
    ],
    "food": [
      {
        "x": 2,
        "y": 0
      },
      {
        "x": 4,
        "y": 0
      },
      {
        "x": 5,
        "y": 5
      }
    ],
    "you": {
      "id": "gs_4d4hqf8HmD9xBXChgK99PTDF",
      "name": "Jormungand 0.1.0",
      "latency": "50",
      "health": 98,
      "body": [
        {
          "x": 4,
          "y": 2
        },
        {
          "x": 5,
          "y": 2
        },
        {
          "x": 5,
          "y": 1
        }
      ],
      "head": {
        "x": 4,
        "y": 2
      },
      "length": 3,
      "shout": "I am moving up!"
    },
    "snakeId": "gs_4d4hqf8HmD9xBXChgK99PTDF",
    "name": "Jormungand 0.1.0",
    "latency": "50",
    "health": 98,
    "body": [
      {
        "x": 4,
        "y": 2
      },
      {
        "x": 5,
        "y": 2
      },
      {
        "x": 5,
        "y": 1
      }
    ],
    "head": {
      "x": 4,
      "y": 2
    },
    "length": 3,
    "shout": "I am moving up!"
  },
  {
    "gameId": "55ba4615-ef63-4446-8481-45d4440faa1a",
    "ruleset": {
      "name": "standard",
      "version": "v1.0.17"
    },
    "timeout": 500,
    "turn": 3,
    "width": 11,
    "height": 11,
    "snakes": [
      {
        "id": "gs_Yr4mhbFDSRPGWQjPmKCJfBw8",
        "name": "Purple Dragoony Snake",
        "latency": "298",
        "health": 97,
        "body": [
          {
            "x": 1,
            "y": 4
          },
          {
            "x": 1,
            "y": 3
          },
          {
            "x": 1,
            "y": 2
          }
        ],
        "head": {
          "x": 1,
          "y": 4
        },
        "length": 3,
        "shout": ""
      },
      {
        "id": "gs_4d4hqf8HmD9xBXChgK99PTDF",
        "name": "Jormungand 0.1.0",
        "latency": "50",
        "health": 97,
        "body": [
          {
            "x": 4,
            "y": 1
          },
          {
            "x": 4,
            "y": 2
          },
          {
            "x": 5,
            "y": 2
          }
        ],
        "head": {
          "x": 4,
          "y": 1
        },
        "length": 3,
        "shout": "I am moving up!"
      }
    ],
    "food": [
      {
        "x": 2,
        "y": 0
      },
      {
        "x": 4,
        "y": 0
      },
      {
        "x": 5,
        "y": 5
      }
    ],
    "you": {
      "id": "gs_4d4hqf8HmD9xBXChgK99PTDF",
      "name": "Jormungand 0.1.0",
      "latency": "50",
      "health": 97,
      "body": [
        {
          "x": 4,
          "y": 1
        },
        {
          "x": 4,
          "y": 2
        },
        {
          "x": 5,
          "y": 2
        }
      ],
      "head": {
        "x": 4,
        "y": 1
      },
      "length": 3,
      "shout": "I am moving up!"
    },
    "snakeId": "gs_4d4hqf8HmD9xBXChgK99PTDF",
    "name": "Jormungand 0.1.0",
    "latency": "50",
    "health": 97,
    "body": [
      {
        "x": 4,
        "y": 1
      },
      {
        "x": 4,
        "y": 2
      },
      {
        "x": 5,
        "y": 2
      }
    ],
    "head": {
      "x": 4,
      "y": 1
    },
    "length": 3,
    "shout": "I am moving up!"
  },
  {
    "gameId": "55ba4615-ef63-4446-8481-45d4440faa1a",
    "ruleset": {
      "name": "standard",
      "version": "v1.0.17"
    },
    "timeout": 500,
    "turn": 4,
    "width": 11,
    "height": 11,
    "snakes": [
      {
        "id": "gs_Yr4mhbFDSRPGWQjPmKCJfBw8",
        "name": "Purple Dragoony Snake",
        "latency": "333",
        "health": 96,
        "body": [
          {
            "x": 1,
            "y": 5
          },
          {
            "x": 1,
            "y": 4
          },
          {
            "x": 1,
            "y": 3
          }
        ],
        "head": {
          "x": 1,
          "y": 5
        },
        "length": 3,
        "shout": ""
      },
      {
        "id": "gs_4d4hqf8HmD9xBXChgK99PTDF",
        "name": "Jormungand 0.1.0",
        "latency": "49",
        "health": 96,
        "body": [
          {
            "x": 3,
            "y": 1
          },
          {
            "x": 4,
            "y": 1
          },
          {
            "x": 4,
            "y": 2
          }
        ],
        "head": {
          "x": 3,
          "y": 1
        },
        "length": 3,
        "shout": "I am moving up!"
      }
    ],
    "food": [
      {
        "x": 2,
        "y": 0
      },
      {
        "x": 4,
        "y": 0
      },
      {
        "x": 5,
        "y": 5
      }
    ],
    "you": {
      "id": "gs_4d4hqf8HmD9xBXChgK99PTDF",
      "name": "Jormungand 0.1.0",
      "latency": "49",
      "health": 96,
      "body": [
        {
          "x": 3,
          "y": 1
        },
        {
          "x": 4,
          "y": 1
        },
        {
          "x": 4,
          "y": 2
        }
      ],
      "head": {
        "x": 3,
        "y": 1
      },
      "length": 3,
      "shout": "I am moving up!"
    },
    "snakeId": "gs_4d4hqf8HmD9xBXChgK99PTDF",
    "name": "Jormungand 0.1.0",
    "latency": "49",
    "health": 96,
    "body": [
      {
        "x": 3,
        "y": 1
      },
      {
        "x": 4,
        "y": 1
      },
      {
        "x": 4,
        "y": 2
      }
    ],
    "head": {
      "x": 3,
      "y": 1
    },
    "length": 3,
    "shout": "I am moving up!"
  },
  {
    "gameId": "55ba4615-ef63-4446-8481-45d4440faa1a",
    "ruleset": {
      "name": "standard",
      "version": "v1.0.17"
    },
    "timeout": 500,
    "turn": 5,
    "width": 11,
    "height": 11,
    "snakes": [
      {
        "id": "gs_Yr4mhbFDSRPGWQjPmKCJfBw8",
        "name": "Purple Dragoony Snake",
        "latency": "297",
        "health": 95,
        "body": [
          {
            "x": 1,
            "y": 6
          },
          {
            "x": 1,
            "y": 5
          },
          {
            "x": 1,
            "y": 4
          }
        ],
        "head": {
          "x": 1,
          "y": 6
        },
        "length": 3,
        "shout": ""
      },
      {
        "id": "gs_4d4hqf8HmD9xBXChgK99PTDF",
        "name": "Jormungand 0.1.0",
        "latency": "52",
        "health": 95,
        "body": [
          {
            "x": 3,
            "y": 2
          },
          {
            "x": 3,
            "y": 1
          },
          {
            "x": 4,
            "y": 1
          }
        ],
        "head": {
          "x": 3,
          "y": 2
        },
        "length": 3,
        "shout": "I am moving up!"
      }
    ],
    "food": [
      {
        "x": 2,
        "y": 0
      },
      {
        "x": 4,
        "y": 0
      },
      {
        "x": 5,
        "y": 5
      }
    ],
    "you": {
      "id": "gs_4d4hqf8HmD9xBXChgK99PTDF",
      "name": "Jormungand 0.1.0",
      "latency": "52",
      "health": 95,
      "body": [
        {
          "x": 3,
          "y": 2
        },
        {
          "x": 3,
          "y": 1
        },
        {
          "x": 4,
          "y": 1
        }
      ],
      "head": {
        "x": 3,
        "y": 2
      },
      "length": 3,
      "shout": "I am moving up!"
    },
    "snakeId": "gs_4d4hqf8HmD9xBXChgK99PTDF",
    "name": "Jormungand 0.1.0",
    "latency": "52",
    "health": 95,
    "body": [
      {
        "x": 3,
        "y": 2
      },
      {
        "x": 3,
        "y": 1
      },
      {
        "x": 4,
        "y": 1
      }
    ],
    "head": {
      "x": 3,
      "y": 2
    },
    "length": 3,
    "shout": "I am moving up!"
  },
  {
    "gameId": "55ba4615-ef63-4446-8481-45d4440faa1a",
    "ruleset": {
      "name": "standard",
      "version": "v1.0.17"
    },
    "timeout": 500,
    "turn": 6,
    "width": 11,
    "height": 11,
    "snakes": [
      {
        "id": "gs_Yr4mhbFDSRPGWQjPmKCJfBw8",
        "name": "Purple Dragoony Snake",
        "latency": "295",
        "health": 94,
        "body": [
          {
            "x": 1,
            "y": 7
          },
          {
            "x": 1,
            "y": 6
          },
          {
            "x": 1,
            "y": 5
          }
        ],
        "head": {
          "x": 1,
          "y": 7
        },
        "length": 3,
        "shout": ""
      },
      {
        "id": "gs_4d4hqf8HmD9xBXChgK99PTDF",
        "name": "Jormungand 0.1.0",
        "latency": "50",
        "health": 94,
        "body": [
          {
            "x": 4,
            "y": 2
          },
          {
            "x": 3,
            "y": 2
          },
          {
            "x": 3,
            "y": 1
          }
        ],
        "head": {
          "x": 4,
          "y": 2
        },
        "length": 3,
        "shout": "I am moving up!"
      }
    ],
    "food": [
      {
        "x": 2,
        "y": 0
      },
      {
        "x": 4,
        "y": 0
      },
      {
        "x": 5,
        "y": 5
      }
    ],
    "you": {
      "id": "gs_4d4hqf8HmD9xBXChgK99PTDF",
      "name": "Jormungand 0.1.0",
      "latency": "50",
      "health": 94,
      "body": [
        {
          "x": 4,
          "y": 2
        },
        {
          "x": 3,
          "y": 2
        },
        {
          "x": 3,
          "y": 1
        }
      ],
      "head": {
        "x": 4,
        "y": 2
      },
      "length": 3,
      "shout": "I am moving up!"
    },
    "snakeId": "gs_4d4hqf8HmD9xBXChgK99PTDF",
    "name": "Jormungand 0.1.0",
    "latency": "50",
    "health": 94,
    "body": [
      {
        "x": 4,
        "y": 2
      },
      {
        "x": 3,
        "y": 2
      },
      {
        "x": 3,
        "y": 1
      }
    ],
    "head": {
      "x": 4,
      "y": 2
    },
    "length": 3,
    "shout": "I am moving up!"
  },
  {
    "gameId": "55ba4615-ef63-4446-8481-45d4440faa1a",
    "ruleset": {
      "name": "standard",
      "version": "v1.0.17"
    },
    "timeout": 500,
    "turn": 7,
    "width": 11,
    "height": 11,
    "snakes": [
      {
        "id": "gs_Yr4mhbFDSRPGWQjPmKCJfBw8",
        "name": "Purple Dragoony Snake",
        "latency": "332",
        "health": 93,
        "body": [
          {
            "x": 1,
            "y": 8
          },
          {
            "x": 1,
            "y": 7
          },
          {
            "x": 1,
            "y": 6
          }
        ],
        "head": {
          "x": 1,
          "y": 8
        },
        "length": 3,
        "shout": ""
      },
      {
        "id": "gs_4d4hqf8HmD9xBXChgK99PTDF",
        "name": "Jormungand 0.1.0",
        "latency": "51",
        "health": 93,
        "body": [
          {
            "x": 4,
            "y": 3
          },
          {
            "x": 4,
            "y": 2
          },
          {
            "x": 3,
            "y": 2
          }
        ],
        "head": {
          "x": 4,
          "y": 3
        },
        "length": 3,
        "shout": "I am moving up!"
      }
    ],
    "food": [
      {
        "x": 2,
        "y": 0
      },
      {
        "x": 4,
        "y": 0
      },
      {
        "x": 5,
        "y": 5
      }
    ],
    "you": {
      "id": "gs_4d4hqf8HmD9xBXChgK99PTDF",
      "name": "Jormungand 0.1.0",
      "latency": "51",
      "health": 93,
      "body": [
        {
          "x": 4,
          "y": 3
        },
        {
          "x": 4,
          "y": 2
        },
        {
          "x": 3,
          "y": 2
        }
      ],
      "head": {
        "x": 4,
        "y": 3
      },
      "length": 3,
      "shout": "I am moving up!"
    },
    "snakeId": "gs_4d4hqf8HmD9xBXChgK99PTDF",
    "name": "Jormungand 0.1.0",
    "latency": "51",
    "health": 93,
    "body": [
      {
        "x": 4,
        "y": 3
      },
      {
        "x": 4,
        "y": 2
      },
      {
        "x": 3,
        "y": 2
      }
    ],
    "head": {
      "x": 4,
      "y": 3
    },
    "length": 3,
    "shout": "I am moving up!"
  },
  {
    "gameId": "55ba4615-ef63-4446-8481-45d4440faa1a",
    "ruleset": {
      "name": "standard",
      "version": "v1.0.17"
    },
    "timeout": 500,
    "turn": 8,
    "width": 11,
    "height": 11,
    "snakes": [
      {
        "id": "gs_Yr4mhbFDSRPGWQjPmKCJfBw8",
        "name": "Purple Dragoony Snake",
        "latency": "269",
        "health": 92,
        "body": [
          {
            "x": 1,
            "y": 9
          },
          {
            "x": 1,
            "y": 8
          },
          {
            "x": 1,
            "y": 7
          }
        ],
        "head": {
          "x": 1,
          "y": 9
        },
        "length": 3,
        "shout": ""
      },
      {
        "id": "gs_4d4hqf8HmD9xBXChgK99PTDF",
        "name": "Jormungand 0.1.0",
        "latency": "49",
        "health": 92,
        "body": [
          {
            "x": 4,
            "y": 4
          },
          {
            "x": 4,
            "y": 3
          },
          {
            "x": 4,
            "y": 2
          }
        ],
        "head": {
          "x": 4,
          "y": 4
        },
        "length": 3,
        "shout": "I am moving up!"
      }
    ],
    "food": [
      {
        "x": 2,
        "y": 0
      },
      {
        "x": 4,
        "y": 0
      },
      {
        "x": 5,
        "y": 5
      }
    ],
    "you": {
      "id": "gs_4d4hqf8HmD9xBXChgK99PTDF",
      "name": "Jormungand 0.1.0",
      "latency": "49",
      "health": 92,
      "body": [
        {
          "x": 4,
          "y": 4
        },
        {
          "x": 4,
          "y": 3
        },
        {
          "x": 4,
          "y": 2
        }
      ],
      "head": {
        "x": 4,
        "y": 4
      },
      "length": 3,
      "shout": "I am moving up!"
    },
    "snakeId": "gs_4d4hqf8HmD9xBXChgK99PTDF",
    "name": "Jormungand 0.1.0",
    "latency": "49",
    "health": 92,
    "body": [
      {
        "x": 4,
        "y": 4
      },
      {
        "x": 4,
        "y": 3
      },
      {
        "x": 4,
        "y": 2
      }
    ],
    "head": {
      "x": 4,
      "y": 4
    },
    "length": 3,
    "shout": "I am moving up!"
  },
  {
    "gameId": "55ba4615-ef63-4446-8481-45d4440faa1a",
    "ruleset": {
      "name": "standard",
      "version": "v1.0.17"
    },
    "timeout": 500,
    "turn": 9,
    "width": 11,
    "height": 11,
    "snakes": [
      {
        "id": "gs_Yr4mhbFDSRPGWQjPmKCJfBw8",
        "name": "Purple Dragoony Snake",
        "latency": "295",
        "health": 91,
        "body": [
          {
            "x": 1,
            "y": 10
          },
          {
            "x": 1,
            "y": 9
          },
          {
            "x": 1,
            "y": 8
          }
        ],
        "head": {
          "x": 1,
          "y": 10
        },
        "length": 3,
        "shout": ""
      },
      {
        "id": "gs_4d4hqf8HmD9xBXChgK99PTDF",
        "name": "Jormungand 0.1.0",
        "latency": "49",
        "health": 91,
        "body": [
          {
            "x": 5,
            "y": 4
          },
          {
            "x": 4,
            "y": 4
          },
          {
            "x": 4,
            "y": 3
          }
        ],
        "head": {
          "x": 5,
          "y": 4
        },
        "length": 3,
        "shout": "I am moving up!"
      }
    ],
    "food": [
      {
        "x": 2,
        "y": 0
      },
      {
        "x": 4,
        "y": 0
      },
      {
        "x": 5,
        "y": 5
      }
    ],
    "you": {
      "id": "gs_4d4hqf8HmD9xBXChgK99PTDF",
      "name": "Jormungand 0.1.0",
      "latency": "49",
      "health": 91,
      "body": [
        {
          "x": 5,
          "y": 4
        },
        {
          "x": 4,
          "y": 4
        },
        {
          "x": 4,
          "y": 3
        }
      ],
      "head": {
        "x": 5,
        "y": 4
      },
      "length": 3,
      "shout": "I am moving up!"
    },
    "snakeId": "gs_4d4hqf8HmD9xBXChgK99PTDF",
    "name": "Jormungand 0.1.0",
    "latency": "49",
    "health": 91,
    "body": [
      {
        "x": 5,
        "y": 4
      },
      {
        "x": 4,
        "y": 4
      },
      {
        "x": 4,
        "y": 3
      }
    ],
    "head": {
      "x": 5,
      "y": 4
    },
    "length": 3,
    "shout": "I am moving up!"
  }
]