[
  {
    "gameId": "5605eb17-c928-4323-8672-f790dad7d25f",
    "ruleset": {
      "name": "standard",
      "version": "v1.0.17"
    },
    "timeout": 500,
    "turn": 0,
    "width": 11,
    "height": 11,
    "snakes": [
      {
        "id": "gs_rbQbtJtvyHPh9TrGFhhSKD7G",
        "name": "HungerOfHadar v1.1",
        "latency": "",
        "health": 100,
        "body": [
          {
            "x": 1,
            "y": 9
          },
          {
            "x": 1,
            "y": 9
          },
          {
            "x": 1,
            "y": 9
          }
        ],
        "head": {
          "x": 1,
          "y": 9
        },
        "length": 3,
        "shout": ""
      },
      {
        "id": "gs_ykhSg6JSMYQ7Sw6mkTjwdMXP",
        "name": "Jormungand 0.1.0",
        "latency": "",
        "health": 100,
        "body": [
          {
            "x": 1,
            "y": 1
          },
          {
            "x": 1,
            "y": 1
          },
          {
            "x": 1,
            "y": 1
          }
        ],
        "head": {
          "x": 1,
          "y": 1
        },
        "length": 3,
        "shout": ""
      }
    ],
    "food": [
      {
        "x": 0,
        "y": 10
      },
      {
        "x": 2,
        "y": 0
      },
      {
        "x": 5,
        "y": 5
      }
    ],
    "you": {
      "id": "gs_ykhSg6JSMYQ7Sw6mkTjwdMXP",
      "name": "Jormungand 0.1.0",
      "latency": "",
      "health": 100,
      "body": [
        {
          "x": 1,
          "y": 1
        },
        {
          "x": 1,
          "y": 1
        },
        {
          "x": 1,
          "y": 1
        }
      ],
      "head": {
        "x": 1,
        "y": 1
      },
      "length": 3,
      "shout": ""
    },
    "snakeId": "gs_ykhSg6JSMYQ7Sw6mkTjwdMXP",
    "name": "Jormungand 0.1.0",
    "latency": "",
    "health": 100,
    "body": [
      {
        "x": 1,
        "y": 1
      },
      {
        "x": 1,
        "y": 1
      },
      {
        "x": 1,
        "y": 1
      }
    ],
    "head": {
      "x": 1,
      "y": 1
    },
    "length": 3,
    "shout": ""
  },
  {
    "gameId": "5605eb17-c928-4323-8672-f790dad7d25f",
    "ruleset": {
      "name": "standard",
      "version": "v1.0.17"
    },
    "timeout": 500,
    "turn": 0,
    "width": 11,
    "height": 11,
    "snakes": [
      {
        "id": "gs_rbQbtJtvyHPh9TrGFhhSKD7G",
        "name": "HungerOfHadar v1.1",
        "latency": "",
        "health": 100,
        "body": [
          {
            "x": 1,
            "y": 9
          },
          {
            "x": 1,
            "y": 9
          },
          {
            "x": 1,
            "y": 9
          }
        ],
        "head": {
          "x": 1,
          "y": 9
        },
        "length": 3,
        "shout": ""
      },
      {
        "id": "gs_ykhSg6JSMYQ7Sw6mkTjwdMXP",
        "name": "Jormungand 0.1.0",
        "latency": "",
        "health": 100,
        "body": [
          {
            "x": 1,
            "y": 1
          },
          {
            "x": 1,
            "y": 1
          },
          {
            "x": 1,
            "y": 1
          }
        ],
        "head": {
          "x": 1,
          "y": 1
        },
        "length": 3,
        "shout": ""
      }
    ],
    "food": [
      {
        "x": 0,
        "y": 10
      },
      {
        "x": 2,
        "y": 0
      },
      {
        "x": 5,
        "y": 5
      }
    ],
    "you": {
      "id": "gs_ykhSg6JSMYQ7Sw6mkTjwdMXP",
      "name": "Jormungand 0.1.0",
      "latency": "",
      "health": 100,
      "body": [
        {
          "x": 1,
          "y": 1
        },
        {
          "x": 1,
          "y": 1
        },
        {
          "x": 1,
          "y": 1
        }
      ],
      "head": {
        "x": 1,
        "y": 1
      },
      "length": 3,
      "shout": ""
    },
    "snakeId": "gs_ykhSg6JSMYQ7Sw6mkTjwdMXP",
    "name": "Jormungand 0.1.0",
    "latency": "",
    "health": 100,
    "body": [
      {
        "x": 1,
        "y": 1
      },
      {
        "x": 1,
        "y": 1
      },
      {
        "x": 1,
        "y": 1
      }
    ],
    "head": {
      "x": 1,
      "y": 1
    },
    "length": 3,
    "shout": ""
  },
  {
    "gameId": "5605eb17-c928-4323-8672-f790dad7d25f",
    "ruleset": {
      "name": "standard",
      "version": "v1.0.17"
    },
    "timeout": 500,
    "turn": 1,
    "width": 11,
    "height": 11,
    "snakes": [
      {
        "id": "gs_rbQbtJtvyHPh9TrGFhhSKD7G",
        "name": "HungerOfHadar v1.1",
        "latency": "0",
        "health": 99,
        "body": [
          {
            "x": 1,
            "y": 10
          },
          {
            "x": 1,
            "y": 9
          },
          {
            "x": 1,
            "y": 9
          }
        ],
        "head": {
          "x": 1,
          "y": 10
        },
        "length": 3,
        "shout": ""
      },
      {
        "id": "gs_ykhSg6JSMYQ7Sw6mkTjwdMXP",
        "name": "Jormungand 0.1.0",
        "latency": "102",
        "health": 99,
        "body": [
          {
            "x": 2,
            "y": 1
          },
          {
            "x": 1,
            "y": 1
          },
          {
            "x": 1,
            "y": 1
          }
        ],
        "head": {
          "x": 2,
          "y": 1
        },
        "length": 3,
        "shout": "I am moving up!"
      }
    ],
    "food": [
      {
        "x": 0,
        "y": 10
      },
      {
        "x": 2,
        "y": 0
      },
      {
        "x": 5,
        "y": 5
      }
    ],
    "you": {
      "id": "gs_ykhSg6JSMYQ7Sw6mkTjwdMXP",
      "name": "Jormungand 0.1.0",
      "latency": "102",
      "health": 99,
      "body": [
        {
          "x": 2,
          "y": 1
        },
        {
          "x": 1,
          "y": 1
        },
        {
          "x": 1,
          "y": 1
        }
      ],
      "head": {
        "x": 2,
        "y": 1
      },
      "length": 3,
      "shout": "I am moving up!"
    },
    "snakeId": "gs_ykhSg6JSMYQ7Sw6mkTjwdMXP",
    "name": "Jormungand 0.1.0",
    "latency": "102",
    "health": 99,
    "body": [
      {
        "x": 2,
        "y": 1
      },
      {
        "x": 1,
        "y": 1
      },
      {
        "x": 1,
        "y": 1
      }
    ],
    "head": {
      "x": 2,
      "y": 1
    },
    "length": 3,
    "shout": "I am moving up!"
  }
]