[
  {
    "gameId": "59436a46-5a76-4182-a484-c1dec8b8a8dc",
    "ruleset": {
      "name": "standard",
      "version": "v1.0.17"
    },
    "timeout": 500,
    "turn": 0,
    "width": 11,
    "height": 11,
    "snakes": [
      {
        "id": "gs_wgwh9G9fHrryv4xDJ8TdymPT",
        "name": "Phil the Cheese Snek",
        "latency": "",
        "health": 100,
        "body": [
          {
            "x": 5,
            "y": 9
          },
          {
            "x": 5,
            "y": 9
          },
          {
            "x": 5,
            "y": 9
          }
        ],
        "head": {
          "x": 5,
          "y": 9
        },
        "length": 3,
        "shout": ""
      },
      {
        "id": "gs_9btTXHQ9MJ97SqdQPMbYwghJ",
        "name": "Jormungand 0.1.0",
        "latency": "",
        "health": 100,
        "body": [
          {
            "x": 1,
            "y": 9
          },
          {
            "x": 1,
            "y": 9
          },
          {
            "x": 1,
            "y": 9
          }
        ],
        "head": {
          "x": 1,
          "y": 9
        },
        "length": 3,
        "shout": ""
      }
    ],
    "food": [
      {
        "x": 4,
        "y": 8
      },
      {
        "x": 2,
        "y": 8
      },
      {
        "x": 5,
        "y": 5
      }
    ],
    "you": {
      "id": "gs_9btTXHQ9MJ97SqdQPMbYwghJ",
      "name": "Jormungand 0.1.0",
      "latency": "",
      "health": 100,
      "body": [
        {
          "x": 1,
          "y": 9
        },
        {
          "x": 1,
          "y": 9
        },
        {
          "x": 1,
          "y": 9
        }
      ],
      "head": {
        "x": 1,
        "y": 9
      },
      "length": 3,
      "shout": ""
    },
    "snakeId": "gs_9btTXHQ9MJ97SqdQPMbYwghJ",
    "name": "Jormungand 0.1.0",
    "latency": "",
    "health": 100,
    "body": [
      {
        "x": 1,
        "y": 9
      },
      {
        "x": 1,
        "y": 9
      },
      {
        "x": 1,
        "y": 9
      }
    ],
    "head": {
      "x": 1,
      "y": 9
    },
    "length": 3,
    "shout": ""
  },
  {
    "gameId": "59436a46-5a76-4182-a484-c1dec8b8a8dc",
    "ruleset": {
      "name": "standard",
      "version": "v1.0.17"
    },
    "timeout": 500,
    "turn": 0,
    "width": 11,
    "height": 11,
    "snakes": [
      {
        "id": "gs_wgwh9G9fHrryv4xDJ8TdymPT",
        "name": "Phil the Cheese Snek",
        "latency": "",
        "health": 100,
        "body": [
          {
            "x": 5,
            "y": 9
          },
          {
            "x": 5,
            "y": 9
          },
          {
            "x": 5,
            "y": 9
          }
        ],
        "head": {
          "x": 5,
          "y": 9
        },
        "length": 3,
        "shout": ""
      },
      {
        "id": "gs_9btTXHQ9MJ97SqdQPMbYwghJ",
        "name": "Jormungand 0.1.0",
        "latency": "",
        "health": 100,
        "body": [
          {
            "x": 1,
            "y": 9
          },
          {
            "x": 1,
            "y": 9
          },
          {
            "x": 1,
            "y": 9
          }
        ],
        "head": {
          "x": 1,
          "y": 9
        },
        "length": 3,
        "shout": ""
      }
    ],
    "food": [
      {
        "x": 4,
        "y": 8
      },
      {
        "x": 2,
        "y": 8
      },
      {
        "x": 5,
        "y": 5
      }
    ],
    "you": {
      "id": "gs_9btTXHQ9MJ97SqdQPMbYwghJ",
      "name": "Jormungand 0.1.0",
      "latency": "",
      "health": 100,
      "body": [
        {
          "x": 1,
          "y": 9
        },
        {
          "x": 1,
          "y": 9
        },
        {
          "x": 1,
          "y": 9
        }
      ],
      "head": {
        "x": 1,
        "y": 9
      },
      "length": 3,
      "shout": ""
    },
    "snakeId": "gs_9btTXHQ9MJ97SqdQPMbYwghJ",
    "name": "Jormungand 0.1.0",
    "latency": "",
    "health": 100,
    "body": [
      {
        "x": 1,
        "y": 9
      },
      {
        "x": 1,
        "y": 9
      },
      {
        "x": 1,
        "y": 9
      }
    ],
    "head": {
      "x": 1,
      "y": 9
    },
    "length": 3,
    "shout": ""
  },
  {
    "gameId": "59436a46-5a76-4182-a484-c1dec8b8a8dc",
    "ruleset": {
      "name": "standard",
      "version": "v1.0.17"
    },
    "timeout": 500,
    "turn": 1,
    "width": 11,
    "height": 11,
    "snakes": [
      {
        "id": "gs_wgwh9G9fHrryv4xDJ8TdymPT",
        "name": "Phil the Cheese Snek",
        "latency": "102",
        "health": 99,
        "body": [
          {
            "x": 5,
            "y": 10
          },
          {
            "x": 5,
            "y": 9
          },
          {
            "x": 5,
            "y": 9
          }
        ],
        "head": {
          "x": 5,
          "y": 10
        },
        "length": 3,
        "shout": ""
      },
      {
        "id": "gs_9btTXHQ9MJ97SqdQPMbYwghJ",
        "name": "Jormungand 0.1.0",
        "latency": "103",
        "health": 99,
        "body": [
          {
            "x": 1,
            "y": 8
          },
          {
            "x": 1,
            "y": 9
          },
          {
            "x": 1,
            "y": 9
          }
        ],
        "head": {
          "x": 1,
          "y": 8
        },
        "length": 3,
        "shout": "I am moving up!"
      }
    ],
    "food": [
      {
        "x": 4,
        "y": 8
      },
      {
        "x": 2,
        "y": 8
      },
      {
        "x": 5,
        "y": 5
      }
    ],
    "you": {
      "id": "gs_9btTXHQ9MJ97SqdQPMbYwghJ",
      "name": "Jormungand 0.1.0",
      "latency": "103",
      "health": 99,
      "body": [
        {
          "x": 1,
          "y": 8
        },
        {
          "x": 1,
          "y": 9
        },
        {
          "x": 1,
          "y": 9
        }
      ],
      "head": {
        "x": 1,
        "y": 8
      },
      "length": 3,
      "shout": "I am moving up!"
    },
    "snakeId": "gs_9btTXHQ9MJ97SqdQPMbYwghJ",
    "name": "Jormungand 0.1.0",
    "latency": "103",
    "health": 99,
    "body": [
      {
        "x": 1,
        "y": 8
      },
      {
        "x": 1,
        "y": 9
      },
      {
        "x": 1,
        "y": 9
      }
    ],
    "head": {
      "x": 1,
      "y": 8
    },
    "length": 3,
    "shout": "I am moving up!"
  }
]