[
  {
    "gameId": "5f8be0ee-496e-49ea-aecd-808a185e40a5",
    "ruleset": {
      "name": "royale",
      "version": "v1.0.17"
    },
    "timeout": 600,
    "turn": 0,
    "width": 11,
    "height": 11,
    "snakes": [
      {
        "id": "gs_7r4w4rVV8PF86yBKpTD6mMfF",
        "name": "Jormungand 0.1.0",
        "latency": "",
        "health": 100,
        "body": [
          {
            "x": 9,
            "y": 1
          },
          {
            "x": 9,
            "y": 1
          },
          {
            "x": 9,
            "y": 1
          }
        ],
        "head": {
          "x": 9,
          "y": 1
        },
        "length": 3,
        "shout": ""
      },
      {
        "id": "gs_rYd6xvc9kGYwPSrSKr3fgSWV",
        "name": "EzSnek",
        "latency": "",
        "health": 100,
        "body": [
          {
            "x": 1,
            "y": 1
          },
          {
            "x": 1,
            "y": 1
          },
          {
            "x": 1,
            "y": 1
          }
        ],
        "head": {
          "x": 1,
          "y": 1
        },
        "length": 3,
        "shout": ""
      },
      {
        "id": "gs_BQMMgWd46TwfCDkbS3WqtvWJ",
        "name": "Dutch Viper (Pofadder)",
        "latency": "",
        "health": 100,
        "body": [
          {
            "x": 1,
            "y": 9
          },
          {
            "x": 1,
            "y": 9
          },
          {
            "x": 1,
            "y": 9
          }
        ],
        "head": {
          "x": 1,
          "y": 9
        },
        "length": 3,
        "shout": ""
      },
      {
        "id": "gs_rPXktKj8PWyMkgtKx83vGwJJ",
        "name": "The Eater of Worlds",
        "latency": "",
        "health": 100,
        "body": [
          {
            "x": 1,
            "y": 5
          },
          {
            "x": 1,
            "y": 5
          },
          {
            "x": 1,
            "y": 5
          }
        ],
        "head": {
          "x": 1,
          "y": 5
        },
        "length": 3,
        "shout": ""
      }
    ],
    "food": [
      {
        "x": 10,
        "y": 2
      },
      {
        "x": 2,
        "y": 2
      },
      {
        "x": 2,
        "y": 10
      },
      {
        "x": 0,
        "y": 4
      },
      {
        "x": 5,
        "y": 5
      }
    ],
    "you": {
      "id": "gs_7r4w4rVV8PF86yBKpTD6mMfF",
      "name": "Jormungand 0.1.0",
      "latency": "",
      "health": 100,
      "body": [
        {
          "x": 9,
          "y": 1
        },
        {
          "x": 9,
          "y": 1
        },
        {
          "x": 9,
          "y": 1
        }
      ],
      "head": {
        "x": 9,
        "y": 1
      },
      "length": 3,
      "shout": ""
    },
    "snakeId": "gs_7r4w4rVV8PF86yBKpTD6mMfF",
    "name": "Jormungand 0.1.0",
    "latency": "",
    "health": 100,
    "body": [
      {
        "x": 9,
        "y": 1
      },
      {
        "x": 9,
        "y": 1
      },
      {
        "x": 9,
        "y": 1
      }
    ],
    "head": {
      "x": 9,
      "y": 1
    },
    "length": 3,
    "shout": ""
  },
  {
    "gameId": "5f8be0ee-496e-49ea-aecd-808a185e40a5",
    "ruleset": {
      "name": "royale",
      "version": "v1.0.17"
    },
    "timeout": 600,
    "turn": 0,
    "width": 11,
    "height": 11,
    "snakes": [
      {
        "id": "gs_7r4w4rVV8PF86yBKpTD6mMfF",
        "name": "Jormungand 0.1.0",
        "latency": "",
        "health": 100,
        "body": [
          {
            "x": 9,
            "y": 1
          },
          {
            "x": 9,
            "y": 1
          },
          {
            "x": 9,
            "y": 1
          }
        ],
        "head": {
          "x": 9,
          "y": 1
        },
        "length": 3,
        "shout": ""
      },
      {
        "id": "gs_rYd6xvc9kGYwPSrSKr3fgSWV",
        "name": "EzSnek",
        "latency": "",
        "health": 100,
        "body": [
          {
            "x": 1,
            "y": 1
          },
          {
            "x": 1,
            "y": 1
          },
          {
            "x": 1,
            "y": 1
          }
        ],
        "head": {
          "x": 1,
          "y": 1
        },
        "length": 3,
        "shout": ""
      },
      {
        "id": "gs_BQMMgWd46TwfCDkbS3WqtvWJ",
        "name": "Dutch Viper (Pofadder)",
        "latency": "",
        "health": 100,
        "body": [
          {
            "x": 1,
            "y": 9
          },
          {
            "x": 1,
            "y": 9
          },
          {
            "x": 1,
            "y": 9
          }
        ],
        "head": {
          "x": 1,
          "y": 9
        },
        "length": 3,
        "shout": ""
      },
      {
        "id": "gs_rPXktKj8PWyMkgtKx83vGwJJ",
        "name": "The Eater of Worlds",
        "latency": "",
        "health": 100,
        "body": [
          {
            "x": 1,
            "y": 5
          },
          {
            "x": 1,
            "y": 5
          },
          {
            "x": 1,
            "y": 5
          }
        ],
        "head": {
          "x": 1,
          "y": 5
        },
        "length": 3,
        "shout": ""
      }
    ],
    "food": [
      {
        "x": 10,
        "y": 2
      },
      {
        "x": 2,
        "y": 2
      },
      {
        "x": 2,
        "y": 10
      },
      {
        "x": 0,
        "y": 4
      },
      {
        "x": 5,
        "y": 5
      }
    ],
    "you": {
      "id": "gs_7r4w4rVV8PF86yBKpTD6mMfF",
      "name": "Jormungand 0.1.0",
      "latency": "",
      "health": 100,
      "body": [
        {
          "x": 9,
          "y": 1
        },
        {
          "x": 9,
          "y": 1
        },
        {
          "x": 9,
          "y": 1
        }
      ],
      "head": {
        "x": 9,
        "y": 1
      },
      "length": 3,
      "shout": ""
    },
    "snakeId": "gs_7r4w4rVV8PF86yBKpTD6mMfF",
    "name": "Jormungand 0.1.0",
    "latency": "",
    "health": 100,
    "body": [
      {
        "x": 9,
        "y": 1
      },
      {
        "x": 9,
        "y": 1
      },
      {
        "x": 9,
        "y": 1
      }
    ],
    "head": {
      "x": 9,
      "y": 1
    },
    "length": 3,
    "shout": ""
  },
  {
    "gameId": "5f8be0ee-496e-49ea-aecd-808a185e40a5",
    "ruleset": {
      "name": "royale",
      "version": "v1.0.17"
    },
    "timeout": 600,
    "turn": 1,
    "width": 11,
    "height": 11,
    "snakes": [
      {
        "id": "gs_7r4w4rVV8PF86yBKpTD6mMfF",
        "name": "Jormungand 0.1.0",
        "latency": "50",
        "health": 99,
        "body": [
          {
            "x": 8,
            "y": 1
          },
          {
            "x": 9,
            "y": 1
          },
          {
            "x": 9,
            "y": 1
          }
        ],
        "head": {
          "x": 8,
          "y": 1
        },
        "length": 3,
        "shout": "I am moving up!"
      },
      {
        "id": "gs_rYd6xvc9kGYwPSrSKr3fgSWV",
        "name": "EzSnek",
        "latency": "19",
        "health": 99,
        "body": [
          {
            "x": 1,
            "y": 0
          },
          {
            "x": 1,
            "y": 1
          },
          {
            "x": 1,
            "y": 1
          }
        ],
        "head": {
          "x": 1,
          "y": 0
        },
        "length": 3,
        "shout": ""
      },
      {
        "id": "gs_BQMMgWd46TwfCDkbS3WqtvWJ",
        "name": "Dutch Viper (Pofadder)",
        "latency": "272",
        "health": 99,
        "body": [
          {
            "x": 2,
            "y": 9
          },
          {
            "x": 1,
            "y": 9
          },
          {
            "x": 1,
            "y": 9
          }
        ],
        "head": {
          "x": 2,
          "y": 9
        },
        "length": 3,
        "shout": "move was deemed safe as first 15 moves."
      },
      {
        "id": "gs_rPXktKj8PWyMkgtKx83vGwJJ",
        "name": "The Eater of Worlds",
        "latency": "277",
        "health": 99,
        "body": [
          {
            "x": 2,
            "y": 5
          },
          {
            "x": 1,
            "y": 5
          },
          {
            "x": 1,
            "y": 5
          }
        ],
        "head": {
          "x": 2,
          "y": 5
        },
        "length": 3,
        "shout": ""
      }
    ],
    "food": [
      {
        "x": 10,
        "y": 2
      },
      {
        "x": 2,
        "y": 2
      },
      {
        "x": 2,
        "y": 10
      },
      {
        "x": 0,
        "y": 4
      },
      {
        "x": 5,
        "y": 5
      }
    ],
    "you": {
      "id": "gs_7r4w4rVV8PF86yBKpTD6mMfF",
      "name": "Jormungand 0.1.0",
      "latency": "50",
      "health": 99,
      "body": [
        {
          "x": 8,
          "y": 1
        },
        {
          "x": 9,
          "y": 1
        },
        {
          "x": 9,
          "y": 1
        }
      ],
      "head": {
        "x": 8,
        "y": 1
      },
      "length": 3,
      "shout": "I am moving up!"
    },
    "snakeId": "gs_7r4w4rVV8PF86yBKpTD6mMfF",
    "name": "Jormungand 0.1.0",
    "latency": "50",
    "health": 99,
    "body": [
      {
        "x": 8,
        "y": 1
      },
      {
        "x": 9,
        "y": 1
      },
      {
        "x": 9,
        "y": 1
      }
    ],
    "head": {
      "x": 8,
      "y": 1
    },
    "length": 3,
    "shout": "I am moving up!"
  },
  {
    "gameId": "5f8be0ee-496e-49ea-aecd-808a185e40a5",
    "ruleset": {
      "name": "royale",
      "version": "v1.0.17"
    },
    "timeout": 600,
    "turn": 2,
    "width": 11,
    "height": 11,
    "snakes": [
      {
        "id": "gs_7r4w4rVV8PF86yBKpTD6mMfF",
        "name": "Jormungand 0.1.0",
        "latency": "50",
        "health": 98,
        "body": [
          {
            "x": 7,
            "y": 1
          },
          {
            "x": 8,
            "y": 1
          },
          {
            "x": 9,
            "y": 1
          }
        ],
        "head": {
          "x": 7,
          "y": 1
        },
        "length": 3,
        "shout": "I am moving up!"
      },
      {
        "id": "gs_rYd6xvc9kGYwPSrSKr3fgSWV",
        "name": "EzSnek",
        "latency": "9",
        "health": 98,
        "body": [
          {
            "x": 2,
            "y": 0
          },
          {
            "x": 1,
            "y": 0
          },
          {
            "x": 1,
            "y": 1
          }
        ],
        "head": {
          "x": 2,
          "y": 0
        },
        "length": 3,
        "shout": ""
      },
      {
        "id": "gs_BQMMgWd46TwfCDkbS3WqtvWJ",
        "name": "Dutch Viper (Pofadder)",
        "latency": "71",
        "health": 100,
        "body": [
          {
            "x": 2,
            "y": 10
          },
          {
            "x": 2,
            "y": 9
          },
          {
            "x": 1,
            "y": 9
          },
          {
            "x": 1,
            "y": 9
          }
        ],
        "head": {
          "x": 2,
          "y": 10
        },
        "length": 4,
        "shout": "move was deemed safe as first 15 moves."
      },
      {
        "id": "gs_rPXktKj8PWyMkgtKx83vGwJJ",
        "name": "The Eater of Worlds",
        "latency": "191",
        "health": 98,
        "body": [
          {
            "x": 3,
            "y": 5
          },
          {
            "x": 2,
            "y": 5
          },
          {
            "x": 1,
            "y": 5
          }
        ],
        "head": {
          "x": 3,
          "y": 5
        },
        "length": 3,
        "shout": ""
      }
    ],
    "food": [
      {
        "x": 10,
        "y": 2
      },
      {
        "x": 2,
        "y": 2
      },
      {
        "x": 0,
        "y": 4
      },
      {
        "x": 5,
        "y": 5
      }
    ],
    "you": {
      "id": "gs_7r4w4rVV8PF86yBKpTD6mMfF",
      "name": "Jormungand 0.1.0",
      "latency": "50",
      "health": 98,
      "body": [
        {
          "x": 7,
          "y": 1
        },
        {
          "x": 8,
          "y": 1
        },
        {
          "x": 9,
          "y": 1
        }
      ],
      "head": {
        "x": 7,
        "y": 1
      },
      "length": 3,
      "shout": "I am moving up!"
    },
    "snakeId": "gs_7r4w4rVV8PF86yBKpTD6mMfF",
    "name": "Jormungand 0.1.0",
    "latency": "50",
    "health": 98,
    "body": [
      {
        "x": 7,
        "y": 1
      },
      {
        "x": 8,
        "y": 1
      },
      {
        "x": 9,
        "y": 1
      }
    ],
    "head": {
      "x": 7,
      "y": 1
    },
    "length": 3,
    "shout": "I am moving up!"
  },
  {
    "gameId": "5f8be0ee-496e-49ea-aecd-808a185e40a5",
    "ruleset": {
      "name": "royale",
      "version": "v1.0.17"
    },
    "timeout": 600,
    "turn": 3,
    "width": 11,
    "height": 11,
    "snakes": [
      {
        "id": "gs_7r4w4rVV8PF86yBKpTD6mMfF",
        "name": "Jormungand 0.1.0",
        "latency": "52",
        "health": 97,
        "body": [
          {
            "x": 7,
            "y": 2
          },
          {
            "x": 7,
            "y": 1
          },
          {
            "x": 8,
            "y": 1
          }
        ],
        "head": {
          "x": 7,
          "y": 2
        },
        "length": 3,
        "shout": "I am moving up!"
      },
      {
        "id": "gs_rYd6xvc9kGYwPSrSKr3fgSWV",
        "name": "EzSnek",
        "latency": "9",
        "health": 97,
        "body": [
          {
            "x": 2,
            "y": 1
          },
          {
            "x": 2,
            "y": 0
          },
          {
            "x": 1,
            "y": 0
          }
        ],
        "head": {
          "x": 2,
          "y": 1
        },
        "length": 3,
        "shout": ""
      },
      {
        "id": "gs_BQMMgWd46TwfCDkbS3WqtvWJ",
        "name": "Dutch Viper (Pofadder)",
        "latency": "69",
        "health": 99,
        "body": [
          {
            "x": 1,
            "y": 10
          },
          {
            "x": 2,
            "y": 10
          },
          {
            "x": 2,
            "y": 9
          },
          {
            "x": 1,
            "y": 9
          }
        ],
        "head": {
          "x": 1,
          "y": 10
        },
        "length": 4,
        "shout": "move was deemed safe as first 15 moves."
      },
      {
        "id": "gs_rPXktKj8PWyMkgtKx83vGwJJ",
        "name": "The Eater of Worlds",
        "latency": "201",
        "health": 97,
        "body": [
          {
            "x": 4,
            "y": 5
          },
          {
            "x": 3,
            "y": 5
          },
          {
            "x": 2,
            "y": 5
          }
        ],
        "head": {
          "x": 4,
          "y": 5
        },
        "length": 3,
        "shout": ""
      }
    ],
    "food": [
      {
        "x": 10,
        "y": 2
      },
      {
        "x": 2,
        "y": 2
      },
      {
        "x": 0,
        "y": 4
      },
      {
        "x": 5,
        "y": 5
      }
    ],
    "you": {
      "id": "gs_7r4w4rVV8PF86yBKpTD6mMfF",
      "name": "Jormungand 0.1.0",
      "latency": "52",
      "health": 97,
      "body": [
        {
          "x": 7,
          "y": 2
        },
        {
          "x": 7,
          "y": 1
        },
        {
          "x": 8,
          "y": 1
        }
      ],
      "head": {
        "x": 7,
        "y": 2
      },
      "length": 3,
      "shout": "I am moving up!"
    },
    "snakeId": "gs_7r4w4rVV8PF86yBKpTD6mMfF",
    "name": "Jormungand 0.1.0",
    "latency": "52",
    "health": 97,
    "body": [
      {
        "x": 7,
        "y": 2
      },
      {
        "x": 7,
        "y": 1
      },
      {
        "x": 8,
        "y": 1
      }
    ],
    "head": {
      "x": 7,
      "y": 2
    },
    "length": 3,
    "shout": "I am moving up!"
  },
  {
    "gameId": "5f8be0ee-496e-49ea-aecd-808a185e40a5",
    "ruleset": {
      "name": "royale",
      "version": "v1.0.17"
    },
    "timeout": 600,
    "turn": 4,
    "width": 11,
    "height": 11,
    "snakes": [
      {
        "id": "gs_7r4w4rVV8PF86yBKpTD6mMfF",
        "name": "Jormungand 0.1.0",
        "latency": "50",
        "health": 96,
        "body": [
          {
            "x": 8,
            "y": 2
          },
          {
            "x": 7,
            "y": 2
          },
          {
            "x": 7,
            "y": 1
          }
        ],
        "head": {
          "x": 8,
          "y": 2
        },
        "length": 3,
        "shout": "I am moving up!"
      },
      {
        "id": "gs_rYd6xvc9kGYwPSrSKr3fgSWV",
        "name": "EzSnek",
        "latency": "9",
        "health": 96,
        "body": [
          {
            "x": 3,
            "y": 1
          },
          {
            "x": 2,
            "y": 1
          },
          {
            "x": 2,
            "y": 0
          }
        ],
        "head": {
          "x": 3,
          "y": 1
        },
        "length": 3,
        "shout": ""
      },
      {
        "id": "gs_BQMMgWd46TwfCDkbS3WqtvWJ",
        "name": "Dutch Viper (Pofadder)",
        "latency": "68",
        "health": 98,
        "body": [
          {
            "x": 0,
            "y": 10
          },
          {
            "x": 1,
            "y": 10
          },
          {
            "x": 2,
            "y": 10
          },
          {
            "x": 2,
            "y": 9
          }
        ],
        "head": {
          "x": 0,
          "y": 10
        },
        "length": 4,
        "shout": "move was deemed safe as first 15 moves."
      },
      {
        "id": "gs_rPXktKj8PWyMkgtKx83vGwJJ",
        "name": "The Eater of Worlds",
        "latency": "195",
        "health": 100,
        "body": [
          {
            "x": 5,
            "y": 5
          },
          {
            "x": 4,
            "y": 5
          },
          {
            "x": 3,
            "y": 5
          },
          {
            "x": 3,
            "y": 5
          }
        ],
        "head": {
          "x": 5,
          "y": 5
        },
        "length": 4,
        "shout": ""
      }
    ],
    "food": [
      {
        "x": 10,
        "y": 2
      },
      {
        "x": 2,
        "y": 2
      },
      {
        "x": 0,
        "y": 4
      },
      {
        "x": 0,
        "y": 7
      }
    ],
    "you": {
      "id": "gs_7r4w4rVV8PF86yBKpTD6mMfF",
      "name": "Jormungand 0.1.0",
      "latency": "50",
      "health": 96,
      "body": [
        {
          "x": 8,
          "y": 2
        },
        {
          "x": 7,
          "y": 2
        },
        {
          "x": 7,
          "y": 1
        }
      ],
      "head": {
        "x": 8,
        "y": 2
      },
      "length": 3,
      "shout": "I am moving up!"
    },
    "snakeId": "gs_7r4w4rVV8PF86yBKpTD6mMfF",
    "name": "Jormungand 0.1.0",
    "latency": "50",
    "health": 96,
    "body": [
      {
        "x": 8,
        "y": 2
      },
      {
        "x": 7,
        "y": 2
      },
      {
        "x": 7,
        "y": 1
      }
    ],
    "head": {
      "x": 8,
      "y": 2
    },
    "length": 3,
    "shout": "I am moving up!"
  },
  {
    "gameId": "5f8be0ee-496e-49ea-aecd-808a185e40a5",
    "ruleset": {
      "name": "royale",
      "version": "v1.0.17"
    },
    "timeout": 600,
    "turn": 5,
    "width": 11,
    "height": 11,
    "snakes": [
      {
        "id": "gs_7r4w4rVV8PF86yBKpTD6mMfF",
        "name": "Jormungand 0.1.0",
        "latency": "50",
        "health": 95,
        "body": [
          {
            "x": 8,
            "y": 3
          },
          {
            "x": 8,
            "y": 2
          },
          {
            "x": 7,
            "y": 2
          }
        ],
        "head": {
          "x": 8,
          "y": 3
        },
        "length": 3,
        "shout": "I am moving up!"
      },
      {
        "id": "gs_rYd6xvc9kGYwPSrSKr3fgSWV",
        "name": "EzSnek",
        "latency": "9",
        "health": 95,
        "body": [
          {
            "x": 4,
            "y": 1
          },
          {
            "x": 3,
            "y": 1
          },
          {
            "x": 2,
            "y": 1
          }
        ],
        "head": {
          "x": 4,
          "y": 1
        },
        "length": 3,
        "shout": ""
      },
      {
        "id": "gs_BQMMgWd46TwfCDkbS3WqtvWJ",
        "name": "Dutch Viper (Pofadder)",
        "latency": "77",
        "health": 97,
        "body": [
          {
            "x": 0,
            "y": 9
          },
          {
            "x": 0,
            "y": 10
          },
          {
            "x": 1,
            "y": 10
          },
          {
            "x": 2,
            "y": 10
          }
        ],
        "head": {
          "x": 0,
          "y": 9
        },
        "length": 4,
        "shout": "move was deemed safe as first 15 moves."
      },
      {
        "id": "gs_rPXktKj8PWyMkgtKx83vGwJJ",
        "name": "The Eater of Worlds",
        "latency": "199",
        "health": 99,
        "body": [
          {
            "x": 6,
            "y": 5
          },
          {
            "x": 5,
            "y": 5
          },
          {
            "x": 4,
            "y": 5
          },
          {
            "x": 3,
            "y": 5
          }
        ],
        "head": {
          "x": 6,
          "y": 5
        },
        "length": 4,
        "shout": ""
      }
    ],
    "food": [
      {
        "x": 10,
        "y": 2
      },
      {
        "x": 2,
        "y": 2
      },
      {
        "x": 0,
        "y": 4
      },
      {
        "x": 0,
        "y": 7
      }
    ],
    "you": {
      "id": "gs_7r4w4rVV8PF86yBKpTD6mMfF",
      "name": "Jormungand 0.1.0",
      "latency": "50",
      "health": 95,
      "body": [
        {
          "x": 8,
          "y": 3
        },
        {
          "x": 8,
          "y": 2
        },
        {
          "x": 7,
          "y": 2
        }
      ],
      "head": {
        "x": 8,
        "y": 3
      },
      "length": 3,
      "shout": "I am moving up!"
    },
    "snakeId": "gs_7r4w4rVV8PF86yBKpTD6mMfF",
    "name": "Jormungand 0.1.0",
    "latency": "50",
    "health": 95,
    "body": [
      {
        "x": 8,
        "y": 3
      },
      {
        "x": 8,
        "y": 2
      },
      {
        "x": 7,
        "y": 2
      }
    ],
    "head": {
      "x": 8,
      "y": 3
    },
    "length": 3,
    "shout": "I am moving up!"
  },
  {
    "gameId": "5f8be0ee-496e-49ea-aecd-808a185e40a5",
    "ruleset": {
      "name": "royale",
      "version": "v1.0.17"
    },
    "timeout": 600,
    "turn": 6,
    "width": 11,
    "height": 11,
    "snakes": [
      {
        "id": "gs_7r4w4rVV8PF86yBKpTD6mMfF",
        "name": "Jormungand 0.1.0",
        "latency": "50",
        "health": 94,
        "body": [
          {
            "x": 7,
            "y": 3
          },
          {
            "x": 8,
            "y": 3
          },
          {
            "x": 8,
            "y": 2
          }
        ],
        "head": {
          "x": 7,
          "y": 3
        },
        "length": 3,
        "shout": "I am moving up!"
      },
      {
        "id": "gs_rYd6xvc9kGYwPSrSKr3fgSWV",
        "name": "EzSnek",
        "latency": "9",
        "health": 94,
        "body": [
          {
            "x": 4,
            "y": 0
          },
          {
            "x": 4,
            "y": 1
          },
          {
            "x": 3,
            "y": 1
          }
        ],
        "head": {
          "x": 4,
          "y": 0
        },
        "length": 3,
        "shout": ""
      },
      {
        "id": "gs_BQMMgWd46TwfCDkbS3WqtvWJ",
        "name": "Dutch Viper (Pofadder)",
        "latency": "80",
        "health": 96,
        "body": [
          {
            "x": 0,
            "y": 8
          },
          {
            "x": 0,
            "y": 9
          },
          {
            "x": 0,
            "y": 10
          },
          {
            "x": 1,
            "y": 10
          }
        ],
        "head": {
          "x": 0,
          "y": 8
        },
        "length": 4,
        "shout": "move was deemed safe as first 15 moves."
      },
      {
        "id": "gs_rPXktKj8PWyMkgtKx83vGwJJ",
        "name": "The Eater of Worlds",
        "latency": "189",
        "health": 98,
        "body": [
          {
            "x": 7,
            "y": 5
          },
          {
            "x": 6,
            "y": 5
          },
          {
            "x": 5,
            "y": 5
          },
          {
            "x": 4,
            "y": 5
          }
        ],
        "head": {
          "x": 7,
          "y": 5
        },
        "length": 4,
        "shout": ""
      }
    ],
    "food": [
      {
        "x": 10,
        "y": 2
      },
      {
        "x": 2,
        "y": 2
      },
      {
        "x": 0,
        "y": 4
      },
      {
        "x": 0,
        "y": 7
      },
      {
        "x": 5,
        "y": 8
      }
    ],
    "you": {
      "id": "gs_7r4w4rVV8PF86yBKpTD6mMfF",
      "name": "Jormungand 0.1.0",
      "latency": "50",
      "health": 94,
      "body": [
        {
          "x": 7,
          "y": 3
        },
        {
          "x": 8,
          "y": 3
        },
        {
          "x": 8,
          "y": 2
        }
      ],
      "head": {
        "x": 7,
        "y": 3
      },
      "length": 3,
      "shout": "I am moving up!"
    },
    "snakeId": "gs_7r4w4rVV8PF86yBKpTD6mMfF",
    "name": "Jormungand 0.1.0",
    "latency": "50",
    "health": 94,
    "body": [
      {
        "x": 7,
        "y": 3
      },
      {
        "x": 8,
        "y": 3
      },
      {
        "x": 8,
        "y": 2
      }
    ],
    "head": {
      "x": 7,
      "y": 3
    },
    "length": 3,
    "shout": "I am moving up!"
  },
  {
    "gameId": "5f8be0ee-496e-49ea-aecd-808a185e40a5",
    "ruleset": {
      "name": "royale",
      "version": "v1.0.17"
    },
    "timeout": 600,
    "turn": 7,
    "width": 11,
    "height": 11,
    "snakes": [
      {
        "id": "gs_7r4w4rVV8PF86yBKpTD6mMfF",
        "name": "Jormungand 0.1.0",
        "latency": "49",
        "health": 93,
        "body": [
          {
            "x": 7,
            "y": 2
          },
          {
            "x": 7,
            "y": 3
          },
          {
            "x": 8,
            "y": 3
          }
        ],
        "head": {
          "x": 7,
          "y": 2
        },
        "length": 3,
        "shout": "I am moving up!"
      },
      {
        "id": "gs_rYd6xvc9kGYwPSrSKr3fgSWV",
        "name": "EzSnek",
        "latency": "10",
        "health": 93,
        "body": [
          {
            "x": 5,
            "y": 0
          },
          {
            "x": 4,
            "y": 0
          },
          {
            "x": 4,
            "y": 1
          }
        ],
        "head": {
          "x": 5,
          "y": 0
        },
        "length": 3,
        "shout": ""
      },
      {
        "id": "gs_BQMMgWd46TwfCDkbS3WqtvWJ",
        "name": "Dutch Viper (Pofadder)",
        "latency": "70",
        "health": 100,
        "body": [
          {
            "x": 0,
            "y": 7
          },
          {
            "x": 0,
            "y": 8
          },
          {
            "x": 0,
            "y": 9
          },
          {
            "x": 0,
            "y": 10
          },
          {
            "x": 0,
            "y": 10
          }
        ],
        "head": {
          "x": 0,
          "y": 7
        },
        "length": 5,
        "shout": "move was deemed safe as first 15 moves."
      },
      {
        "id": "gs_rPXktKj8PWyMkgtKx83vGwJJ",
        "name": "The Eater of Worlds",
        "latency": "188",
        "health": 97,
        "body": [
          {
            "x": 7,
            "y": 4
          },
          {
            "x": 7,
            "y": 5
          },
          {
            "x": 6,
            "y": 5
          },
          {
            "x": 5,
            "y": 5
          }
        ],
        "head": {
          "x": 7,
          "y": 4
        },
        "length": 4,
        "shout": ""
      }
    ],
    "food": [
      {
        "x": 10,
        "y": 2
      },
      {
        "x": 2,
        "y": 2
      },
      {
        "x": 0,
        "y": 4
      },
      {
        "x": 5,
        "y": 8
      }
    ],
    "you": {
      "id": "gs_7r4w4rVV8PF86yBKpTD6mMfF",
      "name": "Jormungand 0.1.0",
      "latency": "49",
      "health": 93,
      "body": [
        {
          "x": 7,
          "y": 2
        },
        {
          "x": 7,
          "y": 3
        },
        {
          "x": 8,
          "y": 3
        }
      ],
      "head": {
        "x": 7,
        "y": 2
      },
      "length": 3,
      "shout": "I am moving up!"
    },
    "snakeId": "gs_7r4w4rVV8PF86yBKpTD6mMfF",
    "name": "Jormungand 0.1.0",
    "latency": "49",
    "health": 93,
    "body": [
      {
        "x": 7,
        "y": 2
      },
      {
        "x": 7,
        "y": 3
      },
      {
        "x": 8,
        "y": 3
      }
    ],
    "head": {
      "x": 7,
      "y": 2
    },
    "length": 3,
    "shout": "I am moving up!"
  },
  {
    "gameId": "5f8be0ee-496e-49ea-aecd-808a185e40a5",
    "ruleset": {
      "name": "royale",
      "version": "v1.0.17"
    },
    "timeout": 600,
    "turn": 8,
    "width": 11,
    "height": 11,
    "snakes": [
      {
        "id": "gs_7r4w4rVV8PF86yBKpTD6mMfF",
        "name": "Jormungand 0.1.0",
        "latency": "49",
        "health": 92,
        "body": [
          {
            "x": 7,
            "y": 1
          },
          {
            "x": 7,
            "y": 2
          },
          {
            "x": 7,
            "y": 3
          }
        ],
        "head": {
          "x": 7,
          "y": 1
        },
        "length": 3,
        "shout": "I am moving up!"
      },
      {
        "id": "gs_rYd6xvc9kGYwPSrSKr3fgSWV",
        "name": "EzSnek",
        "latency": "9",
        "health": 92,
        "body": [
          {
            "x": 6,
            "y": 0
          },
          {
            "x": 5,
            "y": 0
          },
          {
            "x": 4,
            "y": 0
          }
        ],
        "head": {
          "x": 6,
          "y": 0
        },
        "length": 3,
        "shout": ""
      },
      {
        "id": "gs_BQMMgWd46TwfCDkbS3WqtvWJ",
        "name": "Dutch Viper (Pofadder)",
        "latency": "70",
        "health": 99,
        "body": [
          {
            "x": 0,
            "y": 6
          },
          {
            "x": 0,
            "y": 7
          },
          {
            "x": 0,
            "y": 8
          },
          {
            "x": 0,
            "y": 9
          },
          {
            "x": 0,
            "y": 10
          }
        ],
        "head": {
          "x": 0,
          "y": 6
        },
        "length": 5,
        "shout": "move was deemed safe as first 15 moves."
      },
      {
        "id": "gs_rPXktKj8PWyMkgtKx83vGwJJ",
        "name": "The Eater of Worlds",
        "latency": "193",
        "health": 96,
        "body": [
          {
            "x": 8,
            "y": 4
          },
          {
            "x": 7,
            "y": 4
          },
          {
            "x": 7,
            "y": 5
          },
          {
            "x": 6,
            "y": 5
          }
        ],
        "head": {
          "x": 8,
          "y": 4
        },
        "length": 4,
        "shout": ""
      }
    ],
    "food": [
      {
        "x": 10,
        "y": 2
      },
      {
        "x": 2,
        "y": 2
      },
      {
        "x": 0,
        "y": 4
      },
      {
        "x": 5,
        "y": 8
      }
    ],
    "you": {
      "id": "gs_7r4w4rVV8PF86yBKpTD6mMfF",
      "name": "Jormungand 0.1.0",
      "latency": "49",
      "health": 92,
      "body": [
        {
          "x": 7,
          "y": 1
        },
        {
          "x": 7,
          "y": 2
        },
        {
          "x": 7,
          "y": 3
        }
      ],
      "head": {
        "x": 7,
        "y": 1
      },
      "length": 3,
      "shout": "I am moving up!"
    },
    "snakeId": "gs_7r4w4rVV8PF86yBKpTD6mMfF",
    "name": "Jormungand 0.1.0",
    "latency": "49",
    "health": 92,
    "body": [
      {
        "x": 7,
        "y": 1
      },
      {
        "x": 7,
        "y": 2
      },
      {
        "x": 7,
        "y": 3
      }
    ],
    "head": {
      "x": 7,
      "y": 1
    },
    "length": 3,
    "shout": "I am moving up!"
  },
  {
    "gameId": "5f8be0ee-496e-49ea-aecd-808a185e40a5",
    "ruleset": {
      "name": "royale",
      "version": "v1.0.17"
    },
    "timeout": 600,
    "turn": 9,
    "width": 11,
    "height": 11,
    "snakes": [
      {
        "id": "gs_7r4w4rVV8PF86yBKpTD6mMfF",
        "name": "Jormungand 0.1.0",
        "latency": "50",
        "health": 91,
        "body": [
          {
            "x": 8,
            "y": 1
          },
          {
            "x": 7,
            "y": 1
          },
          {
            "x": 7,
            "y": 2
          }
        ],
        "head": {
          "x": 8,
          "y": 1
        },
        "length": 3,
        "shout": "I am moving up!"
      },
      {
        "id": "gs_rYd6xvc9kGYwPSrSKr3fgSWV",
        "name": "EzSnek",
        "latency": "9",
        "health": 91,
        "body": [
          {
            "x": 6,
            "y": 1
          },
          {
            "x": 6,
            "y": 0
          },
          {
            "x": 5,
            "y": 0
          }
        ],
        "head": {
          "x": 6,
          "y": 1
        },
        "length": 3,
        "shout": ""
      },
      {
        "id": "gs_BQMMgWd46TwfCDkbS3WqtvWJ",
        "name": "Dutch Viper (Pofadder)",
        "latency": "83",
        "health": 98,
        "body": [
          {
            "x": 0,
            "y": 5
          },
          {
            "x": 0,
            "y": 6
          },
          {
            "x": 0,
            "y": 7
          },
          {
            "x": 0,
            "y": 8
          },
          {
            "x": 0,
            "y": 9
          }
        ],
        "head": {
          "x": 0,
          "y": 5
        },
        "length": 5,
        "shout": "Found Optimal Food. Rulezz 000 -- going for it."
      },
      {
        "id": "gs_rPXktKj8PWyMkgtKx83vGwJJ",
        "name": "The Eater of Worlds",
        "latency": "189",
        "health": 95,
        "body": [
          {
            "x": 9,
            "y": 4
          },
          {
            "x": 8,
            "y": 4
          },
          {
            "x": 7,
            "y": 4
          },
          {
            "x": 7,
            "y": 5
          }
        ],
        "head": {
          "x": 9,
          "y": 4
        },
        "length": 4,
        "shout": ""
      }
    ],
    "food": [
      {
        "x": 10,
        "y": 2
      },
      {
        "x": 2,
        "y": 2
      },
      {
        "x": 0,
        "y": 4
      },
      {
        "x": 5,
        "y": 8
      }
    ],
    "you": {
      "id": "gs_7r4w4rVV8PF86yBKpTD6mMfF",
      "name": "Jormungand 0.1.0",
      "latency": "50",
      "health": 91,
      "body": [
        {
          "x": 8,
          "y": 1
        },
        {
          "x": 7,
          "y": 1
        },
        {
          "x": 7,
          "y": 2
        }
      ],
      "head": {
        "x": 8,
        "y": 1
      },
      "length": 3,
      "shout": "I am moving up!"
    },
    "snakeId": "gs_7r4w4rVV8PF86yBKpTD6mMfF",
    "name": "Jormungand 0.1.0",
    "latency": "50",
    "health": 91,
    "body": [
      {
        "x": 8,
        "y": 1
      },
      {
        "x": 7,
        "y": 1
      },
      {
        "x": 7,
        "y": 2
      }
    ],
    "head": {
      "x": 8,
      "y": 1
    },
    "length": 3,
    "shout": "I am moving up!"
  },
  {
    "gameId": "5f8be0ee-496e-49ea-aecd-808a185e40a5",
    "ruleset": {
      "name": "royale",
      "version": "v1.0.17"
    },
    "timeout": 600,
    "turn": 10,
    "width": 11,
    "height": 11,
    "snakes": [
      {
        "id": "gs_7r4w4rVV8PF86yBKpTD6mMfF",
        "name": "Jormungand 0.1.0",
        "latency": "49",
        "health": 90,
        "body": [
          {
            "x": 8,
            "y": 2
          },
          {
            "x": 8,
            "y": 1
          },
          {
            "x": 7,
            "y": 1
          }
        ],
        "head": {
          "x": 8,
          "y": 2
        },
        "length": 3,
        "shout": "I am moving up!"
      },
      {
        "id": "gs_rYd6xvc9kGYwPSrSKr3fgSWV",
        "name": "EzSnek",
        "latency": "9",
        "health": 90,
        "body": [
          {
            "x": 6,
            "y": 2
          },
          {
            "x": 6,
            "y": 1
          },
          {
            "x": 6,
            "y": 0
          }
        ],
        "head": {
          "x": 6,
          "y": 2
        },
        "length": 3,
        "shout": ""
      },
      {
        "id": "gs_BQMMgWd46TwfCDkbS3WqtvWJ",
        "name": "Dutch Viper (Pofadder)",
        "latency": "78",
        "health": 100,
        "body": [
          {
            "x": 0,
            "y": 4
          },
          {
            "x": 0,
            "y": 5
          },
          {
            "x": 0,
            "y": 6
          },
          {
            "x": 0,
            "y": 7
          },
          {
            "x": 0,
            "y": 8
          },
          {
            "x": 0,
            "y": 8
          }
        ],
        "head": {
          "x": 0,
          "y": 4
        },
        "length": 6,
        "shout": "Found Optimal Food. Rulezz 000 -- going for it."
      },
      {
        "id": "gs_rPXktKj8PWyMkgtKx83vGwJJ",
        "name": "The Eater of Worlds",
        "latency": "196",
        "health": 94,
        "body": [
          {
            "x": 9,
            "y": 3
          },
          {
            "x": 9,
            "y": 4
          },
          {
            "x": 8,
            "y": 4
          },
          {
            "x": 7,
            "y": 4
          }
        ],
        "head": {
          "x": 9,
          "y": 3
        },
        "length": 4,
        "shout": ""
      }
    ],
    "food": [
      {
        "x": 10,
        "y": 2
      },
      {
        "x": 2,
        "y": 2
      },
      {
        "x": 5,
        "y": 8
      }
    ],
    "you": {
      "id": "gs_7r4w4rVV8PF86yBKpTD6mMfF",
      "name": "Jormungand 0.1.0",
      "latency": "49",
      "health": 90,
      "body": [
        {
          "x": 8,
          "y": 2
        },
        {
          "x": 8,
          "y": 1
        },
        {
          "x": 7,
          "y": 1
        }
      ],
      "head": {
        "x": 8,
        "y": 2
      },
      "length": 3,
      "shout": "I am moving up!"
    },
    "snakeId": "gs_7r4w4rVV8PF86yBKpTD6mMfF",
    "name": "Jormungand 0.1.0",
    "latency": "49",
    "health": 90,
    "body": [
      {
        "x": 8,
        "y": 2
      },
      {
        "x": 8,
        "y": 1
      },
      {
        "x": 7,
        "y": 1
      }
    ],
    "head": {
      "x": 8,
      "y": 2
    },
    "length": 3,
    "shout": "I am moving up!"
  },
  {
    "gameId": "5f8be0ee-496e-49ea-aecd-808a185e40a5",
    "ruleset": {
      "name": "royale",
      "version": "v1.0.17"
    },
    "timeout": 600,
    "turn": 11,
    "width": 11,
    "height": 11,
    "snakes": [
      {
        "id": "gs_7r4w4rVV8PF86yBKpTD6mMfF",
        "name": "Jormungand 0.1.0",
        "latency": "50",
        "health": 89,
        "body": [
          {
            "x": 9,
            "y": 2
          },
          {
            "x": 8,
            "y": 2
          },
          {
            "x": 8,
            "y": 1
          }
        ],
        "head": {
          "x": 9,
          "y": 2
        },
        "length": 3,
        "shout": "I am moving up!"
      },
      {
        "id": "gs_rYd6xvc9kGYwPSrSKr3fgSWV",
        "name": "EzSnek",
        "latency": "9",
        "health": 89,
        "body": [
          {
            "x": 6,
            "y": 3
          },
          {
            "x": 6,
            "y": 2
          },
          {
            "x": 6,
            "y": 1
          }
        ],
        "head": {
          "x": 6,
          "y": 3
        },
        "length": 3,
        "shout": ""
      },
      {
        "id": "gs_BQMMgWd46TwfCDkbS3WqtvWJ",
        "name": "Dutch Viper (Pofadder)",
        "latency": "79",
        "health": 99,
        "body": [
          {
            "x": 0,
            "y": 3
          },
          {
            "x": 0,
            "y": 4
          },
          {
            "x": 0,
            "y": 5
          },
          {
            "x": 0,
            "y": 6
          },
          {
            "x": 0,
            "y": 7
          },
          {
            "x": 0,
            "y": 8
          }
        ],
        "head": {
          "x": 0,
          "y": 3
        },
        "length": 6,
        "shout": "Found Optimal Food. Rulezz 000 -- going for it."
      },
      {
        "id": "gs_rPXktKj8PWyMkgtKx83vGwJJ",
        "name": "The Eater of Worlds",
        "latency": "189",
        "health": 93,
        "body": [
          {
            "x": 8,
            "y": 3
          },
          {
            "x": 9,
            "y": 3
          },
          {
            "x": 9,
            "y": 4
          },
          {
            "x": 8,
            "y": 4
          }
        ],
        "head": {
          "x": 8,
          "y": 3
        },
        "length": 4,
        "shout": ""
      }
    ],
    "food": [
      {
        "x": 10,
        "y": 2
      },
      {
        "x": 2,
        "y": 2
      },
      {
        "x": 5,
        "y": 8
      }
    ],
    "you": {
      "id": "gs_7r4w4rVV8PF86yBKpTD6mMfF",
      "name": "Jormungand 0.1.0",
      "latency": "50",
      "health": 89,
      "body": [
        {
          "x": 9,
          "y": 2
        },
        {
          "x": 8,
          "y": 2
        },
        {
          "x": 8,
          "y": 1
        }
      ],
      "head": {
        "x": 9,
        "y": 2
      },
      "length": 3,
      "shout": "I am moving up!"
    },
    "snakeId": "gs_7r4w4rVV8PF86yBKpTD6mMfF",
    "name": "Jormungand 0.1.0",
    "latency": "50",
    "health": 89,
    "body": [
      {
        "x": 9,
        "y": 2
      },
      {
        "x": 8,
        "y": 2
      },
      {
        "x": 8,
        "y": 1
      }
    ],
    "head": {
      "x": 9,
      "y": 2
    },
    "length": 3,
    "shout": "I am moving up!"
  },
  {
    "gameId": "5f8be0ee-496e-49ea-aecd-808a185e40a5",
    "ruleset": {
      "name": "royale",
      "version": "v1.0.17"
    },
    "timeout": 600,
    "turn": 12,
    "width": 11,
    "height": 11,
    "snakes": [
      {
        "id": "gs_7r4w4rVV8PF86yBKpTD6mMfF",
        "name": "Jormungand 0.1.0",
        "latency": "50",
        "health": 100,
        "body": [
          {
            "x": 10,
            "y": 2
          },
          {
            "x": 9,
            "y": 2
          },
          {
            "x": 8,
            "y": 2
          },
          {
            "x": 8,
            "y": 2
          }
        ],
        "head": {
          "x": 10,
          "y": 2
        },
        "length": 4,
        "shout": "I am moving up!"
      },
      {
        "id": "gs_rYd6xvc9kGYwPSrSKr3fgSWV",
        "name": "EzSnek",
        "latency": "9",
        "health": 88,
        "body": [
          {
            "x": 6,
            "y": 4
          },
          {
            "x": 6,
            "y": 3
          },
          {
            "x": 6,
            "y": 2
          }
        ],
        "head": {
          "x": 6,
          "y": 4
        },
        "length": 3,
        "shout": ""
      },
      {
        "id": "gs_BQMMgWd46TwfCDkbS3WqtvWJ",
        "name": "Dutch Viper (Pofadder)",
        "latency": "96",
        "health": 98,
        "body": [
          {
            "x": 1,
            "y": 3
          },
          {
            "x": 0,
            "y": 3
          },
          {
            "x": 0,
            "y": 4
          },
          {
            "x": 0,
            "y": 5
          },
          {
            "x": 0,
            "y": 6
          },
          {
            "x": 0,
            "y": 7
          }
        ],
        "head": {
          "x": 1,
          "y": 3
        },
        "length": 6,
        "shout": "opportuuunzzzz fooooddzzzz... LETS GO!"
      },
      {
        "id": "gs_rPXktKj8PWyMkgtKx83vGwJJ",
        "name": "The Eater of Worlds",
        "latency": "189",
        "health": 92,
        "body": [
          {
            "x": 7,
            "y": 3
          },
          {
            "x": 8,
            "y": 3
          },
          {
            "x": 9,
            "y": 3
          },
          {
            "x": 9,
            "y": 4
          }
        ],
        "head": {
          "x": 7,
          "y": 3
        },
        "length": 4,
        "shout": ""
      }
    ],
    "food": [
      {
        "x": 2,
        "y": 2
      },
      {
        "x": 5,
        "y": 8
      }
    ],
    "you": {
      "id": "gs_7r4w4rVV8PF86yBKpTD6mMfF",
      "name": "Jormungand 0.1.0",
      "latency": "50",
      "health": 100,
      "body": [
        {
          "x": 10,
          "y": 2
        },
        {
          "x": 9,
          "y": 2
        },
        {
          "x": 8,
          "y": 2
        },
        {
          "x": 8,
          "y": 2
        }
      ],
      "head": {
        "x": 10,
        "y": 2
      },
      "length": 4,
      "shout": "I am moving up!"
    },
    "snakeId": "gs_7r4w4rVV8PF86yBKpTD6mMfF",
    "name": "Jormungand 0.1.0",
    "latency": "50",
    "health": 100,
    "body": [
      {
        "x": 10,
        "y": 2
      },
      {
        "x": 9,
        "y": 2
      },
      {
        "x": 8,
        "y": 2
      },
      {
        "x": 8,
        "y": 2
      }
    ],
    "head": {
      "x": 10,
      "y": 2
    },
    "length": 4,
    "shout": "I am moving up!"
  },
  {
    "gameId": "5f8be0ee-496e-49ea-aecd-808a185e40a5",
    "ruleset": {
      "name": "royale",
      "version": "v1.0.17"
    },
    "timeout": 600,
    "turn": 13,
    "width": 11,
    "height": 11,
    "snakes": [
      {
        "id": "gs_7r4w4rVV8PF86yBKpTD6mMfF",
        "name": "Jormungand 0.1.0",
        "latency": "50",
        "health": 99,
        "body": [
          {
            "x": 10,
            "y": 3
          },
          {
            "x": 10,
            "y": 2
          },
          {
            "x": 9,
            "y": 2
          },
          {
            "x": 8,
            "y": 2
          }
        ],
        "head": {
          "x": 10,
          "y": 3
        },
        "length": 4,
        "shout": "I am moving up!"
      },
      {
        "id": "gs_rYd6xvc9kGYwPSrSKr3fgSWV",
        "name": "EzSnek",
        "latency": "9",
        "health": 87,
        "body": [
          {
            "x": 5,
            "y": 4
          },
          {
            "x": 6,
            "y": 4
          },
          {
            "x": 6,
            "y": 3
          }
        ],
        "head": {
          "x": 5,
          "y": 4
        },
        "length": 3,
        "shout": ""
      },
      {
        "id": "gs_BQMMgWd46TwfCDkbS3WqtvWJ",
        "name": "Dutch Viper (Pofadder)",
        "latency": "101",
        "health": 97,
        "body": [
          {
            "x": 2,
            "y": 3
          },
          {
            "x": 1,
            "y": 3
          },
          {
            "x": 0,
            "y": 3
          },
          {
            "x": 0,
            "y": 4
          },
          {
            "x": 0,
            "y": 5
          },
          {
            "x": 0,
            "y": 6
          }
        ],
        "head": {
          "x": 2,
          "y": 3
        },
        "length": 6,
        "shout": "opportuuunzzzz fooooddzzzz... LETS GO!"
      },
      {
        "id": "gs_rPXktKj8PWyMkgtKx83vGwJJ",
        "name": "The Eater of Worlds",
        "latency": "189",
        "health": 91,
        "body": [
          {
            "x": 7,
            "y": 4
          },
          {
            "x": 7,
            "y": 3
          },
          {
            "x": 8,
            "y": 3
          },
          {
            "x": 9,
            "y": 3
          }
        ],
        "head": {
          "x": 7,
          "y": 4
        },
        "length": 4,
        "shout": ""
      }
    ],
    "food": [
      {
        "x": 2,
        "y": 2
      },
      {
        "x": 5,
        "y": 8
      },
      {
        "x": 8,
        "y": 5
      }
    ],
    "you": {
      "id": "gs_7r4w4rVV8PF86yBKpTD6mMfF",
      "name": "Jormungand 0.1.0",
      "latency": "50",
      "health": 99,
      "body": [
        {
          "x": 10,
          "y": 3
        },
        {
          "x": 10,
          "y": 2
        },
        {
          "x": 9,
          "y": 2
        },
        {
          "x": 8,
          "y": 2
        }
      ],
      "head": {
        "x": 10,
        "y": 3
      },
      "length": 4,
      "shout": "I am moving up!"
    },
    "snakeId": "gs_7r4w4rVV8PF86yBKpTD6mMfF",
    "name": "Jormungand 0.1.0",
    "latency": "50",
    "health": 99,
    "body": [
      {
        "x": 10,
        "y": 3
      },
      {
        "x": 10,
        "y": 2
      },
      {
        "x": 9,
        "y": 2
      },
      {
        "x": 8,
        "y": 2
      }
    ],
    "head": {
      "x": 10,
      "y": 3
    },
    "length": 4,
    "shout": "I am moving up!"
  },
  {
    "gameId": "5f8be0ee-496e-49ea-aecd-808a185e40a5",
    "ruleset": {
      "name": "royale",
      "version": "v1.0.17"
    },
    "timeout": 600,
    "turn": 14,
    "width": 11,
    "height": 11,
    "snakes": [
      {
        "id": "gs_7r4w4rVV8PF86yBKpTD6mMfF",
        "name": "Jormungand 0.1.0",
        "latency": "50",
        "health": 98,
        "body": [
          {
            "x": 10,
            "y": 4
          },
          {
            "x": 10,
            "y": 3
          },
          {
            "x": 10,
            "y": 2
          },
          {
            "x": 9,
            "y": 2
          }
        ],
        "head": {
          "x": 10,
          "y": 4
        },
        "length": 4,
        "shout": "I am moving up!"
      },
      {
        "id": "gs_rYd6xvc9kGYwPSrSKr3fgSWV",
        "name": "EzSnek",
        "latency": "9",
        "health": 86,
        "body": [
          {
            "x": 5,
            "y": 5
          },
          {
            "x": 5,
            "y": 4
          },
          {
            "x": 6,
            "y": 4
          }
        ],
        "head": {
          "x": 5,
          "y": 5
        },
        "length": 3,
        "shout": ""
      },
      {
        "id": "gs_BQMMgWd46TwfCDkbS3WqtvWJ",
        "name": "Dutch Viper (Pofadder)",
        "latency": "81",
        "health": 100,
        "body": [
          {
            "x": 2,
            "y": 2
          },
          {
            "x": 2,
            "y": 3
          },
          {
            "x": 1,
            "y": 3
          },
          {
            "x": 0,
            "y": 3
          },
          {
            "x": 0,
            "y": 4
          },
          {
            "x": 0,
            "y": 5
          },
          {
            "x": 0,
            "y": 5
          }
        ],
        "head": {
          "x": 2,
          "y": 2
        },
        "length": 7,
        "shout": "Found Optimal Food. Rulezz 000 -- going for it."
      },
      {
        "id": "gs_rPXktKj8PWyMkgtKx83vGwJJ",
        "name": "The Eater of Worlds",
        "latency": "203",
        "health": 90,
        "body": [
          {
            "x": 8,
            "y": 4
          },
          {
            "x": 7,
            "y": 4
          },
          {
            "x": 7,
            "y": 3
          },
          {
            "x": 8,
            "y": 3
          }
        ],
        "head": {
          "x": 8,
          "y": 4
        },
        "length": 4,
        "shout": ""
      }
    ],
    "food": [
      {
        "x": 5,
        "y": 8
      },
      {
        "x": 8,
        "y": 5
      }
    ],
    "you": {
      "id": "gs_7r4w4rVV8PF86yBKpTD6mMfF",
      "name": "Jormungand 0.1.0",
      "latency": "50",
      "health": 98,
      "body": [
        {
          "x": 10,
          "y": 4
        },
        {
          "x": 10,
          "y": 3
        },
        {
          "x": 10,
          "y": 2
        },
        {
          "x": 9,
          "y": 2
        }
      ],
      "head": {
        "x": 10,
        "y": 4
      },
      "length": 4,
      "shout": "I am moving up!"
    },
    "snakeId": "gs_7r4w4rVV8PF86yBKpTD6mMfF",
    "name": "Jormungand 0.1.0",
    "latency": "50",
    "health": 98,
    "body": [
      {
        "x": 10,
        "y": 4
      },
      {
        "x": 10,
        "y": 3
      },
      {
        "x": 10,
        "y": 2
      },
      {
        "x": 9,
        "y": 2
      }
    ],
    "head": {
      "x": 10,
      "y": 4
    },
    "length": 4,
    "shout": "I am moving up!"
  },
  {
    "gameId": "5f8be0ee-496e-49ea-aecd-808a185e40a5",
    "ruleset": {
      "name": "royale",
      "version": "v1.0.17"
    },
    "timeout": 600,
    "turn": 15,
    "width": 11,
    "height": 11,
    "snakes": [
      {
        "id": "gs_7r4w4rVV8PF86yBKpTD6mMfF",
        "name": "Jormungand 0.1.0",
        "latency": "50",
        "health": 97,
        "body": [
          {
            "x": 10,
            "y": 5
          },
          {
            "x": 10,
            "y": 4
          },
          {
            "x": 10,
            "y": 3
          },
          {
            "x": 10,
            "y": 2
          }
        ],
        "head": {
          "x": 10,
          "y": 5
        },
        "length": 4,
        "shout": "I am moving up!"
      },
      {
        "id": "gs_rYd6xvc9kGYwPSrSKr3fgSWV",
        "name": "EzSnek",
        "latency": "9",
        "health": 85,
        "body": [
          {
            "x": 4,
            "y": 5
          },
          {
            "x": 5,
            "y": 5
          },
          {
            "x": 5,
            "y": 4
          }
        ],
        "head": {
          "x": 4,
          "y": 5
        },
        "length": 3,
        "shout": ""
      },
      {
        "id": "gs_BQMMgWd46TwfCDkbS3WqtvWJ",
        "name": "Dutch Viper (Pofadder)",
        "latency": "83",
        "health": 99,
        "body": [
          {
            "x": 3,
            "y": 2
          },
          {
            "x": 2,
            "y": 2
          },
          {
            "x": 2,
            "y": 3
          },
          {
            "x": 1,
            "y": 3
          },
          {
            "x": 0,
            "y": 3
          },
          {
            "x": 0,
            "y": 4
          },
          {
            "x": 0,
            "y": 5
          }
        ],
        "head": {
          "x": 3,
          "y": 2
        },
        "length": 7,
        "shout": "BattleSnake Royallleee FLush!"
      },
      {
        "id": "gs_rPXktKj8PWyMkgtKx83vGwJJ",
        "name": "The Eater of Worlds",
        "latency": "194",
        "health": 100,
        "body": [
          {
            "x": 8,
            "y": 5
          },
          {
            "x": 8,
            "y": 4
          },
          {
            "x": 7,
            "y": 4
          },
          {
            "x": 7,
            "y": 3
          },
          {
            "x": 7,
            "y": 3
          }
        ],
        "head": {
          "x": 8,
          "y": 5
        },
        "length": 5,
        "shout": ""
      }
    ],
    "food": [
      {
        "x": 5,
        "y": 8
      }
    ],
    "you": {
      "id": "gs_7r4w4rVV8PF86yBKpTD6mMfF",
      "name": "Jormungand 0.1.0",
      "latency": "50",
      "health": 97,
      "body": [
        {
          "x": 10,
          "y": 5
        },
        {
          "x": 10,
          "y": 4
        },
        {
          "x": 10,
          "y": 3
        },
        {
          "x": 10,
          "y": 2
        }
      ],
      "head": {
        "x": 10,
        "y": 5
      },
      "length": 4,
      "shout": "I am moving up!"
    },
    "snakeId": "gs_7r4w4rVV8PF86yBKpTD6mMfF",
    "name": "Jormungand 0.1.0",
    "latency": "50",
    "health": 97,
    "body": [
      {
        "x": 10,
        "y": 5
      },
      {
        "x": 10,
        "y": 4
      },
      {
        "x": 10,
        "y": 3
      },
      {
        "x": 10,
        "y": 2
      }
    ],
    "head": {
      "x": 10,
      "y": 5
    },
    "length": 4,
    "shout": "I am moving up!"
  },
  {
    "gameId": "5f8be0ee-496e-49ea-aecd-808a185e40a5",
    "ruleset": {
      "name": "royale",
      "version": "v1.0.17"
    },
    "timeout": 600,
    "turn": 16,
    "width": 11,
    "height": 11,
    "snakes": [
      {
        "id": "gs_7r4w4rVV8PF86yBKpTD6mMfF",
        "name": "Jormungand 0.1.0",
        "latency": "49",
        "health": 96,
        "body": [
          {
            "x": 10,
            "y": 6
          },
          {
            "x": 10,
            "y": 5
          },
          {
            "x": 10,
            "y": 4
          },
          {
            "x": 10,
            "y": 3
          }
        ],
        "head": {
          "x": 10,
          "y": 6
        },
        "length": 4,
        "shout": "I am moving up!"
      },
      {
        "id": "gs_rYd6xvc9kGYwPSrSKr3fgSWV",
        "name": "EzSnek",
        "latency": "9",
        "health": 84,
        "body": [
          {
            "x": 4,
            "y": 4
          },
          {
            "x": 4,
            "y": 5
          },
          {
            "x": 5,
            "y": 5
          }
        ],
        "head": {
          "x": 4,
          "y": 4
        },
        "length": 3,
        "shout": ""
      },
      {
        "id": "gs_BQMMgWd46TwfCDkbS3WqtvWJ",
        "name": "Dutch Viper (Pofadder)",
        "latency": "89",
        "health": 98,
        "body": [
          {
            "x": 4,
            "y": 2
          },
          {
            "x": 3,
            "y": 2
          },
          {
            "x": 2,
            "y": 2
          },
          {
            "x": 2,
            "y": 3
          },
          {
            "x": 1,
            "y": 3
          },
          {
            "x": 0,
            "y": 3
          },
          {
            "x": 0,
            "y": 4
          }
        ],
        "head": {
          "x": 4,
          "y": 2
        },
        "length": 7,
        "shout": "BattleSnake Royallleee FLush!"
      },
      {
        "id": "gs_rPXktKj8PWyMkgtKx83vGwJJ",
        "name": "The Eater of Worlds",
        "latency": "196",
        "health": 99,
        "body": [
          {
            "x": 9,
            "y": 5
          },
          {
            "x": 8,
            "y": 5
          },
          {
            "x": 8,
            "y": 4
          },
          {
            "x": 7,
            "y": 4
          },
          {
            "x": 7,
            "y": 3
          }
        ],
        "head": {
          "x": 9,
          "y": 5
        },
        "length": 5,
        "shout": ""
      }
    ],
    "food": [
      {
        "x": 5,
        "y": 8
      }
    ],
    "you": {
      "id": "gs_7r4w4rVV8PF86yBKpTD6mMfF",
      "name": "Jormungand 0.1.0",
      "latency": "49",
      "health": 96,
      "body": [
        {
          "x": 10,
          "y": 6
        },
        {
          "x": 10,
          "y": 5
        },
        {
          "x": 10,
          "y": 4
        },
        {
          "x": 10,
          "y": 3
        }
      ],
      "head": {
        "x": 10,
        "y": 6
      },
      "length": 4,
      "shout": "I am moving up!"
    },
    "snakeId": "gs_7r4w4rVV8PF86yBKpTD6mMfF",
    "name": "Jormungand 0.1.0",
    "latency": "49",
    "health": 96,
    "body": [
      {
        "x": 10,
        "y": 6
      },
      {
        "x": 10,
        "y": 5
      },
      {
        "x": 10,
        "y": 4
      },
      {
        "x": 10,
        "y": 3
      }
    ],
    "head": {
      "x": 10,
      "y": 6
    },
    "length": 4,
    "shout": "I am moving up!"
  },
  {
    "gameId": "5f8be0ee-496e-49ea-aecd-808a185e40a5",
    "ruleset": {
      "name": "royale",
      "version": "v1.0.17"
    },
    "timeout": 600,
    "turn": 17,
    "width": 11,
    "height": 11,
    "snakes": [
      {
        "id": "gs_7r4w4rVV8PF86yBKpTD6mMfF",
        "name": "Jormungand 0.1.0",
        "latency": "49",
        "health": 95,
        "body": [
          {
            "x": 10,
            "y": 7
          },
          {
            "x": 10,
            "y": 6
          },
          {
            "x": 10,
            "y": 5
          },
          {
            "x": 10,
            "y": 4
          }
        ],
        "head": {
          "x": 10,
          "y": 7
        },
        "length": 4,
        "shout": "I am moving up!"
      },
      {
        "id": "gs_rYd6xvc9kGYwPSrSKr3fgSWV",
        "name": "EzSnek",
        "latency": "9",
        "health": 83,
        "body": [
          {
            "x": 5,
            "y": 4
          },
          {
            "x": 4,
            "y": 4
          },
          {
            "x": 4,
            "y": 5
          }
        ],
        "head": {
          "x": 5,
          "y": 4
        },
        "length": 3,
        "shout": ""
      },
      {
        "id": "gs_BQMMgWd46TwfCDkbS3WqtvWJ",
        "name": "Dutch Viper (Pofadder)",
        "latency": "92",
        "health": 97,
        "body": [
          {
            "x": 5,
            "y": 2
          },
          {
            "x": 4,
            "y": 2
          },
          {
            "x": 3,
            "y": 2
          },
          {
            "x": 2,
            "y": 2
          },
          {
            "x": 2,
            "y": 3
          },
          {
            "x": 1,
            "y": 3
          },
          {
            "x": 0,
            "y": 3
          }
        ],
        "head": {
          "x": 5,
          "y": 2
        },
        "length": 7,
        "shout": "BattleSnake Royallleee FLush!"
      },
      {
        "id": "gs_rPXktKj8PWyMkgtKx83vGwJJ",
        "name": "The Eater of Worlds",
        "latency": "201",
        "health": 98,
        "body": [
          {
            "x": 9,
            "y": 6
          },
          {
            "x": 9,
            "y": 5
          },
          {
            "x": 8,
            "y": 5
          },
          {
            "x": 8,
            "y": 4
          },
          {
            "x": 7,
            "y": 4
          }
        ],
        "head": {
          "x": 9,
          "y": 6
        },
        "length": 5,
        "shout": ""
      }
    ],
    "food": [
      {
        "x": 5,
        "y": 8
      }
    ],
    "you": {
      "id": "gs_7r4w4rVV8PF86yBKpTD6mMfF",
      "name": "Jormungand 0.1.0",
      "latency": "49",
      "health": 95,
      "body": [
        {
          "x": 10,
          "y": 7
        },
        {
          "x": 10,
          "y": 6
        },
        {
          "x": 10,
          "y": 5
        },
        {
          "x": 10,
          "y": 4
        }
      ],
      "head": {
        "x": 10,
        "y": 7
      },
      "length": 4,
      "shout": "I am moving up!"
    },
    "snakeId": "gs_7r4w4rVV8PF86yBKpTD6mMfF",
    "name": "Jormungand 0.1.0",
    "latency": "49",
    "health": 95,
    "body": [
      {
        "x": 10,
        "y": 7
      },
      {
        "x": 10,
        "y": 6
      },
      {
        "x": 10,
        "y": 5
      },
      {
        "x": 10,
        "y": 4
      }
    ],
    "head": {
      "x": 10,
      "y": 7
    },
    "length": 4,
    "shout": "I am moving up!"
  },
  {
    "gameId": "5f8be0ee-496e-49ea-aecd-808a185e40a5",
    "ruleset": {
      "name": "royale",
      "version": "v1.0.17"
    },
    "timeout": 600,
    "turn": 18,
    "width": 11,
    "height": 11,
    "snakes": [
      {
        "id": "gs_7r4w4rVV8PF86yBKpTD6mMfF",
        "name": "Jormungand 0.1.0",
        "latency": "49",
        "health": 94,
        "body": [
          {
            "x": 10,
            "y": 8
          },
          {
            "x": 10,
            "y": 7
          },
          {
            "x": 10,
            "y": 6
          },
          {
            "x": 10,
            "y": 5
          }
        ],
        "head": {
          "x": 10,
          "y": 8
        },
        "length": 4,
        "shout": "I am moving up!"
      },
      {
        "id": "gs_rYd6xvc9kGYwPSrSKr3fgSWV",
        "name": "EzSnek",
        "latency": "9",
        "health": 82,
        "body": [
          {
            "x": 5,
            "y": 5
          },
          {
            "x": 5,
            "y": 4
          },
          {
            "x": 4,
            "y": 4
          }
        ],
        "head": {
          "x": 5,
          "y": 5
        },
        "length": 3,
        "shout": ""
      },
      {
        "id": "gs_BQMMgWd46TwfCDkbS3WqtvWJ",
        "name": "Dutch Viper (Pofadder)",
        "latency": "98",
        "health": 96,
        "body": [
          {
            "x": 6,
            "y": 2
          },
          {
            "x": 5,
            "y": 2
          },
          {
            "x": 4,
            "y": 2
          },
          {
            "x": 3,
            "y": 2
          },
          {
            "x": 2,
            "y": 2
          },
          {
            "x": 2,
            "y": 3
          },
          {
            "x": 1,
            "y": 3
          }
        ],
        "head": {
          "x": 6,
          "y": 2
        },
        "length": 7,
        "shout": "BattleSnake Royallleee FLush!"
      },
      {
        "id": "gs_rPXktKj8PWyMkgtKx83vGwJJ",
        "name": "The Eater of Worlds",
        "latency": "196",
        "health": 97,
        "body": [
          {
            "x": 9,
            "y": 7
          },
          {
            "x": 9,
            "y": 6
          },
          {
            "x": 9,
            "y": 5
          },
          {
            "x": 8,
            "y": 5
          },
          {
            "x": 8,
            "y": 4
          }
        ],
        "head": {
          "x": 9,
          "y": 7
        },
        "length": 5,
        "shout": ""
      }
    ],
    "food": [
      {
        "x": 5,
        "y": 8
      }
    ],
    "you": {
      "id": "gs_7r4w4rVV8PF86yBKpTD6mMfF",
      "name": "Jormungand 0.1.0",
      "latency": "49",
      "health": 94,
      "body": [
        {
          "x": 10,
          "y": 8
        },
        {
          "x": 10,
          "y": 7
        },
        {
          "x": 10,
          "y": 6
        },
        {
          "x": 10,
          "y": 5
        }
      ],
      "head": {
        "x": 10,
        "y": 8
      },
      "length": 4,
      "shout": "I am moving up!"
    },
    "snakeId": "gs_7r4w4rVV8PF86yBKpTD6mMfF",
    "name": "Jormungand 0.1.0",
    "latency": "49",
    "health": 94,
    "body": [
      {
        "x": 10,
        "y": 8
      },
      {
        "x": 10,
        "y": 7
      },
      {
        "x": 10,
        "y": 6
      },
      {
        "x": 10,
        "y": 5
      }
    ],
    "head": {
      "x": 10,
      "y": 8
    },
    "length": 4,
    "shout": "I am moving up!"
  },
  {
    "gameId": "5f8be0ee-496e-49ea-aecd-808a185e40a5",
    "ruleset": {
      "name": "royale",
      "version": "v1.0.17"
    },
    "timeout": 600,
    "turn": 19,
    "width": 11,
    "height": 11,
    "snakes": [
      {
        "id": "gs_7r4w4rVV8PF86yBKpTD6mMfF",
        "name": "Jormungand 0.1.0",
        "latency": "49",
        "health": 93,
        "body": [
          {
            "x": 10,
            "y": 9
          },
          {
            "x": 10,
            "y": 8
          },
          {
            "x": 10,
            "y": 7
          },
          {
            "x": 10,
            "y": 6
          }
        ],
        "head": {
          "x": 10,
          "y": 9
        },
        "length": 4,
        "shout": "I am moving up!"
      },
      {
        "id": "gs_rYd6xvc9kGYwPSrSKr3fgSWV",
        "name": "EzSnek",
        "latency": "9",
        "health": 81,
        "body": [
          {
            "x": 6,
            "y": 5
          },
          {
            "x": 5,
            "y": 5
          },
          {
            "x": 5,
            "y": 4
          }
        ],
        "head": {
          "x": 6,
          "y": 5
        },
        "length": 3,
        "shout": ""
      },
      {
        "id": "gs_BQMMgWd46TwfCDkbS3WqtvWJ",
        "name": "Dutch Viper (Pofadder)",
        "latency": "90",
        "health": 95,
        "body": [
          {
            "x": 7,
            "y": 2
          },
          {
            "x": 6,
            "y": 2
          },
          {
            "x": 5,
            "y": 2
          },
          {
            "x": 4,
            "y": 2
          },
          {
            "x": 3,
            "y": 2
          },
          {
            "x": 2,
            "y": 2
          },
          {
            "x": 2,
            "y": 3
          }
        ],
        "head": {
          "x": 7,
          "y": 2
        },
        "length": 7,
        "shout": "BattleSnake Royallleee FLush!"
      },
      {
        "id": "gs_rPXktKj8PWyMkgtKx83vGwJJ",
        "name": "The Eater of Worlds",
        "latency": "189",
        "health": 96,
        "body": [
          {
            "x": 9,
            "y": 8
          },
          {
            "x": 9,
            "y": 7
          },
          {
            "x": 9,
            "y": 6
          },
          {
            "x": 9,
            "y": 5
          },
          {
            "x": 8,
            "y": 5
          }
        ],
        "head": {
          "x": 9,
          "y": 8
        },
        "length": 5,
        "shout": ""
      }
    ],
    "food": [
      {
        "x": 5,
        "y": 8
      }
    ],
    "you": {
      "id": "gs_7r4w4rVV8PF86yBKpTD6mMfF",
      "name": "Jormungand 0.1.0",
      "latency": "49",
      "health": 93,
      "body": [
        {
          "x": 10,
          "y": 9
        },
        {
          "x": 10,
          "y": 8
        },
        {
          "x": 10,
          "y": 7
        },
        {
          "x": 10,
          "y": 6
        }
      ],
      "head": {
        "x": 10,
        "y": 9
      },
      "length": 4,
      "shout": "I am moving up!"
    },
    "snakeId": "gs_7r4w4rVV8PF86yBKpTD6mMfF",
    "name": "Jormungand 0.1.0",
    "latency": "49",
    "health": 93,
    "body": [
      {
        "x": 10,
        "y": 9
      },
      {
        "x": 10,
        "y": 8
      },
      {
        "x": 10,
        "y": 7
      },
      {
        "x": 10,
        "y": 6
      }
    ],
    "head": {
      "x": 10,
      "y": 9
    },
    "length": 4,
    "shout": "I am moving up!"
  },
  {
    "gameId": "5f8be0ee-496e-49ea-aecd-808a185e40a5",
    "ruleset": {
      "name": "royale",
      "version": "v1.0.17"
    },
    "timeout": 600,
    "turn": 20,
    "width": 11,
    "height": 11,
    "snakes": [
      {
        "id": "gs_7r4w4rVV8PF86yBKpTD6mMfF",
        "name": "Jormungand 0.1.0",
        "latency": "50",
        "health": 92,
        "body": [
          {
            "x": 10,
            "y": 10
          },
          {
            "x": 10,
            "y": 9
          },
          {
            "x": 10,
            "y": 8
          },
          {
            "x": 10,
            "y": 7
          }
        ],
        "head": {
          "x": 10,
          "y": 10
        },
        "length": 4,
        "shout": "I am moving up!"
      },
      {
        "id": "gs_rYd6xvc9kGYwPSrSKr3fgSWV",
        "name": "EzSnek",
        "latency": "9",
        "health": 80,
        "body": [
          {
            "x": 6,
            "y": 6
          },
          {
            "x": 6,
            "y": 5
          },
          {
            "x": 5,
            "y": 5
          }
        ],
        "head": {
          "x": 6,
          "y": 6
        },
        "length": 3,
        "shout": ""
      },
      {
        "id": "gs_BQMMgWd46TwfCDkbS3WqtvWJ",
        "name": "Dutch Viper (Pofadder)",
        "latency": "91",
        "health": 94,
        "body": [
          {
            "x": 8,
            "y": 2
          },
          {
            "x": 7,
            "y": 2
          },
          {
            "x": 6,
            "y": 2
          },
          {
            "x": 5,
            "y": 2
          },
          {
            "x": 4,
            "y": 2
          },
          {
            "x": 3,
            "y": 2
          },
          {
            "x": 2,
            "y": 2
          }
        ],
        "head": {
          "x": 8,
          "y": 2
        },
        "length": 7,
        "shout": "BattleSnake Royallleee FLush!"
      },
      {
        "id": "gs_rPXktKj8PWyMkgtKx83vGwJJ",
        "name": "The Eater of Worlds",
        "latency": "188",
        "health": 95,
        "body": [
          {
            "x": 9,
            "y": 9
          },
          {
            "x": 9,
            "y": 8
          },
          {
            "x": 9,
            "y": 7
          },
          {
            "x": 9,
            "y": 6
          },
          {
            "x": 9,
            "y": 5
          }
        ],
        "head": {
          "x": 9,
          "y": 9
        },
        "length": 5,
        "shout": ""
      }
    ],
    "food": [
      {
        "x": 5,
        "y": 8
      }
    ],
    "you": {
      "id": "gs_7r4w4rVV8PF86yBKpTD6mMfF",
      "name": "Jormungand 0.1.0",
      "latency": "50",
      "health": 92,
      "body": [
        {
          "x": 10,
          "y": 10
        },
        {
          "x": 10,
          "y": 9
        },
        {
          "x": 10,
          "y": 8
        },
        {
          "x": 10,
          "y": 7
        }
      ],
      "head": {
        "x": 10,
        "y": 10
      },
      "length": 4,
      "shout": "I am moving up!"
    },
    "snakeId": "gs_7r4w4rVV8PF86yBKpTD6mMfF",
    "name": "Jormungand 0.1.0",
    "latency": "50",
    "health": 92,
    "body": [
      {
        "x": 10,
        "y": 10
      },
      {
        "x": 10,
        "y": 9
      },
      {
        "x": 10,
        "y": 8
      },
      {
        "x": 10,
        "y": 7
      }
    ],
    "head": {
      "x": 10,
      "y": 10
    },
    "length": 4,
    "shout": "I am moving up!"
  }
]