[
  {
    "gameId": "605a4e5d-df64-4dce-9f0f-4486ac4f48cb",
    "ruleset": {
      "name": "standard",
      "version": "v1.0.17"
    },
    "timeout": 500,
    "turn": 0,
    "width": 11,
    "height": 11,
    "snakes": [
      {
        "id": "gs_MPmHxc7f76xjkTR8DqHHS8cM",
        "name": "HungerOfHadar v1.1",
        "latency": "",
        "health": 100,
        "body": [
          {
            "x": 5,
            "y": 9
          },
          {
            "x": 5,
            "y": 9
          },
          {
            "x": 5,
            "y": 9
          }
        ],
        "head": {
          "x": 5,
          "y": 9
        },
        "length": 3,
        "shout": ""
      },
      {
        "id": "gs_jkSpP6DJSrFW6bPkkxKRbYdc",
        "name": "Jormungand 0.1.0",
        "latency": "",
        "health": 100,
        "body": [
          {
            "x": 9,
            "y": 9
          },
          {
            "x": 9,
            "y": 9
          },
          {
            "x": 9,
            "y": 9
          }
        ],
        "head": {
          "x": 9,
          "y": 9
        },
        "length": 3,
        "shout": ""
      }
    ],
    "food": [
      {
        "x": 6,
        "y": 10
      },
      {
        "x": 10,
        "y": 8
      },
      {
        "x": 5,
        "y": 5
      }
    ],
    "you": {
      "id": "gs_jkSpP6DJSrFW6bPkkxKRbYdc",
      "name": "Jormungand 0.1.0",
      "latency": "",
      "health": 100,
      "body": [
        {
          "x": 9,
          "y": 9
        },
        {
          "x": 9,
          "y": 9
        },
        {
          "x": 9,
          "y": 9
        }
      ],
      "head": {
        "x": 9,
        "y": 9
      },
      "length": 3,
      "shout": ""
    },
    "snakeId": "gs_jkSpP6DJSrFW6bPkkxKRbYdc",
    "name": "Jormungand 0.1.0",
    "latency": "",
    "health": 100,
    "body": [
      {
        "x": 9,
        "y": 9
      },
      {
        "x": 9,
        "y": 9
      },
      {
        "x": 9,
        "y": 9
      }
    ],
    "head": {
      "x": 9,
      "y": 9
    },
    "length": 3,
    "shout": ""
  },
  {
    "gameId": "605a4e5d-df64-4dce-9f0f-4486ac4f48cb",
    "ruleset": {
      "name": "standard",
      "version": "v1.0.17"
    },
    "timeout": 500,
    "turn": 0,
    "width": 11,
    "height": 11,
    "snakes": [
      {
        "id": "gs_MPmHxc7f76xjkTR8DqHHS8cM",
        "name": "HungerOfHadar v1.1",
        "latency": "",
        "health": 100,
        "body": [
          {
            "x": 5,
            "y": 9
          },
          {
            "x": 5,
            "y": 9
          },
          {
            "x": 5,
            "y": 9
          }
        ],
        "head": {
          "x": 5,
          "y": 9
        },
        "length": 3,
        "shout": ""
      },
      {
        "id": "gs_jkSpP6DJSrFW6bPkkxKRbYdc",
        "name": "Jormungand 0.1.0",
        "latency": "",
        "health": 100,
        "body": [
          {
            "x": 9,
            "y": 9
          },
          {
            "x": 9,
            "y": 9
          },
          {
            "x": 9,
            "y": 9
          }
        ],
        "head": {
          "x": 9,
          "y": 9
        },
        "length": 3,
        "shout": ""
      }
    ],
    "food": [
      {
        "x": 6,
        "y": 10
      },
      {
        "x": 10,
        "y": 8
      },
      {
        "x": 5,
        "y": 5
      }
    ],
    "you": {
      "id": "gs_jkSpP6DJSrFW6bPkkxKRbYdc",
      "name": "Jormungand 0.1.0",
      "latency": "",
      "health": 100,
      "body": [
        {
          "x": 9,
          "y": 9
        },
        {
          "x": 9,
          "y": 9
        },
        {
          "x": 9,
          "y": 9
        }
      ],
      "head": {
        "x": 9,
        "y": 9
      },
      "length": 3,
      "shout": ""
    },
    "snakeId": "gs_jkSpP6DJSrFW6bPkkxKRbYdc",
    "name": "Jormungand 0.1.0",
    "latency": "",
    "health": 100,
    "body": [
      {
        "x": 9,
        "y": 9
      },
      {
        "x": 9,
        "y": 9
      },
      {
        "x": 9,
        "y": 9
      }
    ],
    "head": {
      "x": 9,
      "y": 9
    },
    "length": 3,
    "shout": ""
  },
  {
    "gameId": "605a4e5d-df64-4dce-9f0f-4486ac4f48cb",
    "ruleset": {
      "name": "standard",
      "version": "v1.0.17"
    },
    "timeout": 500,
    "turn": 1,
    "width": 11,
    "height": 11,
    "snakes": [
      {
        "id": "gs_MPmHxc7f76xjkTR8DqHHS8cM",
        "name": "HungerOfHadar v1.1",
        "latency": "0",
        "health": 99,
        "body": [
          {
            "x": 5,
            "y": 10
          },
          {
            "x": 5,
            "y": 9
          },
          {
            "x": 5,
            "y": 9
          }
        ],
        "head": {
          "x": 5,
          "y": 10
        },
        "length": 3,
        "shout": ""
      },
      {
        "id": "gs_jkSpP6DJSrFW6bPkkxKRbYdc",
        "name": "Jormungand 0.1.0",
        "latency": "102",
        "health": 99,
        "body": [
          {
            "x": 8,
            "y": 9
          },
          {
            "x": 9,
            "y": 9
          },
          {
            "x": 9,
            "y": 9
          }
        ],
        "head": {
          "x": 8,
          "y": 9
        },
        "length": 3,
        "shout": "I am moving up!"
      }
    ],
    "food": [
      {
        "x": 6,
        "y": 10
      },
      {
        "x": 10,
        "y": 8
      },
      {
        "x": 5,
        "y": 5
      }
    ],
    "you": {
      "id": "gs_jkSpP6DJSrFW6bPkkxKRbYdc",
      "name": "Jormungand 0.1.0",
      "latency": "102",
      "health": 99,
      "body": [
        {
          "x": 8,
          "y": 9
        },
        {
          "x": 9,
          "y": 9
        },
        {
          "x": 9,
          "y": 9
        }
      ],
      "head": {
        "x": 8,
        "y": 9
      },
      "length": 3,
      "shout": "I am moving up!"
    },
    "snakeId": "gs_jkSpP6DJSrFW6bPkkxKRbYdc",
    "name": "Jormungand 0.1.0",
    "latency": "102",
    "health": 99,
    "body": [
      {
        "x": 8,
        "y": 9
      },
      {
        "x": 9,
        "y": 9
      },
      {
        "x": 9,
        "y": 9
      }
    ],
    "head": {
      "x": 8,
      "y": 9
    },
    "length": 3,
    "shout": "I am moving up!"
  }
]