[
  {
    "gameId": "6373d3fc-8370-4f61-8bed-339d6dd2b550",
    "ruleset": {
      "name": "standard",
      "version": "v1.0.17"
    },
    "timeout": 500,
    "turn": 0,
    "width": 11,
    "height": 11,
    "snakes": [
      {
        "id": "gs_PSmBGgRg7XbfJrXywPkptq8D",
        "name": "Jormungand 0.1.0",
        "latency": "",
        "health": 100,
        "body": [
          {
            "x": 1,
            "y": 5
          },
          {
            "x": 1,
            "y": 5
          },
          {
            "x": 1,
            "y": 5
          }
        ],
        "head": {
          "x": 1,
          "y": 5
        },
        "length": 3,
        "shout": ""
      },
      {
        "id": "gs_KTqDpbgcSJrcxkkTV6PYx8MY",
        "name": "striker",
        "latency": "",
        "health": 100,
        "body": [
          {
            "x": 1,
            "y": 9
          },
          {
            "x": 1,
            "y": 9
          },
          {
            "x": 1,
            "y": 9
          }
        ],
        "head": {
          "x": 1,
          "y": 9
        },
        "length": 3,
        "shout": ""
      }
    ],
    "food": [
      {
        "x": 2,
        "y": 4
      },
      {
        "x": 2,
        "y": 8
      },
      {
        "x": 5,
        "y": 5
      }
    ],
    "you": {
      "id": "gs_PSmBGgRg7XbfJrXywPkptq8D",
      "name": "Jormungand 0.1.0",
      "latency": "",
      "health": 100,
      "body": [
        {
          "x": 1,
          "y": 5
        },
        {
          "x": 1,
          "y": 5
        },
        {
          "x": 1,
          "y": 5
        }
      ],
      "head": {
        "x": 1,
        "y": 5
      },
      "length": 3,
      "shout": ""
    },
    "snakeId": "gs_PSmBGgRg7XbfJrXywPkptq8D",
    "name": "Jormungand 0.1.0",
    "latency": "",
    "health": 100,
    "body": [
      {
        "x": 1,
        "y": 5
      },
      {
        "x": 1,
        "y": 5
      },
      {
        "x": 1,
        "y": 5
      }
    ],
    "head": {
      "x": 1,
      "y": 5
    },
    "length": 3,
    "shout": ""
  },
  {
    "gameId": "6373d3fc-8370-4f61-8bed-339d6dd2b550",
    "ruleset": {
      "name": "standard",
      "version": "v1.0.17"
    },
    "timeout": 500,
    "turn": 0,
    "width": 11,
    "height": 11,
    "snakes": [
      {
        "id": "gs_PSmBGgRg7XbfJrXywPkptq8D",
        "name": "Jormungand 0.1.0",
        "latency": "",
        "health": 100,
        "body": [
          {
            "x": 1,
            "y": 5
          },
          {
            "x": 1,
            "y": 5
          },
          {
            "x": 1,
            "y": 5
          }
        ],
        "head": {
          "x": 1,
          "y": 5
        },
        "length": 3,
        "shout": ""
      },
      {
        "id": "gs_KTqDpbgcSJrcxkkTV6PYx8MY",
        "name": "striker",
        "latency": "",
        "health": 100,
        "body": [
          {
            "x": 1,
            "y": 9
          },
          {
            "x": 1,
            "y": 9
          },
          {
            "x": 1,
            "y": 9
          }
        ],
        "head": {
          "x": 1,
          "y": 9
        },
        "length": 3,
        "shout": ""
      }
    ],
    "food": [
      {
        "x": 2,
        "y": 4
      },
      {
        "x": 2,
        "y": 8
      },
      {
        "x": 5,
        "y": 5
      }
    ],
    "you": {
      "id": "gs_PSmBGgRg7XbfJrXywPkptq8D",
      "name": "Jormungand 0.1.0",
      "latency": "",
      "health": 100,
      "body": [
        {
          "x": 1,
          "y": 5
        },
        {
          "x": 1,
          "y": 5
        },
        {
          "x": 1,
          "y": 5
        }
      ],
      "head": {
        "x": 1,
        "y": 5
      },
      "length": 3,
      "shout": ""
    },
    "snakeId": "gs_PSmBGgRg7XbfJrXywPkptq8D",
    "name": "Jormungand 0.1.0",
    "latency": "",
    "health": 100,
    "body": [
      {
        "x": 1,
        "y": 5
      },
      {
        "x": 1,
        "y": 5
      },
      {
        "x": 1,
        "y": 5
      }
    ],
    "head": {
      "x": 1,
      "y": 5
    },
    "length": 3,
    "shout": ""
  },
  {
    "gameId": "6373d3fc-8370-4f61-8bed-339d6dd2b550",
    "ruleset": {
      "name": "standard",
      "version": "v1.0.17"
    },
    "timeout": 500,
    "turn": 1,
    "width": 11,
    "height": 11,
    "snakes": [
      {
        "id": "gs_PSmBGgRg7XbfJrXywPkptq8D",
        "name": "Jormungand 0.1.0",
        "latency": "50",
        "health": 99,
        "body": [
          {
            "x": 2,
            "y": 5
          },
          {
            "x": 1,
            "y": 5
          },
          {
            "x": 1,
            "y": 5
          }
        ],
        "head": {
          "x": 2,
          "y": 5
        },
        "length": 3,
        "shout": "I am moving up!"
      },
      {
        "id": "gs_KTqDpbgcSJrcxkkTV6PYx8MY",
        "name": "striker",
        "latency": "331",
        "health": 99,
        "body": [
          {
            "x": 1,
            "y": 8
          },
          {
            "x": 1,
            "y": 9
          },
          {
            "x": 1,
            "y": 9
          }
        ],
        "head": {
          "x": 1,
          "y": 8
        },
        "length": 3,
        "shout": ""
      }
    ],
    "food": [
      {
        "x": 2,
        "y": 4
      },
      {
        "x": 2,
        "y": 8
      },
      {
        "x": 5,
        "y": 5
      }
    ],
    "you": {
      "id": "gs_PSmBGgRg7XbfJrXywPkptq8D",
      "name": "Jormungand 0.1.0",
      "latency": "50",
      "health": 99,
      "body": [
        {
          "x": 2,
          "y": 5
        },
        {
          "x": 1,
          "y": 5
        },
        {
          "x": 1,
          "y": 5
        }
      ],
      "head": {
        "x": 2,
        "y": 5
      },
      "length": 3,
      "shout": "I am moving up!"
    },
    "snakeId": "gs_PSmBGgRg7XbfJrXywPkptq8D",
    "name": "Jormungand 0.1.0",
    "latency": "50",
    "health": 99,
    "body": [
      {
        "x": 2,
        "y": 5
      },
      {
        "x": 1,
        "y": 5
      },
      {
        "x": 1,
        "y": 5
      }
    ],
    "head": {
      "x": 2,
      "y": 5
    },
    "length": 3,
    "shout": "I am moving up!"
  },
  {
    "gameId": "6373d3fc-8370-4f61-8bed-339d6dd2b550",
    "ruleset": {
      "name": "standard",
      "version": "v1.0.17"
    },
    "timeout": 500,
    "turn": 2,
    "width": 11,
    "height": 11,
    "snakes": [
      {
        "id": "gs_PSmBGgRg7XbfJrXywPkptq8D",
        "name": "Jormungand 0.1.0",
        "latency": "50",
        "health": 98,
        "body": [
          {
            "x": 3,
            "y": 5
          },
          {
            "x": 2,
            "y": 5
          },
          {
            "x": 1,
            "y": 5
          }
        ],
        "head": {
          "x": 3,
          "y": 5
        },
        "length": 3,
        "shout": "I am moving up!"
      },
      {
        "id": "gs_KTqDpbgcSJrcxkkTV6PYx8MY",
        "name": "striker",
        "latency": "83",
        "health": 100,
        "body": [
          {
            "x": 2,
            "y": 8
          },
          {
            "x": 1,
            "y": 8
          },
          {
            "x": 1,
            "y": 9
          },
          {
            "x": 1,
            "y": 9
          }
        ],
        "head": {
          "x": 2,
          "y": 8
        },
        "length": 4,
        "shout": ""
      }
    ],
    "food": [
      {
        "x": 2,
        "y": 4
      },
      {
        "x": 5,
        "y": 5
      }
    ],
    "you": {
      "id": "gs_PSmBGgRg7XbfJrXywPkptq8D",
      "name": "Jormungand 0.1.0",
      "latency": "50",
      "health": 98,
      "body": [
        {
          "x": 3,
          "y": 5
        },
        {
          "x": 2,
          "y": 5
        },
        {
          "x": 1,
          "y": 5
        }
      ],
      "head": {
        "x": 3,
        "y": 5
      },
      "length": 3,
      "shout": "I am moving up!"
    },
    "snakeId": "gs_PSmBGgRg7XbfJrXywPkptq8D",
    "name": "Jormungand 0.1.0",
    "latency": "50",
    "health": 98,
    "body": [
      {
        "x": 3,
        "y": 5
      },
      {
        "x": 2,
        "y": 5
      },
      {
        "x": 1,
        "y": 5
      }
    ],
    "head": {
      "x": 3,
      "y": 5
    },
    "length": 3,
    "shout": "I am moving up!"
  },
  {
    "gameId": "6373d3fc-8370-4f61-8bed-339d6dd2b550",
    "ruleset": {
      "name": "standard",
      "version": "v1.0.17"
    },
    "timeout": 500,
    "turn": 3,
    "width": 11,
    "height": 11,
    "snakes": [
      {
        "id": "gs_PSmBGgRg7XbfJrXywPkptq8D",
        "name": "Jormungand 0.1.0",
        "latency": "50",
        "health": 97,
        "body": [
          {
            "x": 3,
            "y": 4
          },
          {
            "x": 3,
            "y": 5
          },
          {
            "x": 2,
            "y": 5
          }
        ],
        "head": {
          "x": 3,
          "y": 4
        },
        "length": 3,
        "shout": "I am moving up!"
      },
      {
        "id": "gs_KTqDpbgcSJrcxkkTV6PYx8MY",
        "name": "striker",
        "latency": "82",
        "health": 99,
        "body": [
          {
            "x": 3,
            "y": 8
          },
          {
            "x": 2,
            "y": 8
          },
          {
            "x": 1,
            "y": 8
          },
          {
            "x": 1,
            "y": 9
          }
        ],
        "head": {
          "x": 3,
          "y": 8
        },
        "length": 4,
        "shout": ""
      }
    ],
    "food": [
      {
        "x": 2,
        "y": 4
      },
      {
        "x": 5,
        "y": 5
      }
    ],
    "you": {
      "id": "gs_PSmBGgRg7XbfJrXywPkptq8D",
      "name": "Jormungand 0.1.0",
      "latency": "50",
      "health": 97,
      "body": [
        {
          "x": 3,
          "y": 4
        },
        {
          "x": 3,
          "y": 5
        },
        {
          "x": 2,
          "y": 5
        }
      ],
      "head": {
        "x": 3,
        "y": 4
      },
      "length": 3,
      "shout": "I am moving up!"
    },
    "snakeId": "gs_PSmBGgRg7XbfJrXywPkptq8D",
    "name": "Jormungand 0.1.0",
    "latency": "50",
    "health": 97,
    "body": [
      {
        "x": 3,
        "y": 4
      },
      {
        "x": 3,
        "y": 5
      },
      {
        "x": 2,
        "y": 5
      }
    ],
    "head": {
      "x": 3,
      "y": 4
    },
    "length": 3,
    "shout": "I am moving up!"
  },
  {
    "gameId": "6373d3fc-8370-4f61-8bed-339d6dd2b550",
    "ruleset": {
      "name": "standard",
      "version": "v1.0.17"
    },
    "timeout": 500,
    "turn": 4,
    "width": 11,
    "height": 11,
    "snakes": [
      {
        "id": "gs_PSmBGgRg7XbfJrXywPkptq8D",
        "name": "Jormungand 0.1.0",
        "latency": "50",
        "health": 96,
        "body": [
          {
            "x": 3,
            "y": 3
          },
          {
            "x": 3,
            "y": 4
          },
          {
            "x": 3,
            "y": 5
          }
        ],
        "head": {
          "x": 3,
          "y": 3
        },
        "length": 3,
        "shout": "I am moving up!"
      },
      {
        "id": "gs_KTqDpbgcSJrcxkkTV6PYx8MY",
        "name": "striker",
        "latency": "83",
        "health": 98,
        "body": [
          {
            "x": 3,
            "y": 7
          },
          {
            "x": 3,
            "y": 8
          },
          {
            "x": 2,
            "y": 8
          },
          {
            "x": 1,
            "y": 8
          }
        ],
        "head": {
          "x": 3,
          "y": 7
        },
        "length": 4,
        "shout": ""
      }
    ],
    "food": [
      {
        "x": 2,
        "y": 4
      },
      {
        "x": 5,
        "y": 5
      },
      {
        "x": 7,
        "y": 3
      }
    ],
    "you": {
      "id": "gs_PSmBGgRg7XbfJrXywPkptq8D",
      "name": "Jormungand 0.1.0",
      "latency": "50",
      "health": 96,
      "body": [
        {
          "x": 3,
          "y": 3
        },
        {
          "x": 3,
          "y": 4
        },
        {
          "x": 3,
          "y": 5
        }
      ],
      "head": {
        "x": 3,
        "y": 3
      },
      "length": 3,
      "shout": "I am moving up!"
    },
    "snakeId": "gs_PSmBGgRg7XbfJrXywPkptq8D",
    "name": "Jormungand 0.1.0",
    "latency": "50",
    "health": 96,
    "body": [
      {
        "x": 3,
        "y": 3
      },
      {
        "x": 3,
        "y": 4
      },
      {
        "x": 3,
        "y": 5
      }
    ],
    "head": {
      "x": 3,
      "y": 3
    },
    "length": 3,
    "shout": "I am moving up!"
  },
  {
    "gameId": "6373d3fc-8370-4f61-8bed-339d6dd2b550",
    "ruleset": {
      "name": "standard",
      "version": "v1.0.17"
    },
    "timeout": 500,
    "turn": 5,
    "width": 11,
    "height": 11,
    "snakes": [
      {
        "id": "gs_PSmBGgRg7XbfJrXywPkptq8D",
        "name": "Jormungand 0.1.0",
        "latency": "49",
        "health": 95,
        "body": [
          {
            "x": 4,
            "y": 3
          },
          {
            "x": 3,
            "y": 3
          },
          {
            "x": 3,
            "y": 4
          }
        ],
        "head": {
          "x": 4,
          "y": 3
        },
        "length": 3,
        "shout": "I am moving up!"
      },
      {
        "id": "gs_KTqDpbgcSJrcxkkTV6PYx8MY",
        "name": "striker",
        "latency": "83",
        "health": 97,
        "body": [
          {
            "x": 3,
            "y": 6
          },
          {
            "x": 3,
            "y": 7
          },
          {
            "x": 3,
            "y": 8
          },
          {
            "x": 2,
            "y": 8
          }
        ],
        "head": {
          "x": 3,
          "y": 6
        },
        "length": 4,
        "shout": ""
      }
    ],
    "food": [
      {
        "x": 2,
        "y": 4
      },
      {
        "x": 5,
        "y": 5
      },
      {
        "x": 7,
        "y": 3
      }
    ],
    "you": {
      "id": "gs_PSmBGgRg7XbfJrXywPkptq8D",
      "name": "Jormungand 0.1.0",
      "latency": "49",
      "health": 95,
      "body": [
        {
          "x": 4,
          "y": 3
        },
        {
          "x": 3,
          "y": 3
        },
        {
          "x": 3,
          "y": 4
        }
      ],
      "head": {
        "x": 4,
        "y": 3
      },
      "length": 3,
      "shout": "I am moving up!"
    },
    "snakeId": "gs_PSmBGgRg7XbfJrXywPkptq8D",
    "name": "Jormungand 0.1.0",
    "latency": "49",
    "health": 95,
    "body": [
      {
        "x": 4,
        "y": 3
      },
      {
        "x": 3,
        "y": 3
      },
      {
        "x": 3,
        "y": 4
      }
    ],
    "head": {
      "x": 4,
      "y": 3
    },
    "length": 3,
    "shout": "I am moving up!"
  },
  {
    "gameId": "6373d3fc-8370-4f61-8bed-339d6dd2b550",
    "ruleset": {
      "name": "standard",
      "version": "v1.0.17"
    },
    "timeout": 500,
    "turn": 6,
    "width": 11,
    "height": 11,
    "snakes": [
      {
        "id": "gs_PSmBGgRg7XbfJrXywPkptq8D",
        "name": "Jormungand 0.1.0",
        "latency": "49",
        "health": 94,
        "body": [
          {
            "x": 5,
            "y": 3
          },
          {
            "x": 4,
            "y": 3
          },
          {
            "x": 3,
            "y": 3
          }
        ],
        "head": {
          "x": 5,
          "y": 3
        },
        "length": 3,
        "shout": "I am moving up!"
      },
      {
        "id": "gs_KTqDpbgcSJrcxkkTV6PYx8MY",
        "name": "striker",
        "latency": "83",
        "health": 96,
        "body": [
          {
            "x": 4,
            "y": 6
          },
          {
            "x": 3,
            "y": 6
          },
          {
            "x": 3,
            "y": 7
          },
          {
            "x": 3,
            "y": 8
          }
        ],
        "head": {
          "x": 4,
          "y": 6
        },
        "length": 4,
        "shout": ""
      }
    ],
    "food": [
      {
        "x": 2,
        "y": 4
      },
      {
        "x": 5,
        "y": 5
      },
      {
        "x": 7,
        "y": 3
      }
    ],
    "you": {
      "id": "gs_PSmBGgRg7XbfJrXywPkptq8D",
      "name": "Jormungand 0.1.0",
      "latency": "49",
      "health": 94,
      "body": [
        {
          "x": 5,
          "y": 3
        },
        {
          "x": 4,
          "y": 3
        },
        {
          "x": 3,
          "y": 3
        }
      ],
      "head": {
        "x": 5,
        "y": 3
      },
      "length": 3,
      "shout": "I am moving up!"
    },
    "snakeId": "gs_PSmBGgRg7XbfJrXywPkptq8D",
    "name": "Jormungand 0.1.0",
    "latency": "49",
    "health": 94,
    "body": [
      {
        "x": 5,
        "y": 3
      },
      {
        "x": 4,
        "y": 3
      },
      {
        "x": 3,
        "y": 3
      }
    ],
    "head": {
      "x": 5,
      "y": 3
    },
    "length": 3,
    "shout": "I am moving up!"
  },
  {
    "gameId": "6373d3fc-8370-4f61-8bed-339d6dd2b550",
    "ruleset": {
      "name": "standard",
      "version": "v1.0.17"
    },
    "timeout": 500,
    "turn": 7,
    "width": 11,
    "height": 11,
    "snakes": [
      {
        "id": "gs_PSmBGgRg7XbfJrXywPkptq8D",
        "name": "Jormungand 0.1.0",
        "latency": "50",
        "health": 93,
        "body": [
          {
            "x": 6,
            "y": 3
          },
          {
            "x": 5,
            "y": 3
          },
          {
            "x": 4,
            "y": 3
          }
        ],
        "head": {
          "x": 6,
          "y": 3
        },
        "length": 3,
        "shout": "I am moving up!"
      },
      {
        "id": "gs_KTqDpbgcSJrcxkkTV6PYx8MY",
        "name": "striker",
        "latency": "83",
        "health": 95,
        "body": [
          {
            "x": 4,
            "y": 5
          },
          {
            "x": 4,
            "y": 6
          },
          {
            "x": 3,
            "y": 6
          },
          {
            "x": 3,
            "y": 7
          }
        ],
        "head": {
          "x": 4,
          "y": 5
        },
        "length": 4,
        "shout": ""
      }
    ],
    "food": [
      {
        "x": 2,
        "y": 4
      },
      {
        "x": 5,
        "y": 5
      },
      {
        "x": 7,
        "y": 3
      }
    ],
    "you": {
      "id": "gs_PSmBGgRg7XbfJrXywPkptq8D",
      "name": "Jormungand 0.1.0",
      "latency": "50",
      "health": 93,
      "body": [
        {
          "x": 6,
          "y": 3
        },
        {
          "x": 5,
          "y": 3
        },
        {
          "x": 4,
          "y": 3
        }
      ],
      "head": {
        "x": 6,
        "y": 3
      },
      "length": 3,
      "shout": "I am moving up!"
    },
    "snakeId": "gs_PSmBGgRg7XbfJrXywPkptq8D",
    "name": "Jormungand 0.1.0",
    "latency": "50",
    "health": 93,
    "body": [
      {
        "x": 6,
        "y": 3
      },
      {
        "x": 5,
        "y": 3
      },
      {
        "x": 4,
        "y": 3
      }
    ],
    "head": {
      "x": 6,
      "y": 3
    },
    "length": 3,
    "shout": "I am moving up!"
  },
  {
    "gameId": "6373d3fc-8370-4f61-8bed-339d6dd2b550",
    "ruleset": {
      "name": "standard",
      "version": "v1.0.17"
    },
    "timeout": 500,
    "turn": 8,
    "width": 11,
    "height": 11,
    "snakes": [
      {
        "id": "gs_PSmBGgRg7XbfJrXywPkptq8D",
        "name": "Jormungand 0.1.0",
        "latency": "49",
        "health": 92,
        "body": [
          {
            "x": 6,
            "y": 2
          },
          {
            "x": 6,
            "y": 3
          },
          {
            "x": 5,
            "y": 3
          }
        ],
        "head": {
          "x": 6,
          "y": 2
        },
        "length": 3,
        "shout": "I am moving up!"
      },
      {
        "id": "gs_KTqDpbgcSJrcxkkTV6PYx8MY",
        "name": "striker",
        "latency": "82",
        "health": 100,
        "body": [
          {
            "x": 5,
            "y": 5
          },
          {
            "x": 4,
            "y": 5
          },
          {
            "x": 4,
            "y": 6
          },
          {
            "x": 3,
            "y": 6
          },
          {
            "x": 3,
            "y": 6
          }
        ],
        "head": {
          "x": 5,
          "y": 5
        },
        "length": 5,
        "shout": ""
      }
    ],
    "food": [
      {
        "x": 2,
        "y": 4
      },
      {
        "x": 7,
        "y": 3
      }
    ],
    "you": {
      "id": "gs_PSmBGgRg7XbfJrXywPkptq8D",
      "name": "Jormungand 0.1.0",
      "latency": "49",
      "health": 92,
      "body": [
        {
          "x": 6,
          "y": 2
        },
        {
          "x": 6,
          "y": 3
        },
        {
          "x": 5,
          "y": 3
        }
      ],
      "head": {
        "x": 6,
        "y": 2
      },
      "length": 3,
      "shout": "I am moving up!"
    },
    "snakeId": "gs_PSmBGgRg7XbfJrXywPkptq8D",
    "name": "Jormungand 0.1.0",
    "latency": "49",
    "health": 92,
    "body": [
      {
        "x": 6,
        "y": 2
      },
      {
        "x": 6,
        "y": 3
      },
      {
        "x": 5,
        "y": 3
      }
    ],
    "head": {
      "x": 6,
      "y": 2
    },
    "length": 3,
    "shout": "I am moving up!"
  },
  {
    "gameId": "6373d3fc-8370-4f61-8bed-339d6dd2b550",
    "ruleset": {
      "name": "standard",
      "version": "v1.0.17"
    },
    "timeout": 500,
    "turn": 9,
    "width": 11,
    "height": 11,
    "snakes": [
      {
        "id": "gs_PSmBGgRg7XbfJrXywPkptq8D",
        "name": "Jormungand 0.1.0",
        "latency": "49",
        "health": 91,
        "body": [
          {
            "x": 6,
            "y": 1
          },
          {
            "x": 6,
            "y": 2
          },
          {
            "x": 6,
            "y": 3
          }
        ],
        "head": {
          "x": 6,
          "y": 1
        },
        "length": 3,
        "shout": "I am moving up!"
      },
      {
        "id": "gs_KTqDpbgcSJrcxkkTV6PYx8MY",
        "name": "striker",
        "latency": "83",
        "health": 99,
        "body": [
          {
            "x": 6,
            "y": 5
          },
          {
            "x": 5,
            "y": 5
          },
          {
            "x": 4,
            "y": 5
          },
          {
            "x": 4,
            "y": 6
          },
          {
            "x": 3,
            "y": 6
          }
        ],
        "head": {
          "x": 6,
          "y": 5
        },
        "length": 5,
        "shout": ""
      }
    ],
    "food": [
      {
        "x": 2,
        "y": 4
      },
      {
        "x": 7,
        "y": 3
      }
    ],
    "you": {
      "id": "gs_PSmBGgRg7XbfJrXywPkptq8D",
      "name": "Jormungand 0.1.0",
      "latency": "49",
      "health": 91,
      "body": [
        {
          "x": 6,
          "y": 1
        },
        {
          "x": 6,
          "y": 2
        },
        {
          "x": 6,
          "y": 3
        }
      ],
      "head": {
        "x": 6,
        "y": 1
      },
      "length": 3,
      "shout": "I am moving up!"
    },
    "snakeId": "gs_PSmBGgRg7XbfJrXywPkptq8D",
    "name": "Jormungand 0.1.0",
    "latency": "49",
    "health": 91,
    "body": [
      {
        "x": 6,
        "y": 1
      },
      {
        "x": 6,
        "y": 2
      },
      {
        "x": 6,
        "y": 3
      }
    ],
    "head": {
      "x": 6,
      "y": 1
    },
    "length": 3,
    "shout": "I am moving up!"
  },
  {
    "gameId": "6373d3fc-8370-4f61-8bed-339d6dd2b550",
    "ruleset": {
      "name": "standard",
      "version": "v1.0.17"
    },
    "timeout": 500,
    "turn": 10,
    "width": 11,
    "height": 11,
    "snakes": [
      {
        "id": "gs_PSmBGgRg7XbfJrXywPkptq8D",
        "name": "Jormungand 0.1.0",
        "latency": "50",
        "health": 90,
        "body": [
          {
            "x": 5,
            "y": 1
          },
          {
            "x": 6,
            "y": 1
          },
          {
            "x": 6,
            "y": 2
          }
        ],
        "head": {
          "x": 5,
          "y": 1
        },
        "length": 3,
        "shout": "I am moving up!"
      },
      {
        "id": "gs_KTqDpbgcSJrcxkkTV6PYx8MY",
        "name": "striker",
        "latency": "83",
        "health": 98,
        "body": [
          {
            "x": 6,
            "y": 4
          },
          {
            "x": 6,
            "y": 5
          },
          {
            "x": 5,
            "y": 5
          },
          {
            "x": 4,
            "y": 5
          },
          {
            "x": 4,
            "y": 6
          }
        ],
        "head": {
          "x": 6,
          "y": 4
        },
        "length": 5,
        "shout": ""
      }
    ],
    "food": [
      {
        "x": 2,
        "y": 4
      },
      {
        "x": 7,
        "y": 3
      }
    ],
    "you": {
      "id": "gs_PSmBGgRg7XbfJrXywPkptq8D",
      "name": "Jormungand 0.1.0",
      "latency": "50",
      "health": 90,
      "body": [
        {
          "x": 5,
          "y": 1
        },
        {
          "x": 6,
          "y": 1
        },
        {
          "x": 6,
          "y": 2
        }
      ],
      "head": {
        "x": 5,
        "y": 1
      },
      "length": 3,
      "shout": "I am moving up!"
    },
    "snakeId": "gs_PSmBGgRg7XbfJrXywPkptq8D",
    "name": "Jormungand 0.1.0",
    "latency": "50",
    "health": 90,
    "body": [
      {
        "x": 5,
        "y": 1
      },
      {
        "x": 6,
        "y": 1
      },
      {
        "x": 6,
        "y": 2
      }
    ],
    "head": {
      "x": 5,
      "y": 1
    },
    "length": 3,
    "shout": "I am moving up!"
  },
  {
    "gameId": "6373d3fc-8370-4f61-8bed-339d6dd2b550",
    "ruleset": {
      "name": "standard",
      "version": "v1.0.17"
    },
    "timeout": 500,
    "turn": 11,
    "width": 11,
    "height": 11,
    "snakes": [
      {
        "id": "gs_PSmBGgRg7XbfJrXywPkptq8D",
        "name": "Jormungand 0.1.0",
        "latency": "50",
        "health": 89,
        "body": [
          {
            "x": 4,
            "y": 1
          },
          {
            "x": 5,
            "y": 1
          },
          {
            "x": 6,
            "y": 1
          }
        ],
        "head": {
          "x": 4,
          "y": 1
        },
        "length": 3,
        "shout": "I am moving up!"
      },
      {
        "id": "gs_KTqDpbgcSJrcxkkTV6PYx8MY",
        "name": "striker",
        "latency": "82",
        "health": 97,
        "body": [
          {
            "x": 6,
            "y": 3
          },
          {
            "x": 6,
            "y": 4
          },
          {
            "x": 6,
            "y": 5
          },
          {
            "x": 5,
            "y": 5
          },
          {
            "x": 4,
            "y": 5
          }
        ],
        "head": {
          "x": 6,
          "y": 3
        },
        "length": 5,
        "shout": ""
      }
    ],
    "food": [
      {
        "x": 2,
        "y": 4
      },
      {
        "x": 7,
        "y": 3
      },
      {
        "x": 0,
        "y": 8
      }
    ],
    "you": {
      "id": "gs_PSmBGgRg7XbfJrXywPkptq8D",
      "name": "Jormungand 0.1.0",
      "latency": "50",
      "health": 89,
      "body": [
        {
          "x": 4,
          "y": 1
        },
        {
          "x": 5,
          "y": 1
        },
        {
          "x": 6,
          "y": 1
        }
      ],
      "head": {
        "x": 4,
        "y": 1
      },
      "length": 3,
      "shout": "I am moving up!"
    },
    "snakeId": "gs_PSmBGgRg7XbfJrXywPkptq8D",
    "name": "Jormungand 0.1.0",
    "latency": "50",
    "health": 89,
    "body": [
      {
        "x": 4,
        "y": 1
      },
      {
        "x": 5,
        "y": 1
      },
      {
        "x": 6,
        "y": 1
      }
    ],
    "head": {
      "x": 4,
      "y": 1
    },
    "length": 3,
    "shout": "I am moving up!"
  },
  {
    "gameId": "6373d3fc-8370-4f61-8bed-339d6dd2b550",
    "ruleset": {
      "name": "standard",
      "version": "v1.0.17"
    },
    "timeout": 500,
    "turn": 12,
    "width": 11,
    "height": 11,
    "snakes": [
      {
        "id": "gs_PSmBGgRg7XbfJrXywPkptq8D",
        "name": "Jormungand 0.1.0",
        "latency": "50",
        "health": 88,
        "body": [
          {
            "x": 4,
            "y": 0
          },
          {
            "x": 4,
            "y": 1
          },
          {
            "x": 5,
            "y": 1
          }
        ],
        "head": {
          "x": 4,
          "y": 0
        },
        "length": 3,
        "shout": "I am moving up!"
      },
      {
        "id": "gs_KTqDpbgcSJrcxkkTV6PYx8MY",
        "name": "striker",
        "latency": "82",
        "health": 96,
        "body": [
          {
            "x": 5,
            "y": 3
          },
          {
            "x": 6,
            "y": 3
          },
          {
            "x": 6,
            "y": 4
          },
          {
            "x": 6,
            "y": 5
          },
          {
            "x": 5,
            "y": 5
          }
        ],
        "head": {
          "x": 5,
          "y": 3
        },
        "length": 5,
        "shout": ""
      }
    ],
    "food": [
      {
        "x": 2,
        "y": 4
      },
      {
        "x": 7,
        "y": 3
      },
      {
        "x": 0,
        "y": 8
      }
    ],
    "you": {
      "id": "gs_PSmBGgRg7XbfJrXywPkptq8D",
      "name": "Jormungand 0.1.0",
      "latency": "50",
      "health": 88,
      "body": [
        {
          "x": 4,
          "y": 0
        },
        {
          "x": 4,
          "y": 1
        },
        {
          "x": 5,
          "y": 1
        }
      ],
      "head": {
        "x": 4,
        "y": 0
      },
      "length": 3,
      "shout": "I am moving up!"
    },
    "snakeId": "gs_PSmBGgRg7XbfJrXywPkptq8D",
    "name": "Jormungand 0.1.0",
    "latency": "50",
    "health": 88,
    "body": [
      {
        "x": 4,
        "y": 0
      },
      {
        "x": 4,
        "y": 1
      },
      {
        "x": 5,
        "y": 1
      }
    ],
    "head": {
      "x": 4,
      "y": 0
    },
    "length": 3,
    "shout": "I am moving up!"
  },
  {
    "gameId": "6373d3fc-8370-4f61-8bed-339d6dd2b550",
    "ruleset": {
      "name": "standard",
      "version": "v1.0.17"
    },
    "timeout": 500,
    "turn": 13,
    "width": 11,
    "height": 11,
    "snakes": [
      {
        "id": "gs_PSmBGgRg7XbfJrXywPkptq8D",
        "name": "Jormungand 0.1.0",
        "latency": "50",
        "health": 87,
        "body": [
          {
            "x": 3,
            "y": 0
          },
          {
            "x": 4,
            "y": 0
          },
          {
            "x": 4,
            "y": 1
          }
        ],
        "head": {
          "x": 3,
          "y": 0
        },
        "length": 3,
        "shout": "I am moving up!"
      },
      {
        "id": "gs_KTqDpbgcSJrcxkkTV6PYx8MY",
        "name": "striker",
        "latency": "83",
        "health": 95,
        "body": [
          {
            "x": 5,
            "y": 2
          },
          {
            "x": 5,
            "y": 3
          },
          {
            "x": 6,
            "y": 3
          },
          {
            "x": 6,
            "y": 4
          },
          {
            "x": 6,
            "y": 5
          }
        ],
        "head": {
          "x": 5,
          "y": 2
        },
        "length": 5,
        "shout": ""
      }
    ],
    "food": [
      {
        "x": 2,
        "y": 4
      },
      {
        "x": 7,
        "y": 3
      },
      {
        "x": 0,
        "y": 8
      },
      {
        "x": 6,
        "y": 9
      }
    ],
    "you": {
      "id": "gs_PSmBGgRg7XbfJrXywPkptq8D",
      "name": "Jormungand 0.1.0",
      "latency": "50",
      "health": 87,
      "body": [
        {
          "x": 3,
          "y": 0
        },
        {
          "x": 4,
          "y": 0
        },
        {
          "x": 4,
          "y": 1
        }
      ],
      "head": {
        "x": 3,
        "y": 0
      },
      "length": 3,
      "shout": "I am moving up!"
    },
    "snakeId": "gs_PSmBGgRg7XbfJrXywPkptq8D",
    "name": "Jormungand 0.1.0",
    "latency": "50",
    "health": 87,
    "body": [
      {
        "x": 3,
        "y": 0
      },
      {
        "x": 4,
        "y": 0
      },
      {
        "x": 4,
        "y": 1
      }
    ],
    "head": {
      "x": 3,
      "y": 0
    },
    "length": 3,
    "shout": "I am moving up!"
  },
  {
    "gameId": "6373d3fc-8370-4f61-8bed-339d6dd2b550",
    "ruleset": {
      "name": "standard",
      "version": "v1.0.17"
    },
    "timeout": 500,
    "turn": 14,
    "width": 11,
    "height": 11,
    "snakes": [
      {
        "id": "gs_PSmBGgRg7XbfJrXywPkptq8D",
        "name": "Jormungand 0.1.0",
        "latency": "49",
        "health": 86,
        "body": [
          {
            "x": 3,
            "y": 1
          },
          {
            "x": 3,
            "y": 0
          },
          {
            "x": 4,
            "y": 0
          }
        ],
        "head": {
          "x": 3,
          "y": 1
        },
        "length": 3,
        "shout": "I am moving up!"
      },
      {
        "id": "gs_KTqDpbgcSJrcxkkTV6PYx8MY",
        "name": "striker",
        "latency": "83",
        "health": 94,
        "body": [
          {
            "x": 4,
            "y": 2
          },
          {
            "x": 5,
            "y": 2
          },
          {
            "x": 5,
            "y": 3
          },
          {
            "x": 6,
            "y": 3
          },
          {
            "x": 6,
            "y": 4
          }
        ],
        "head": {
          "x": 4,
          "y": 2
        },
        "length": 5,
        "shout": ""
      }
    ],
    "food": [
      {
        "x": 2,
        "y": 4
      },
      {
        "x": 7,
        "y": 3
      },
      {
        "x": 0,
        "y": 8
      },
      {
        "x": 6,
        "y": 9
      }
    ],
    "you": {
      "id": "gs_PSmBGgRg7XbfJrXywPkptq8D",
      "name": "Jormungand 0.1.0",
      "latency": "49",
      "health": 86,
      "body": [
        {
          "x": 3,
          "y": 1
        },
        {
          "x": 3,
          "y": 0
        },
        {
          "x": 4,
          "y": 0
        }
      ],
      "head": {
        "x": 3,
        "y": 1
      },
      "length": 3,
      "shout": "I am moving up!"
    },
    "snakeId": "gs_PSmBGgRg7XbfJrXywPkptq8D",
    "name": "Jormungand 0.1.0",
    "latency": "49",
    "health": 86,
    "body": [
      {
        "x": 3,
        "y": 1
      },
      {
        "x": 3,
        "y": 0
      },
      {
        "x": 4,
        "y": 0
      }
    ],
    "head": {
      "x": 3,
      "y": 1
    },
    "length": 3,
    "shout": "I am moving up!"
  },
  {
    "gameId": "6373d3fc-8370-4f61-8bed-339d6dd2b550",
    "ruleset": {
      "name": "standard",
      "version": "v1.0.17"
    },
    "timeout": 500,
    "turn": 15,
    "width": 11,
    "height": 11,
    "snakes": [
      {
        "id": "gs_PSmBGgRg7XbfJrXywPkptq8D",
        "name": "Jormungand 0.1.0",
        "latency": "49",
        "health": 85,
        "body": [
          {
            "x": 2,
            "y": 1
          },
          {
            "x": 3,
            "y": 1
          },
          {
            "x": 3,
            "y": 0
          }
        ],
        "head": {
          "x": 2,
          "y": 1
        },
        "length": 3,
        "shout": "I am moving up!"
      },
      {
        "id": "gs_KTqDpbgcSJrcxkkTV6PYx8MY",
        "name": "striker",
        "latency": "85",
        "health": 93,
        "body": [
          {
            "x": 3,
            "y": 2
          },
          {
            "x": 4,
            "y": 2
          },
          {
            "x": 5,
            "y": 2
          },
          {
            "x": 5,
            "y": 3
          },
          {
            "x": 6,
            "y": 3
          }
        ],
        "head": {
          "x": 3,
          "y": 2
        },
        "length": 5,
        "shout": ""
      }
    ],
    "food": [
      {
        "x": 2,
        "y": 4
      },
      {
        "x": 7,
        "y": 3
      },
      {
        "x": 0,
        "y": 8
      },
      {
        "x": 6,
        "y": 9
      }
    ],
    "you": {
      "id": "gs_PSmBGgRg7XbfJrXywPkptq8D",
      "name": "Jormungand 0.1.0",
      "latency": "49",
      "health": 85,
      "body": [
        {
          "x": 2,
          "y": 1
        },
        {
          "x": 3,
          "y": 1
        },
        {
          "x": 3,
          "y": 0
        }
      ],
      "head": {
        "x": 2,
        "y": 1
      },
      "length": 3,
      "shout": "I am moving up!"
    },
    "snakeId": "gs_PSmBGgRg7XbfJrXywPkptq8D",
    "name": "Jormungand 0.1.0",
    "latency": "49",
    "health": 85,
    "body": [
      {
        "x": 2,
        "y": 1
      },
      {
        "x": 3,
        "y": 1
      },
      {
        "x": 3,
        "y": 0
      }
    ],
    "head": {
      "x": 2,
      "y": 1
    },
    "length": 3,
    "shout": "I am moving up!"
  },
  {
    "gameId": "6373d3fc-8370-4f61-8bed-339d6dd2b550",
    "ruleset": {
      "name": "standard",
      "version": "v1.0.17"
    },
    "timeout": 500,
    "turn": 16,
    "width": 11,
    "height": 11,
    "snakes": [
      {
        "id": "gs_PSmBGgRg7XbfJrXywPkptq8D",
        "name": "Jormungand 0.1.0",
        "latency": "50",
        "health": 84,
        "body": [
          {
            "x": 1,
            "y": 1
          },
          {
            "x": 2,
            "y": 1
          },
          {
            "x": 3,
            "y": 1
          }
        ],
        "head": {
          "x": 1,
          "y": 1
        },
        "length": 3,
        "shout": "I am moving up!"
      },
      {
        "id": "gs_KTqDpbgcSJrcxkkTV6PYx8MY",
        "name": "striker",
        "latency": "86",
        "health": 92,
        "body": [
          {
            "x": 2,
            "y": 2
          },
          {
            "x": 3,
            "y": 2
          },
          {
            "x": 4,
            "y": 2
          },
          {
            "x": 5,
            "y": 2
          },
          {
            "x": 5,
            "y": 3
          }
        ],
        "head": {
          "x": 2,
          "y": 2
        },
        "length": 5,
        "shout": ""
      }
    ],
    "food": [
      {
        "x": 2,
        "y": 4
      },
      {
        "x": 7,
        "y": 3
      },
      {
        "x": 0,
        "y": 8
      },
      {
        "x": 6,
        "y": 9
      }
    ],
    "you": {
      "id": "gs_PSmBGgRg7XbfJrXywPkptq8D",
      "name": "Jormungand 0.1.0",
      "latency": "50",
      "health": 84,
      "body": [
        {
          "x": 1,
          "y": 1
        },
        {
          "x": 2,
          "y": 1
        },
        {
          "x": 3,
          "y": 1
        }
      ],
      "head": {
        "x": 1,
        "y": 1
      },
      "length": 3,
      "shout": "I am moving up!"
    },
    "snakeId": "gs_PSmBGgRg7XbfJrXywPkptq8D",
    "name": "Jormungand 0.1.0",
    "latency": "50",
    "health": 84,
    "body": [
      {
        "x": 1,
        "y": 1
      },
      {
        "x": 2,
        "y": 1
      },
      {
        "x": 3,
        "y": 1
      }
    ],
    "head": {
      "x": 1,
      "y": 1
    },
    "length": 3,
    "shout": "I am moving up!"
  },
  {
    "gameId": "6373d3fc-8370-4f61-8bed-339d6dd2b550",
    "ruleset": {
      "name": "standard",
      "version": "v1.0.17"
    },
    "timeout": 500,
    "turn": 17,
    "width": 11,
    "height": 11,
    "snakes": [
      {
        "id": "gs_PSmBGgRg7XbfJrXywPkptq8D",
        "name": "Jormungand 0.1.0",
        "latency": "50",
        "health": 83,
        "body": [
          {
            "x": 1,
            "y": 0
          },
          {
            "x": 1,
            "y": 1
          },
          {
            "x": 2,
            "y": 1
          }
        ],
        "head": {
          "x": 1,
          "y": 0
        },
        "length": 3,
        "shout": "I am moving up!"
      },
      {
        "id": "gs_KTqDpbgcSJrcxkkTV6PYx8MY",
        "name": "striker",
        "latency": "82",
        "health": 91,
        "body": [
          {
            "x": 1,
            "y": 2
          },
          {
            "x": 2,
            "y": 2
          },
          {
            "x": 3,
            "y": 2
          },
          {
            "x": 4,
            "y": 2
          },
          {
            "x": 5,
            "y": 2
          }
        ],
        "head": {
          "x": 1,
          "y": 2
        },
        "length": 5,
        "shout": ""
      }
    ],
    "food": [
      {
        "x": 2,
        "y": 4
      },
      {
        "x": 7,
        "y": 3
      },
      {
        "x": 0,
        "y": 8
      },
      {
        "x": 6,
        "y": 9
      }
    ],
    "you": {
      "id": "gs_PSmBGgRg7XbfJrXywPkptq8D",
      "name": "Jormungand 0.1.0",
      "latency": "50",
      "health": 83,
      "body": [
        {
          "x": 1,
          "y": 0
        },
        {
          "x": 1,
          "y": 1
        },
        {
          "x": 2,
          "y": 1
        }
      ],
      "head": {
        "x": 1,
        "y": 0
      },
      "length": 3,
      "shout": "I am moving up!"
    },
    "snakeId": "gs_PSmBGgRg7XbfJrXywPkptq8D",
    "name": "Jormungand 0.1.0",
    "latency": "50",
    "health": 83,
    "body": [
      {
        "x": 1,
        "y": 0
      },
      {
        "x": 1,
        "y": 1
      },
      {
        "x": 2,
        "y": 1
      }
    ],
    "head": {
      "x": 1,
      "y": 0
    },
    "length": 3,
    "shout": "I am moving up!"
  },
  {
    "gameId": "6373d3fc-8370-4f61-8bed-339d6dd2b550",
    "ruleset": {
      "name": "standard",
      "version": "v1.0.17"
    },
    "timeout": 500,
    "turn": 18,
    "width": 11,
    "height": 11,
    "snakes": [
      {
        "id": "gs_PSmBGgRg7XbfJrXywPkptq8D",
        "name": "Jormungand 0.1.0",
        "latency": "50",
        "health": 82,
        "body": [
          {
            "x": 2,
            "y": 0
          },
          {
            "x": 1,
            "y": 0
          },
          {
            "x": 1,
            "y": 1
          }
        ],
        "head": {
          "x": 2,
          "y": 0
        },
        "length": 3,
        "shout": "I am moving up!"
      },
      {
        "id": "gs_KTqDpbgcSJrcxkkTV6PYx8MY",
        "name": "striker",
        "latency": "86",
        "health": 90,
        "body": [
          {
            "x": 1,
            "y": 3
          },
          {
            "x": 1,
            "y": 2
          },
          {
            "x": 2,
            "y": 2
          },
          {
            "x": 3,
            "y": 2
          },
          {
            "x": 4,
            "y": 2
          }
        ],
        "head": {
          "x": 1,
          "y": 3
        },
        "length": 5,
        "shout": ""
      }
    ],
    "food": [
      {
        "x": 2,
        "y": 4
      },
      {
        "x": 7,
        "y": 3
      },
      {
        "x": 0,
        "y": 8
      },
      {
        "x": 6,
        "y": 9
      }
    ],
    "you": {
      "id": "gs_PSmBGgRg7XbfJrXywPkptq8D",
      "name": "Jormungand 0.1.0",
      "latency": "50",
      "health": 82,
      "body": [
        {
          "x": 2,
          "y": 0
        },
        {
          "x": 1,
          "y": 0
        },
        {
          "x": 1,
          "y": 1
        }
      ],
      "head": {
        "x": 2,
        "y": 0
      },
      "length": 3,
      "shout": "I am moving up!"
    },
    "snakeId": "gs_PSmBGgRg7XbfJrXywPkptq8D",
    "name": "Jormungand 0.1.0",
    "latency": "50",
    "health": 82,
    "body": [
      {
        "x": 2,
        "y": 0
      },
      {
        "x": 1,
        "y": 0
      },
      {
        "x": 1,
        "y": 1
      }
    ],
    "head": {
      "x": 2,
      "y": 0
    },
    "length": 3,
    "shout": "I am moving up!"
  },
  {
    "gameId": "6373d3fc-8370-4f61-8bed-339d6dd2b550",
    "ruleset": {
      "name": "standard",
      "version": "v1.0.17"
    },
    "timeout": 500,
    "turn": 19,
    "width": 11,
    "height": 11,
    "snakes": [
      {
        "id": "gs_PSmBGgRg7XbfJrXywPkptq8D",
        "name": "Jormungand 0.1.0",
        "latency": "49",
        "health": 81,
        "body": [
          {
            "x": 2,
            "y": 1
          },
          {
            "x": 2,
            "y": 0
          },
          {
            "x": 1,
            "y": 0
          }
        ],
        "head": {
          "x": 2,
          "y": 1
        },
        "length": 3,
        "shout": "I am moving up!"
      },
      {
        "id": "gs_KTqDpbgcSJrcxkkTV6PYx8MY",
        "name": "striker",
        "latency": "83",
        "health": 89,
        "body": [
          {
            "x": 0,
            "y": 3
          },
          {
            "x": 1,
            "y": 3
          },
          {
            "x": 1,
            "y": 2
          },
          {
            "x": 2,
            "y": 2
          },
          {
            "x": 3,
            "y": 2
          }
        ],
        "head": {
          "x": 0,
          "y": 3
        },
        "length": 5,
        "shout": ""
      }
    ],
    "food": [
      {
        "x": 2,
        "y": 4
      },
      {
        "x": 7,
        "y": 3
      },
      {
        "x": 0,
        "y": 8
      },
      {
        "x": 6,
        "y": 9
      }
    ],
    "you": {
      "id": "gs_PSmBGgRg7XbfJrXywPkptq8D",
      "name": "Jormungand 0.1.0",
      "latency": "49",
      "health": 81,
      "body": [
        {
          "x": 2,
          "y": 1
        },
        {
          "x": 2,
          "y": 0
        },
        {
          "x": 1,
          "y": 0
        }
      ],
      "head": {
        "x": 2,
        "y": 1
      },
      "length": 3,
      "shout": "I am moving up!"
    },
    "snakeId": "gs_PSmBGgRg7XbfJrXywPkptq8D",
    "name": "Jormungand 0.1.0",
    "latency": "49",
    "health": 81,
    "body": [
      {
        "x": 2,
        "y": 1
      },
      {
        "x": 2,
        "y": 0
      },
      {
        "x": 1,
        "y": 0
      }
    ],
    "head": {
      "x": 2,
      "y": 1
    },
    "length": 3,
    "shout": "I am moving up!"
  },
  {
    "gameId": "6373d3fc-8370-4f61-8bed-339d6dd2b550",
    "ruleset": {
      "name": "standard",
      "version": "v1.0.17"
    },
    "timeout": 500,
    "turn": 20,
    "width": 11,
    "height": 11,
    "snakes": [
      {
        "id": "gs_PSmBGgRg7XbfJrXywPkptq8D",
        "name": "Jormungand 0.1.0",
        "latency": "49",
        "health": 80,
        "body": [
          {
            "x": 1,
            "y": 1
          },
          {
            "x": 2,
            "y": 1
          },
          {
            "x": 2,
            "y": 0
          }
        ],
        "head": {
          "x": 1,
          "y": 1
        },
        "length": 3,
        "shout": "I am moving up!"
      },
      {
        "id": "gs_KTqDpbgcSJrcxkkTV6PYx8MY",
        "name": "striker",
        "latency": "82",
        "health": 88,
        "body": [
          {
            "x": 0,
            "y": 2
          },
          {
            "x": 0,
            "y": 3
          },
          {
            "x": 1,
            "y": 3
          },
          {
            "x": 1,
            "y": 2
          },
          {
            "x": 2,
            "y": 2
          }
        ],
        "head": {
          "x": 0,
          "y": 2
        },
        "length": 5,
        "shout": ""
      }
    ],
    "food": [
      {
        "x": 2,
        "y": 4
      },
      {
        "x": 7,
        "y": 3
      },
      {
        "x": 0,
        "y": 8
      },
      {
        "x": 6,
        "y": 9
      }
    ],
    "you": {
      "id": "gs_PSmBGgRg7XbfJrXywPkptq8D",
      "name": "Jormungand 0.1.0",
      "latency": "49",
      "health": 80,
      "body": [
        {
          "x": 1,
          "y": 1
        },
        {
          "x": 2,
          "y": 1
        },
        {
          "x": 2,
          "y": 0
        }
      ],
      "head": {
        "x": 1,
        "y": 1
      },
      "length": 3,
      "shout": "I am moving up!"
    },
    "snakeId": "gs_PSmBGgRg7XbfJrXywPkptq8D",
    "name": "Jormungand 0.1.0",
    "latency": "49",
    "health": 80,
    "body": [
      {
        "x": 1,
        "y": 1
      },
      {
        "x": 2,
        "y": 1
      },
      {
        "x": 2,
        "y": 0
      }
    ],
    "head": {
      "x": 1,
      "y": 1
    },
    "length": 3,
    "shout": "I am moving up!"
  },
  {
    "gameId": "6373d3fc-8370-4f61-8bed-339d6dd2b550",
    "ruleset": {
      "name": "standard",
      "version": "v1.0.17"
    },
    "timeout": 500,
    "turn": 21,
    "width": 11,
    "height": 11,
    "snakes": [
      {
        "id": "gs_PSmBGgRg7XbfJrXywPkptq8D",
        "name": "Jormungand 0.1.0",
        "latency": "49",
        "health": 79,
        "body": [
          {
            "x": 1,
            "y": 0
          },
          {
            "x": 1,
            "y": 1
          },
          {
            "x": 2,
            "y": 1
          }
        ],
        "head": {
          "x": 1,
          "y": 0
        },
        "length": 3,
        "shout": "I am moving up!"
      },
      {
        "id": "gs_KTqDpbgcSJrcxkkTV6PYx8MY",
        "name": "striker",
        "latency": "83",
        "health": 87,
        "body": [
          {
            "x": 0,
            "y": 1
          },
          {
            "x": 0,
            "y": 2
          },
          {
            "x": 0,
            "y": 3
          },
          {
            "x": 1,
            "y": 3
          },
          {
            "x": 1,
            "y": 2
          }
        ],
        "head": {
          "x": 0,
          "y": 1
        },
        "length": 5,
        "shout": ""
      }
    ],
    "food": [
      {
        "x": 2,
        "y": 4
      },
      {
        "x": 7,
        "y": 3
      },
      {
        "x": 0,
        "y": 8
      },
      {
        "x": 6,
        "y": 9
      },
      {
        "x": 5,
        "y": 3
      }
    ],
    "you": {
      "id": "gs_PSmBGgRg7XbfJrXywPkptq8D",
      "name": "Jormungand 0.1.0",
      "latency": "49",
      "health": 79,
      "body": [
        {
          "x": 1,
          "y": 0
        },
        {
          "x": 1,
          "y": 1
        },
        {
          "x": 2,
          "y": 1
        }
      ],
      "head": {
        "x": 1,
        "y": 0
      },
      "length": 3,
      "shout": "I am moving up!"
    },
    "snakeId": "gs_PSmBGgRg7XbfJrXywPkptq8D",
    "name": "Jormungand 0.1.0",
    "latency": "49",
    "health": 79,
    "body": [
      {
        "x": 1,
        "y": 0
      },
      {
        "x": 1,
        "y": 1
      },
      {
        "x": 2,
        "y": 1
      }
    ],
    "head": {
      "x": 1,
      "y": 0
    },
    "length": 3,
    "shout": "I am moving up!"
  },
  {
    "gameId": "6373d3fc-8370-4f61-8bed-339d6dd2b550",
    "ruleset": {
      "name": "standard",
      "version": "v1.0.17"
    },
    "timeout": 500,
    "turn": 22,
    "width": 11,
    "height": 11,
    "snakes": [
      {
        "id": "gs_PSmBGgRg7XbfJrXywPkptq8D",
        "name": "Jormungand 0.1.0",
        "latency": "49",
        "health": 78,
        "body": [
          {
            "x": 2,
            "y": 0
          },
          {
            "x": 1,
            "y": 0
          },
          {
            "x": 1,
            "y": 1
          }
        ],
        "head": {
          "x": 2,
          "y": 0
        },
        "length": 3,
        "shout": "I am moving up!"
      },
      {
        "id": "gs_KTqDpbgcSJrcxkkTV6PYx8MY",
        "name": "striker",
        "latency": "83",
        "health": 86,
        "body": [
          {
            "x": 0,
            "y": 0
          },
          {
            "x": 0,
            "y": 1
          },
          {
            "x": 0,
            "y": 2
          },
          {
            "x": 0,
            "y": 3
          },
          {
            "x": 1,
            "y": 3
          }
        ],
        "head": {
          "x": 0,
          "y": 0
        },
        "length": 5,
        "shout": ""
      }
    ],
    "food": [
      {
        "x": 2,
        "y": 4
      },
      {
        "x": 7,
        "y": 3
      },
      {
        "x": 0,
        "y": 8
      },
      {
        "x": 6,
        "y": 9
      },
      {
        "x": 5,
        "y": 3
      }
    ],
    "you": {
      "id": "gs_PSmBGgRg7XbfJrXywPkptq8D",
      "name": "Jormungand 0.1.0",
      "latency": "49",
      "health": 78,
      "body": [
        {
          "x": 2,
          "y": 0
        },
        {
          "x": 1,
          "y": 0
        },
        {
          "x": 1,
          "y": 1
        }
      ],
      "head": {
        "x": 2,
        "y": 0
      },
      "length": 3,
      "shout": "I am moving up!"
    },
    "snakeId": "gs_PSmBGgRg7XbfJrXywPkptq8D",
    "name": "Jormungand 0.1.0",
    "latency": "49",
    "health": 78,
    "body": [
      {
        "x": 2,
        "y": 0
      },
      {
        "x": 1,
        "y": 0
      },
      {
        "x": 1,
        "y": 1
      }
    ],
    "head": {
      "x": 2,
      "y": 0
    },
    "length": 3,
    "shout": "I am moving up!"
  }
]