[
  {
    "gameId": "71007007-93b5-47fe-884f-dcc7e1f61133",
    "ruleset": {
      "name": "royale",
      "version": "v1.0.17"
    },
    "timeout": 600,
    "turn": 0,
    "width": 11,
    "height": 11,
    "snakes": [
      {
        "id": "gs_htqXF9DPdbHYQdTFHtP4BmTX",
        "name": "jsnek",
        "latency": "",
        "health": 100,
        "body": [
          {
            "x": 1,
            "y": 1
          },
          {
            "x": 1,
            "y": 1
          },
          {
            "x": 1,
            "y": 1
          }
        ],
        "head": {
          "x": 1,
          "y": 1
        },
        "length": 3,
        "shout": ""
      },
      {
        "id": "gs_PjKQC4JbpWPyhmDgP8STTfV4",
        "name": "Jormungand 0.1.0",
        "latency": "",
        "health": 100,
        "body": [
          {
            "x": 5,
            "y": 9
          },
          {
            "x": 5,
            "y": 9
          },
          {
            "x": 5,
            "y": 9
          }
        ],
        "head": {
          "x": 5,
          "y": 9
        },
        "length": 3,
        "shout": ""
      },
      {
        "id": "gs_bHwv8SBfxctcbhpKQ3Fh8DpQ",
        "name": "leshchenko-1",
        "latency": "",
        "health": 100,
        "body": [
          {
            "x": 1,
            "y": 9
          },
          {
            "x": 1,
            "y": 9
          },
          {
            "x": 1,
            "y": 9
          }
        ],
        "head": {
          "x": 1,
          "y": 9
        },
        "length": 3,
        "shout": ""
      },
      {
        "id": "gs_3DbHcmdrHmQhKJ6HSpWdfbhT",
        "name": "EzSnek",
        "latency": "",
        "health": 100,
        "body": [
          {
            "x": 5,
            "y": 1
          },
          {
            "x": 5,
            "y": 1
          },
          {
            "x": 5,
            "y": 1
          }
        ],
        "head": {
          "x": 5,
          "y": 1
        },
        "length": 3,
        "shout": ""
      }
    ],
    "food": [
      {
        "x": 0,
        "y": 2
      },
      {
        "x": 6,
        "y": 8
      },
      {
        "x": 2,
        "y": 8
      },
      {
        "x": 4,
        "y": 2
      },
      {
        "x": 5,
        "y": 5
      }
    ],
    "you": {
      "id": "gs_PjKQC4JbpWPyhmDgP8STTfV4",
      "name": "Jormungand 0.1.0",
      "latency": "",
      "health": 100,
      "body": [
        {
          "x": 5,
          "y": 9
        },
        {
          "x": 5,
          "y": 9
        },
        {
          "x": 5,
          "y": 9
        }
      ],
      "head": {
        "x": 5,
        "y": 9
      },
      "length": 3,
      "shout": ""
    },
    "snakeId": "gs_PjKQC4JbpWPyhmDgP8STTfV4",
    "name": "Jormungand 0.1.0",
    "latency": "",
    "health": 100,
    "body": [
      {
        "x": 5,
        "y": 9
      },
      {
        "x": 5,
        "y": 9
      },
      {
        "x": 5,
        "y": 9
      }
    ],
    "head": {
      "x": 5,
      "y": 9
    },
    "length": 3,
    "shout": ""
  },
  {
    "gameId": "71007007-93b5-47fe-884f-dcc7e1f61133",
    "ruleset": {
      "name": "royale",
      "version": "v1.0.17"
    },
    "timeout": 600,
    "turn": 0,
    "width": 11,
    "height": 11,
    "snakes": [
      {
        "id": "gs_htqXF9DPdbHYQdTFHtP4BmTX",
        "name": "jsnek",
        "latency": "",
        "health": 100,
        "body": [
          {
            "x": 1,
            "y": 1
          },
          {
            "x": 1,
            "y": 1
          },
          {
            "x": 1,
            "y": 1
          }
        ],
        "head": {
          "x": 1,
          "y": 1
        },
        "length": 3,
        "shout": ""
      },
      {
        "id": "gs_PjKQC4JbpWPyhmDgP8STTfV4",
        "name": "Jormungand 0.1.0",
        "latency": "",
        "health": 100,
        "body": [
          {
            "x": 5,
            "y": 9
          },
          {
            "x": 5,
            "y": 9
          },
          {
            "x": 5,
            "y": 9
          }
        ],
        "head": {
          "x": 5,
          "y": 9
        },
        "length": 3,
        "shout": ""
      },
      {
        "id": "gs_bHwv8SBfxctcbhpKQ3Fh8DpQ",
        "name": "leshchenko-1",
        "latency": "",
        "health": 100,
        "body": [
          {
            "x": 1,
            "y": 9
          },
          {
            "x": 1,
            "y": 9
          },
          {
            "x": 1,
            "y": 9
          }
        ],
        "head": {
          "x": 1,
          "y": 9
        },
        "length": 3,
        "shout": ""
      },
      {
        "id": "gs_3DbHcmdrHmQhKJ6HSpWdfbhT",
        "name": "EzSnek",
        "latency": "",
        "health": 100,
        "body": [
          {
            "x": 5,
            "y": 1
          },
          {
            "x": 5,
            "y": 1
          },
          {
            "x": 5,
            "y": 1
          }
        ],
        "head": {
          "x": 5,
          "y": 1
        },
        "length": 3,
        "shout": ""
      }
    ],
    "food": [
      {
        "x": 0,
        "y": 2
      },
      {
        "x": 6,
        "y": 8
      },
      {
        "x": 2,
        "y": 8
      },
      {
        "x": 4,
        "y": 2
      },
      {
        "x": 5,
        "y": 5
      }
    ],
    "you": {
      "id": "gs_PjKQC4JbpWPyhmDgP8STTfV4",
      "name": "Jormungand 0.1.0",
      "latency": "",
      "health": 100,
      "body": [
        {
          "x": 5,
          "y": 9
        },
        {
          "x": 5,
          "y": 9
        },
        {
          "x": 5,
          "y": 9
        }
      ],
      "head": {
        "x": 5,
        "y": 9
      },
      "length": 3,
      "shout": ""
    },
    "snakeId": "gs_PjKQC4JbpWPyhmDgP8STTfV4",
    "name": "Jormungand 0.1.0",
    "latency": "",
    "health": 100,
    "body": [
      {
        "x": 5,
        "y": 9
      },
      {
        "x": 5,
        "y": 9
      },
      {
        "x": 5,
        "y": 9
      }
    ],
    "head": {
      "x": 5,
      "y": 9
    },
    "length": 3,
    "shout": ""
  },
  {
    "gameId": "71007007-93b5-47fe-884f-dcc7e1f61133",
    "ruleset": {
      "name": "royale",
      "version": "v1.0.17"
    },
    "timeout": 600,
    "turn": 1,
    "width": 11,
    "height": 11,
    "snakes": [
      {
        "id": "gs_htqXF9DPdbHYQdTFHtP4BmTX",
        "name": "jsnek",
        "latency": "194",
        "health": 99,
        "body": [
          {
            "x": 1,
            "y": 2
          },
          {
            "x": 1,
            "y": 1
          },
          {
            "x": 1,
            "y": 1
          }
        ],
        "head": {
          "x": 1,
          "y": 2
        },
        "length": 3,
        "shout": ""
      },
      {
        "id": "gs_PjKQC4JbpWPyhmDgP8STTfV4",
        "name": "Jormungand 0.1.0",
        "latency": "49",
        "health": 99,
        "body": [
          {
            "x": 5,
            "y": 8
          },
          {
            "x": 5,
            "y": 9
          },
          {
            "x": 5,
            "y": 9
          }
        ],
        "head": {
          "x": 5,
          "y": 8
        },
        "length": 3,
        "shout": "I am moving up!"
      },
      {
        "id": "gs_bHwv8SBfxctcbhpKQ3Fh8DpQ",
        "name": "leshchenko-1",
        "latency": "0",
        "health": 99,
        "body": [
          {
            "x": 1,
            "y": 10
          },
          {
            "x": 1,
            "y": 9
          },
          {
            "x": 1,
            "y": 9
          }
        ],
        "head": {
          "x": 1,
          "y": 10
        },
        "length": 3,
        "shout": ""
      },
      {
        "id": "gs_3DbHcmdrHmQhKJ6HSpWdfbhT",
        "name": "EzSnek",
        "latency": "7",
        "health": 99,
        "body": [
          {
            "x": 4,
            "y": 1
          },
          {
            "x": 5,
            "y": 1
          },
          {
            "x": 5,
            "y": 1
          }
        ],
        "head": {
          "x": 4,
          "y": 1
        },
        "length": 3,
        "shout": ""
      }
    ],
    "food": [
      {
        "x": 0,
        "y": 2
      },
      {
        "x": 6,
        "y": 8
      },
      {
        "x": 2,
        "y": 8
      },
      {
        "x": 4,
        "y": 2
      },
      {
        "x": 5,
        "y": 5
      }
    ],
    "you": {
      "id": "gs_PjKQC4JbpWPyhmDgP8STTfV4",
      "name": "Jormungand 0.1.0",
      "latency": "49",
      "health": 99,
      "body": [
        {
          "x": 5,
          "y": 8
        },
        {
          "x": 5,
          "y": 9
        },
        {
          "x": 5,
          "y": 9
        }
      ],
      "head": {
        "x": 5,
        "y": 8
      },
      "length": 3,
      "shout": "I am moving up!"
    },
    "snakeId": "gs_PjKQC4JbpWPyhmDgP8STTfV4",
    "name": "Jormungand 0.1.0",
    "latency": "49",
    "health": 99,
    "body": [
      {
        "x": 5,
        "y": 8
      },
      {
        "x": 5,
        "y": 9
      },
      {
        "x": 5,
        "y": 9
      }
    ],
    "head": {
      "x": 5,
      "y": 8
    },
    "length": 3,
    "shout": "I am moving up!"
  },
  {
    "gameId": "71007007-93b5-47fe-884f-dcc7e1f61133",
    "ruleset": {
      "name": "royale",
      "version": "v1.0.17"
    },
    "timeout": 600,
    "turn": 2,
    "width": 11,
    "height": 11,
    "snakes": [
      {
        "id": "gs_htqXF9DPdbHYQdTFHtP4BmTX",
        "name": "jsnek",
        "latency": "49",
        "health": 98,
        "body": [
          {
            "x": 1,
            "y": 3
          },
          {
            "x": 1,
            "y": 2
          },
          {
            "x": 1,
            "y": 1
          }
        ],
        "head": {
          "x": 1,
          "y": 3
        },
        "length": 3,
        "shout": ""
      },
      {
        "id": "gs_PjKQC4JbpWPyhmDgP8STTfV4",
        "name": "Jormungand 0.1.0",
        "latency": "49",
        "health": 98,
        "body": [
          {
            "x": 4,
            "y": 8
          },
          {
            "x": 5,
            "y": 8
          },
          {
            "x": 5,
            "y": 9
          }
        ],
        "head": {
          "x": 4,
          "y": 8
        },
        "length": 3,
        "shout": "I am moving up!"
      },
      {
        "id": "gs_3DbHcmdrHmQhKJ6HSpWdfbhT",
        "name": "EzSnek",
        "latency": "7",
        "health": 100,
        "body": [
          {
            "x": 4,
            "y": 2
          },
          {
            "x": 4,
            "y": 1
          },
          {
            "x": 5,
            "y": 1
          },
          {
            "x": 5,
            "y": 1
          }
        ],
        "head": {
          "x": 4,
          "y": 2
        },
        "length": 4,
        "shout": ""
      }
    ],
    "food": [
      {
        "x": 0,
        "y": 2
      },
      {
        "x": 6,
        "y": 8
      },
      {
        "x": 2,
        "y": 8
      },
      {
        "x": 5,
        "y": 5
      }
    ],
    "you": {
      "id": "gs_PjKQC4JbpWPyhmDgP8STTfV4",
      "name": "Jormungand 0.1.0",
      "latency": "49",
      "health": 98,
      "body": [
        {
          "x": 4,
          "y": 8
        },
        {
          "x": 5,
          "y": 8
        },
        {
          "x": 5,
          "y": 9
        }
      ],
      "head": {
        "x": 4,
        "y": 8
      },
      "length": 3,
      "shout": "I am moving up!"
    },
    "snakeId": "gs_PjKQC4JbpWPyhmDgP8STTfV4",
    "name": "Jormungand 0.1.0",
    "latency": "49",
    "health": 98,
    "body": [
      {
        "x": 4,
        "y": 8
      },
      {
        "x": 5,
        "y": 8
      },
      {
        "x": 5,
        "y": 9
      }
    ],
    "head": {
      "x": 4,
      "y": 8
    },
    "length": 3,
    "shout": "I am moving up!"
  },
  {
    "gameId": "71007007-93b5-47fe-884f-dcc7e1f61133",
    "ruleset": {
      "name": "royale",
      "version": "v1.0.17"
    },
    "timeout": 600,
    "turn": 3,
    "width": 11,
    "height": 11,
    "snakes": [
      {
        "id": "gs_htqXF9DPdbHYQdTFHtP4BmTX",
        "name": "jsnek",
        "latency": "85",
        "health": 97,
        "body": [
          {
            "x": 1,
            "y": 4
          },
          {
            "x": 1,
            "y": 3
          },
          {
            "x": 1,
            "y": 2
          }
        ],
        "head": {
          "x": 1,
          "y": 4
        },
        "length": 3,
        "shout": ""
      },
      {
        "id": "gs_PjKQC4JbpWPyhmDgP8STTfV4",
        "name": "Jormungand 0.1.0",
        "latency": "50",
        "health": 97,
        "body": [
          {
            "x": 4,
            "y": 7
          },
          {
            "x": 4,
            "y": 8
          },
          {
            "x": 5,
            "y": 8
          }
        ],
        "head": {
          "x": 4,
          "y": 7
        },
        "length": 3,
        "shout": "I am moving up!"
      },
      {
        "id": "gs_3DbHcmdrHmQhKJ6HSpWdfbhT",
        "name": "EzSnek",
        "latency": "7",
        "health": 99,
        "body": [
          {
            "x": 4,
            "y": 3
          },
          {
            "x": 4,
            "y": 2
          },
          {
            "x": 4,
            "y": 1
          },
          {
            "x": 5,
            "y": 1
          }
        ],
        "head": {
          "x": 4,
          "y": 3
        },
        "length": 4,
        "shout": ""
      }
    ],
    "food": [
      {
        "x": 0,
        "y": 2
      },
      {
        "x": 6,
        "y": 8
      },
      {
        "x": 2,
        "y": 8
      },
      {
        "x": 5,
        "y": 5
      }
    ],
    "you": {
      "id": "gs_PjKQC4JbpWPyhmDgP8STTfV4",
      "name": "Jormungand 0.1.0",
      "latency": "50",
      "health": 97,
      "body": [
        {
          "x": 4,
          "y": 7
        },
        {
          "x": 4,
          "y": 8
        },
        {
          "x": 5,
          "y": 8
        }
      ],
      "head": {
        "x": 4,
        "y": 7
      },
      "length": 3,
      "shout": "I am moving up!"
    },
    "snakeId": "gs_PjKQC4JbpWPyhmDgP8STTfV4",
    "name": "Jormungand 0.1.0",
    "latency": "50",
    "health": 97,
    "body": [
      {
        "x": 4,
        "y": 7
      },
      {
        "x": 4,
        "y": 8
      },
      {
        "x": 5,
        "y": 8
      }
    ],
    "head": {
      "x": 4,
      "y": 7
    },
    "length": 3,
    "shout": "I am moving up!"
  },
  {
    "gameId": "71007007-93b5-47fe-884f-dcc7e1f61133",
    "ruleset": {
      "name": "royale",
      "version": "v1.0.17"
    },
    "timeout": 600,
    "turn": 4,
    "width": 11,
    "height": 11,
    "snakes": [
      {
        "id": "gs_htqXF9DPdbHYQdTFHtP4BmTX",
        "name": "jsnek",
        "latency": "38",
        "health": 96,
        "body": [
          {
            "x": 1,
            "y": 5
          },
          {
            "x": 1,
            "y": 4
          },
          {
            "x": 1,
            "y": 3
          }
        ],
        "head": {
          "x": 1,
          "y": 5
        },
        "length": 3,
        "shout": ""
      },
      {
        "id": "gs_PjKQC4JbpWPyhmDgP8STTfV4",
        "name": "Jormungand 0.1.0",
        "latency": "50",
        "health": 96,
        "body": [
          {
            "x": 4,
            "y": 6
          },
          {
            "x": 4,
            "y": 7
          },
          {
            "x": 4,
            "y": 8
          }
        ],
        "head": {
          "x": 4,
          "y": 6
        },
        "length": 3,
        "shout": "I am moving up!"
      },
      {
        "id": "gs_3DbHcmdrHmQhKJ6HSpWdfbhT",
        "name": "EzSnek",
        "latency": "7",
        "health": 98,
        "body": [
          {
            "x": 4,
            "y": 4
          },
          {
            "x": 4,
            "y": 3
          },
          {
            "x": 4,
            "y": 2
          },
          {
            "x": 4,
            "y": 1
          }
        ],
        "head": {
          "x": 4,
          "y": 4
        },
        "length": 4,
        "shout": ""
      }
    ],
    "food": [
      {
        "x": 0,
        "y": 2
      },
      {
        "x": 6,
        "y": 8
      },
      {
        "x": 2,
        "y": 8
      },
      {
        "x": 5,
        "y": 5
      }
    ],
    "you": {
      "id": "gs_PjKQC4JbpWPyhmDgP8STTfV4",
      "name": "Jormungand 0.1.0",
      "latency": "50",
      "health": 96,
      "body": [
        {
          "x": 4,
          "y": 6
        },
        {
          "x": 4,
          "y": 7
        },
        {
          "x": 4,
          "y": 8
        }
      ],
      "head": {
        "x": 4,
        "y": 6
      },
      "length": 3,
      "shout": "I am moving up!"
    },
    "snakeId": "gs_PjKQC4JbpWPyhmDgP8STTfV4",
    "name": "Jormungand 0.1.0",
    "latency": "50",
    "health": 96,
    "body": [
      {
        "x": 4,
        "y": 6
      },
      {
        "x": 4,
        "y": 7
      },
      {
        "x": 4,
        "y": 8
      }
    ],
    "head": {
      "x": 4,
      "y": 6
    },
    "length": 3,
    "shout": "I am moving up!"
  },
  {
    "gameId": "71007007-93b5-47fe-884f-dcc7e1f61133",
    "ruleset": {
      "name": "royale",
      "version": "v1.0.17"
    },
    "timeout": 600,
    "turn": 5,
    "width": 11,
    "height": 11,
    "snakes": [
      {
        "id": "gs_htqXF9DPdbHYQdTFHtP4BmTX",
        "name": "jsnek",
        "latency": "34",
        "health": 95,
        "body": [
          {
            "x": 1,
            "y": 6
          },
          {
            "x": 1,
            "y": 5
          },
          {
            "x": 1,
            "y": 4
          }
        ],
        "head": {
          "x": 1,
          "y": 6
        },
        "length": 3,
        "shout": ""
      },
      {
        "id": "gs_PjKQC4JbpWPyhmDgP8STTfV4",
        "name": "Jormungand 0.1.0",
        "latency": "50",
        "health": 95,
        "body": [
          {
            "x": 5,
            "y": 6
          },
          {
            "x": 4,
            "y": 6
          },
          {
            "x": 4,
            "y": 7
          }
        ],
        "head": {
          "x": 5,
          "y": 6
        },
        "length": 3,
        "shout": "I am moving up!"
      },
      {
        "id": "gs_3DbHcmdrHmQhKJ6HSpWdfbhT",
        "name": "EzSnek",
        "latency": "7",
        "health": 97,
        "body": [
          {
            "x": 4,
            "y": 5
          },
          {
            "x": 4,
            "y": 4
          },
          {
            "x": 4,
            "y": 3
          },
          {
            "x": 4,
            "y": 2
          }
        ],
        "head": {
          "x": 4,
          "y": 5
        },
        "length": 4,
        "shout": ""
      }
    ],
    "food": [
      {
        "x": 0,
        "y": 2
      },
      {
        "x": 6,
        "y": 8
      },
      {
        "x": 2,
        "y": 8
      },
      {
        "x": 5,
        "y": 5
      }
    ],
    "you": {
      "id": "gs_PjKQC4JbpWPyhmDgP8STTfV4",
      "name": "Jormungand 0.1.0",
      "latency": "50",
      "health": 95,
      "body": [
        {
          "x": 5,
          "y": 6
        },
        {
          "x": 4,
          "y": 6
        },
        {
          "x": 4,
          "y": 7
        }
      ],
      "head": {
        "x": 5,
        "y": 6
      },
      "length": 3,
      "shout": "I am moving up!"
    },
    "snakeId": "gs_PjKQC4JbpWPyhmDgP8STTfV4",
    "name": "Jormungand 0.1.0",
    "latency": "50",
    "health": 95,
    "body": [
      {
        "x": 5,
        "y": 6
      },
      {
        "x": 4,
        "y": 6
      },
      {
        "x": 4,
        "y": 7
      }
    ],
    "head": {
      "x": 5,
      "y": 6
    },
    "length": 3,
    "shout": "I am moving up!"
  },
  {
    "gameId": "71007007-93b5-47fe-884f-dcc7e1f61133",
    "ruleset": {
      "name": "royale",
      "version": "v1.0.17"
    },
    "timeout": 600,
    "turn": 6,
    "width": 11,
    "height": 11,
    "snakes": [
      {
        "id": "gs_htqXF9DPdbHYQdTFHtP4BmTX",
        "name": "jsnek",
        "latency": "48",
        "health": 94,
        "body": [
          {
            "x": 1,
            "y": 7
          },
          {
            "x": 1,
            "y": 6
          },
          {
            "x": 1,
            "y": 5
          }
        ],
        "head": {
          "x": 1,
          "y": 7
        },
        "length": 3,
        "shout": ""
      },
      {
        "id": "gs_PjKQC4JbpWPyhmDgP8STTfV4",
        "name": "Jormungand 0.1.0",
        "latency": "50",
        "health": 94,
        "body": [
          {
            "x": 6,
            "y": 6
          },
          {
            "x": 5,
            "y": 6
          },
          {
            "x": 4,
            "y": 6
          }
        ],
        "head": {
          "x": 6,
          "y": 6
        },
        "length": 3,
        "shout": "I am moving up!"
      },
      {
        "id": "gs_3DbHcmdrHmQhKJ6HSpWdfbhT",
        "name": "EzSnek",
        "latency": "7",
        "health": 100,
        "body": [
          {
            "x": 5,
            "y": 5
          },
          {
            "x": 4,
            "y": 5
          },
          {
            "x": 4,
            "y": 4
          },
          {
            "x": 4,
            "y": 3
          },
          {
            "x": 4,
            "y": 3
          }
        ],
        "head": {
          "x": 5,
          "y": 5
        },
        "length": 5,
        "shout": ""
      }
    ],
    "food": [
      {
        "x": 0,
        "y": 2
      },
      {
        "x": 6,
        "y": 8
      },
      {
        "x": 2,
        "y": 8
      }
    ],
    "you": {
      "id": "gs_PjKQC4JbpWPyhmDgP8STTfV4",
      "name": "Jormungand 0.1.0",
      "latency": "50",
      "health": 94,
      "body": [
        {
          "x": 6,
          "y": 6
        },
        {
          "x": 5,
          "y": 6
        },
        {
          "x": 4,
          "y": 6
        }
      ],
      "head": {
        "x": 6,
        "y": 6
      },
      "length": 3,
      "shout": "I am moving up!"
    },
    "snakeId": "gs_PjKQC4JbpWPyhmDgP8STTfV4",
    "name": "Jormungand 0.1.0",
    "latency": "50",
    "health": 94,
    "body": [
      {
        "x": 6,
        "y": 6
      },
      {
        "x": 5,
        "y": 6
      },
      {
        "x": 4,
        "y": 6
      }
    ],
    "head": {
      "x": 6,
      "y": 6
    },
    "length": 3,
    "shout": "I am moving up!"
  },
  {
    "gameId": "71007007-93b5-47fe-884f-dcc7e1f61133",
    "ruleset": {
      "name": "royale",
      "version": "v1.0.17"
    },
    "timeout": 600,
    "turn": 7,
    "width": 11,
    "height": 11,
    "snakes": [
      {
        "id": "gs_htqXF9DPdbHYQdTFHtP4BmTX",
        "name": "jsnek",
        "latency": "32",
        "health": 93,
        "body": [
          {
            "x": 1,
            "y": 8
          },
          {
            "x": 1,
            "y": 7
          },
          {
            "x": 1,
            "y": 6
          }
        ],
        "head": {
          "x": 1,
          "y": 8
        },
        "length": 3,
        "shout": ""
      },
      {
        "id": "gs_PjKQC4JbpWPyhmDgP8STTfV4",
        "name": "Jormungand 0.1.0",
        "latency": "49",
        "health": 93,
        "body": [
          {
            "x": 7,
            "y": 6
          },
          {
            "x": 6,
            "y": 6
          },
          {
            "x": 5,
            "y": 6
          }
        ],
        "head": {
          "x": 7,
          "y": 6
        },
        "length": 3,
        "shout": "I am moving up!"
      },
      {
        "id": "gs_3DbHcmdrHmQhKJ6HSpWdfbhT",
        "name": "EzSnek",
        "latency": "7",
        "health": 99,
        "body": [
          {
            "x": 5,
            "y": 4
          },
          {
            "x": 5,
            "y": 5
          },
          {
            "x": 4,
            "y": 5
          },
          {
            "x": 4,
            "y": 4
          },
          {
            "x": 4,
            "y": 3
          }
        ],
        "head": {
          "x": 5,
          "y": 4
        },
        "length": 5,
        "shout": ""
      }
    ],
    "food": [
      {
        "x": 0,
        "y": 2
      },
      {
        "x": 6,
        "y": 8
      },
      {
        "x": 2,
        "y": 8
      }
    ],
    "you": {
      "id": "gs_PjKQC4JbpWPyhmDgP8STTfV4",
      "name": "Jormungand 0.1.0",
      "latency": "49",
      "health": 93,
      "body": [
        {
          "x": 7,
          "y": 6
        },
        {
          "x": 6,
          "y": 6
        },
        {
          "x": 5,
          "y": 6
        }
      ],
      "head": {
        "x": 7,
        "y": 6
      },
      "length": 3,
      "shout": "I am moving up!"
    },
    "snakeId": "gs_PjKQC4JbpWPyhmDgP8STTfV4",
    "name": "Jormungand 0.1.0",
    "latency": "49",
    "health": 93,
    "body": [
      {
        "x": 7,
        "y": 6
      },
      {
        "x": 6,
        "y": 6
      },
      {
        "x": 5,
        "y": 6
      }
    ],
    "head": {
      "x": 7,
      "y": 6
    },
    "length": 3,
    "shout": "I am moving up!"
  },
  {
    "gameId": "71007007-93b5-47fe-884f-dcc7e1f61133",
    "ruleset": {
      "name": "royale",
      "version": "v1.0.17"
    },
    "timeout": 600,
    "turn": 8,
    "width": 11,
    "height": 11,
    "snakes": [
      {
        "id": "gs_htqXF9DPdbHYQdTFHtP4BmTX",
        "name": "jsnek",
        "latency": "49",
        "health": 92,
        "body": [
          {
            "x": 1,
            "y": 9
          },
          {
            "x": 1,
            "y": 8
          },
          {
            "x": 1,
            "y": 7
          }
        ],
        "head": {
          "x": 1,
          "y": 9
        },
        "length": 3,
        "shout": ""
      },
      {
        "id": "gs_PjKQC4JbpWPyhmDgP8STTfV4",
        "name": "Jormungand 0.1.0",
        "latency": "53",
        "health": 92,
        "body": [
          {
            "x": 7,
            "y": 5
          },
          {
            "x": 7,
            "y": 6
          },
          {
            "x": 6,
            "y": 6
          }
        ],
        "head": {
          "x": 7,
          "y": 5
        },
        "length": 3,
        "shout": "I am moving up!"
      },
      {
        "id": "gs_3DbHcmdrHmQhKJ6HSpWdfbhT",
        "name": "EzSnek",
        "latency": "7",
        "health": 98,
        "body": [
          {
            "x": 6,
            "y": 4
          },
          {
            "x": 5,
            "y": 4
          },
          {
            "x": 5,
            "y": 5
          },
          {
            "x": 4,
            "y": 5
          },
          {
            "x": 4,
            "y": 4
          }
        ],
        "head": {
          "x": 6,
          "y": 4
        },
        "length": 5,
        "shout": ""
      }
    ],
    "food": [
      {
        "x": 0,
        "y": 2
      },
      {
        "x": 6,
        "y": 8
      },
      {
        "x": 2,
        "y": 8
      }
    ],
    "you": {
      "id": "gs_PjKQC4JbpWPyhmDgP8STTfV4",
      "name": "Jormungand 0.1.0",
      "latency": "53",
      "health": 92,
      "body": [
        {
          "x": 7,
          "y": 5
        },
        {
          "x": 7,
          "y": 6
        },
        {
          "x": 6,
          "y": 6
        }
      ],
      "head": {
        "x": 7,
        "y": 5
      },
      "length": 3,
      "shout": "I am moving up!"
    },
    "snakeId": "gs_PjKQC4JbpWPyhmDgP8STTfV4",
    "name": "Jormungand 0.1.0",
    "latency": "53",
    "health": 92,
    "body": [
      {
        "x": 7,
        "y": 5
      },
      {
        "x": 7,
        "y": 6
      },
      {
        "x": 6,
        "y": 6
      }
    ],
    "head": {
      "x": 7,
      "y": 5
    },
    "length": 3,
    "shout": "I am moving up!"
  },
  {
    "gameId": "71007007-93b5-47fe-884f-dcc7e1f61133",
    "ruleset": {
      "name": "royale",
      "version": "v1.0.17"
    },
    "timeout": 600,
    "turn": 9,
    "width": 11,
    "height": 11,
    "snakes": [
      {
        "id": "gs_htqXF9DPdbHYQdTFHtP4BmTX",
        "name": "jsnek",
        "latency": "34",
        "health": 91,
        "body": [
          {
            "x": 1,
            "y": 10
          },
          {
            "x": 1,
            "y": 9
          },
          {
            "x": 1,
            "y": 8
          }
        ],
        "head": {
          "x": 1,
          "y": 10
        },
        "length": 3,
        "shout": ""
      },
      {
        "id": "gs_PjKQC4JbpWPyhmDgP8STTfV4",
        "name": "Jormungand 0.1.0",
        "latency": "49",
        "health": 91,
        "body": [
          {
            "x": 8,
            "y": 5
          },
          {
            "x": 7,
            "y": 5
          },
          {
            "x": 7,
            "y": 6
          }
        ],
        "head": {
          "x": 8,
          "y": 5
        },
        "length": 3,
        "shout": "I am moving up!"
      },
      {
        "id": "gs_3DbHcmdrHmQhKJ6HSpWdfbhT",
        "name": "EzSnek",
        "latency": "7",
        "health": 97,
        "body": [
          {
            "x": 6,
            "y": 5
          },
          {
            "x": 6,
            "y": 4
          },
          {
            "x": 5,
            "y": 4
          },
          {
            "x": 5,
            "y": 5
          },
          {
            "x": 4,
            "y": 5
          }
        ],
        "head": {
          "x": 6,
          "y": 5
        },
        "length": 5,
        "shout": ""
      }
    ],
    "food": [
      {
        "x": 0,
        "y": 2
      },
      {
        "x": 6,
        "y": 8
      },
      {
        "x": 2,
        "y": 8
      },
      {
        "x": 4,
        "y": 7
      }
    ],
    "you": {
      "id": "gs_PjKQC4JbpWPyhmDgP8STTfV4",
      "name": "Jormungand 0.1.0",
      "latency": "49",
      "health": 91,
      "body": [
        {
          "x": 8,
          "y": 5
        },
        {
          "x": 7,
          "y": 5
        },
        {
          "x": 7,
          "y": 6
        }
      ],
      "head": {
        "x": 8,
        "y": 5
      },
      "length": 3,
      "shout": "I am moving up!"
    },
    "snakeId": "gs_PjKQC4JbpWPyhmDgP8STTfV4",
    "name": "Jormungand 0.1.0",
    "latency": "49",
    "health": 91,
    "body": [
      {
        "x": 8,
        "y": 5
      },
      {
        "x": 7,
        "y": 5
      },
      {
        "x": 7,
        "y": 6
      }
    ],
    "head": {
      "x": 8,
      "y": 5
    },
    "length": 3,
    "shout": "I am moving up!"
  },
  {
    "gameId": "71007007-93b5-47fe-884f-dcc7e1f61133",
    "ruleset": {
      "name": "royale",
      "version": "v1.0.17"
    },
    "timeout": 600,
    "turn": 10,
    "width": 11,
    "height": 11,
    "snakes": [
      {
        "id": "gs_PjKQC4JbpWPyhmDgP8STTfV4",
        "name": "Jormungand 0.1.0",
        "latency": "49",
        "health": 90,
        "body": [
          {
            "x": 9,
            "y": 5
          },
          {
            "x": 8,
            "y": 5
          },
          {
            "x": 7,
            "y": 5
          }
        ],
        "head": {
          "x": 9,
          "y": 5
        },
        "length": 3,
        "shout": "I am moving up!"
      },
      {
        "id": "gs_3DbHcmdrHmQhKJ6HSpWdfbhT",
        "name": "EzSnek",
        "latency": "7",
        "health": 96,
        "body": [
          {
            "x": 6,
            "y": 6
          },
          {
            "x": 6,
            "y": 5
          },
          {
            "x": 6,
            "y": 4
          },
          {
            "x": 5,
            "y": 4
          },
          {
            "x": 5,
            "y": 5
          }
        ],
        "head": {
          "x": 6,
          "y": 6
        },
        "length": 5,
        "shout": ""
      }
    ],
    "food": [
      {
        "x": 0,
        "y": 2
      },
      {
        "x": 6,
        "y": 8
      },
      {
        "x": 2,
        "y": 8
      },
      {
        "x": 4,
        "y": 7
      }
    ],
    "you": {
      "id": "gs_PjKQC4JbpWPyhmDgP8STTfV4",
      "name": "Jormungand 0.1.0",
      "latency": "49",
      "health": 90,
      "body": [
        {
          "x": 9,
          "y": 5
        },
        {
          "x": 8,
          "y": 5
        },
        {
          "x": 7,
          "y": 5
        }
      ],
      "head": {
        "x": 9,
        "y": 5
      },
      "length": 3,
      "shout": "I am moving up!"
    },
    "snakeId": "gs_PjKQC4JbpWPyhmDgP8STTfV4",
    "name": "Jormungand 0.1.0",
    "latency": "49",
    "health": 90,
    "body": [
      {
        "x": 9,
        "y": 5
      },
      {
        "x": 8,
        "y": 5
      },
      {
        "x": 7,
        "y": 5
      }
    ],
    "head": {
      "x": 9,
      "y": 5
    },
    "length": 3,
    "shout": "I am moving up!"
  },
  {
    "gameId": "71007007-93b5-47fe-884f-dcc7e1f61133",
    "ruleset": {
      "name": "royale",
      "version": "v1.0.17"
    },
    "timeout": 600,
    "turn": 11,
    "width": 11,
    "height": 11,
    "snakes": [
      {
        "id": "gs_PjKQC4JbpWPyhmDgP8STTfV4",
        "name": "Jormungand 0.1.0",
        "latency": "49",
        "health": 89,
        "body": [
          {
            "x": 9,
            "y": 6
          },
          {
            "x": 9,
            "y": 5
          },
          {
            "x": 8,
            "y": 5
          }
        ],
        "head": {
          "x": 9,
          "y": 6
        },
        "length": 3,
        "shout": "I am moving up!"
      },
      {
        "id": "gs_3DbHcmdrHmQhKJ6HSpWdfbhT",
        "name": "EzSnek",
        "latency": "7",
        "health": 95,
        "body": [
          {
            "x": 7,
            "y": 6
          },
          {
            "x": 6,
            "y": 6
          },
          {
            "x": 6,
            "y": 5
          },
          {
            "x": 6,
            "y": 4
          },
          {
            "x": 5,
            "y": 4
          }
        ],
        "head": {
          "x": 7,
          "y": 6
        },
        "length": 5,
        "shout": ""
      }
    ],
    "food": [
      {
        "x": 0,
        "y": 2
      },
      {
        "x": 6,
        "y": 8
      },
      {
        "x": 2,
        "y": 8
      },
      {
        "x": 4,
        "y": 7
      },
      {
        "x": 5,
        "y": 2
      }
    ],
    "you": {
      "id": "gs_PjKQC4JbpWPyhmDgP8STTfV4",
      "name": "Jormungand 0.1.0",
      "latency": "49",
      "health": 89,
      "body": [
        {
          "x": 9,
          "y": 6
        },
        {
          "x": 9,
          "y": 5
        },
        {
          "x": 8,
          "y": 5
        }
      ],
      "head": {
        "x": 9,
        "y": 6
      },
      "length": 3,
      "shout": "I am moving up!"
    },
    "snakeId": "gs_PjKQC4JbpWPyhmDgP8STTfV4",
    "name": "Jormungand 0.1.0",
    "latency": "49",
    "health": 89,
    "body": [
      {
        "x": 9,
        "y": 6
      },
      {
        "x": 9,
        "y": 5
      },
      {
        "x": 8,
        "y": 5
      }
    ],
    "head": {
      "x": 9,
      "y": 6
    },
    "length": 3,
    "shout": "I am moving up!"
  },
  {
    "gameId": "71007007-93b5-47fe-884f-dcc7e1f61133",
    "ruleset": {
      "name": "royale",
      "version": "v1.0.17"
    },
    "timeout": 600,
    "turn": 12,
    "width": 11,
    "height": 11,
    "snakes": [
      {
        "id": "gs_PjKQC4JbpWPyhmDgP8STTfV4",
        "name": "Jormungand 0.1.0",
        "latency": "49",
        "health": 88,
        "body": [
          {
            "x": 9,
            "y": 7
          },
          {
            "x": 9,
            "y": 6
          },
          {
            "x": 9,
            "y": 5
          }
        ],
        "head": {
          "x": 9,
          "y": 7
        },
        "length": 3,
        "shout": "I am moving up!"
      },
      {
        "id": "gs_3DbHcmdrHmQhKJ6HSpWdfbhT",
        "name": "EzSnek",
        "latency": "7",
        "health": 94,
        "body": [
          {
            "x": 8,
            "y": 6
          },
          {
            "x": 7,
            "y": 6
          },
          {
            "x": 6,
            "y": 6
          },
          {
            "x": 6,
            "y": 5
          },
          {
            "x": 6,
            "y": 4
          }
        ],
        "head": {
          "x": 8,
          "y": 6
        },
        "length": 5,
        "shout": ""
      }
    ],
    "food": [
      {
        "x": 0,
        "y": 2
      },
      {
        "x": 6,
        "y": 8
      },
      {
        "x": 2,
        "y": 8
      },
      {
        "x": 4,
        "y": 7
      },
      {
        "x": 5,
        "y": 2
      },
      {
        "x": 3,
        "y": 5
      }
    ],
    "you": {
      "id": "gs_PjKQC4JbpWPyhmDgP8STTfV4",
      "name": "Jormungand 0.1.0",
      "latency": "49",
      "health": 88,
      "body": [
        {
          "x": 9,
          "y": 7
        },
        {
          "x": 9,
          "y": 6
        },
        {
          "x": 9,
          "y": 5
        }
      ],
      "head": {
        "x": 9,
        "y": 7
      },
      "length": 3,
      "shout": "I am moving up!"
    },
    "snakeId": "gs_PjKQC4JbpWPyhmDgP8STTfV4",
    "name": "Jormungand 0.1.0",
    "latency": "49",
    "health": 88,
    "body": [
      {
        "x": 9,
        "y": 7
      },
      {
        "x": 9,
        "y": 6
      },
      {
        "x": 9,
        "y": 5
      }
    ],
    "head": {
      "x": 9,
      "y": 7
    },
    "length": 3,
    "shout": "I am moving up!"
  },
  {
    "gameId": "71007007-93b5-47fe-884f-dcc7e1f61133",
    "ruleset": {
      "name": "royale",
      "version": "v1.0.17"
    },
    "timeout": 600,
    "turn": 13,
    "width": 11,
    "height": 11,
    "snakes": [
      {
        "id": "gs_PjKQC4JbpWPyhmDgP8STTfV4",
        "name": "Jormungand 0.1.0",
        "latency": "50",
        "health": 87,
        "body": [
          {
            "x": 9,
            "y": 8
          },
          {
            "x": 9,
            "y": 7
          },
          {
            "x": 9,
            "y": 6
          }
        ],
        "head": {
          "x": 9,
          "y": 8
        },
        "length": 3,
        "shout": "I am moving up!"
      },
      {
        "id": "gs_3DbHcmdrHmQhKJ6HSpWdfbhT",
        "name": "EzSnek",
        "latency": "7",
        "health": 93,
        "body": [
          {
            "x": 8,
            "y": 7
          },
          {
            "x": 8,
            "y": 6
          },
          {
            "x": 7,
            "y": 6
          },
          {
            "x": 6,
            "y": 6
          },
          {
            "x": 6,
            "y": 5
          }
        ],
        "head": {
          "x": 8,
          "y": 7
        },
        "length": 5,
        "shout": ""
      }
    ],
    "food": [
      {
        "x": 0,
        "y": 2
      },
      {
        "x": 6,
        "y": 8
      },
      {
        "x": 2,
        "y": 8
      },
      {
        "x": 4,
        "y": 7
      },
      {
        "x": 5,
        "y": 2
      },
      {
        "x": 3,
        "y": 5
      }
    ],
    "you": {
      "id": "gs_PjKQC4JbpWPyhmDgP8STTfV4",
      "name": "Jormungand 0.1.0",
      "latency": "50",
      "health": 87,
      "body": [
        {
          "x": 9,
          "y": 8
        },
        {
          "x": 9,
          "y": 7
        },
        {
          "x": 9,
          "y": 6
        }
      ],
      "head": {
        "x": 9,
        "y": 8
      },
      "length": 3,
      "shout": "I am moving up!"
    },
    "snakeId": "gs_PjKQC4JbpWPyhmDgP8STTfV4",
    "name": "Jormungand 0.1.0",
    "latency": "50",
    "health": 87,
    "body": [
      {
        "x": 9,
        "y": 8
      },
      {
        "x": 9,
        "y": 7
      },
      {
        "x": 9,
        "y": 6
      }
    ],
    "head": {
      "x": 9,
      "y": 8
    },
    "length": 3,
    "shout": "I am moving up!"
  },
  {
    "gameId": "71007007-93b5-47fe-884f-dcc7e1f61133",
    "ruleset": {
      "name": "royale",
      "version": "v1.0.17"
    },
    "timeout": 600,
    "turn": 14,
    "width": 11,
    "height": 11,
    "snakes": [
      {
        "id": "gs_PjKQC4JbpWPyhmDgP8STTfV4",
        "name": "Jormungand 0.1.0",
        "latency": "50",
        "health": 86,
        "body": [
          {
            "x": 10,
            "y": 8
          },
          {
            "x": 9,
            "y": 8
          },
          {
            "x": 9,
            "y": 7
          }
        ],
        "head": {
          "x": 10,
          "y": 8
        },
        "length": 3,
        "shout": "I am moving up!"
      },
      {
        "id": "gs_3DbHcmdrHmQhKJ6HSpWdfbhT",
        "name": "EzSnek",
        "latency": "7",
        "health": 92,
        "body": [
          {
            "x": 8,
            "y": 8
          },
          {
            "x": 8,
            "y": 7
          },
          {
            "x": 8,
            "y": 6
          },
          {
            "x": 7,
            "y": 6
          },
          {
            "x": 6,
            "y": 6
          }
        ],
        "head": {
          "x": 8,
          "y": 8
        },
        "length": 5,
        "shout": ""
      }
    ],
    "food": [
      {
        "x": 0,
        "y": 2
      },
      {
        "x": 6,
        "y": 8
      },
      {
        "x": 2,
        "y": 8
      },
      {
        "x": 4,
        "y": 7
      },
      {
        "x": 5,
        "y": 2
      },
      {
        "x": 3,
        "y": 5
      }
    ],
    "you": {
      "id": "gs_PjKQC4JbpWPyhmDgP8STTfV4",
      "name": "Jormungand 0.1.0",
      "latency": "50",
      "health": 86,
      "body": [
        {
          "x": 10,
          "y": 8
        },
        {
          "x": 9,
          "y": 8
        },
        {
          "x": 9,
          "y": 7
        }
      ],
      "head": {
        "x": 10,
        "y": 8
      },
      "length": 3,
      "shout": "I am moving up!"
    },
    "snakeId": "gs_PjKQC4JbpWPyhmDgP8STTfV4",
    "name": "Jormungand 0.1.0",
    "latency": "50",
    "health": 86,
    "body": [
      {
        "x": 10,
        "y": 8
      },
      {
        "x": 9,
        "y": 8
      },
      {
        "x": 9,
        "y": 7
      }
    ],
    "head": {
      "x": 10,
      "y": 8
    },
    "length": 3,
    "shout": "I am moving up!"
  },
  {
    "gameId": "71007007-93b5-47fe-884f-dcc7e1f61133",
    "ruleset": {
      "name": "royale",
      "version": "v1.0.17"
    },
    "timeout": 600,
    "turn": 15,
    "width": 11,
    "height": 11,
    "snakes": [
      {
        "id": "gs_PjKQC4JbpWPyhmDgP8STTfV4",
        "name": "Jormungand 0.1.0",
        "latency": "49",
        "health": 85,
        "body": [
          {
            "x": 10,
            "y": 7
          },
          {
            "x": 10,
            "y": 8
          },
          {
            "x": 9,
            "y": 8
          }
        ],
        "head": {
          "x": 10,
          "y": 7
        },
        "length": 3,
        "shout": "I am moving up!"
      },
      {
        "id": "gs_3DbHcmdrHmQhKJ6HSpWdfbhT",
        "name": "EzSnek",
        "latency": "29",
        "health": 91,
        "body": [
          {
            "x": 7,
            "y": 8
          },
          {
            "x": 8,
            "y": 8
          },
          {
            "x": 8,
            "y": 7
          },
          {
            "x": 8,
            "y": 6
          },
          {
            "x": 7,
            "y": 6
          }
        ],
        "head": {
          "x": 7,
          "y": 8
        },
        "length": 5,
        "shout": ""
      }
    ],
    "food": [
      {
        "x": 0,
        "y": 2
      },
      {
        "x": 6,
        "y": 8
      },
      {
        "x": 2,
        "y": 8
      },
      {
        "x": 4,
        "y": 7
      },
      {
        "x": 5,
        "y": 2
      },
      {
        "x": 3,
        "y": 5
      }
    ],
    "you": {
      "id": "gs_PjKQC4JbpWPyhmDgP8STTfV4",
      "name": "Jormungand 0.1.0",
      "latency": "49",
      "health": 85,
      "body": [
        {
          "x": 10,
          "y": 7
        },
        {
          "x": 10,
          "y": 8
        },
        {
          "x": 9,
          "y": 8
        }
      ],
      "head": {
        "x": 10,
        "y": 7
      },
      "length": 3,
      "shout": "I am moving up!"
    },
    "snakeId": "gs_PjKQC4JbpWPyhmDgP8STTfV4",
    "name": "Jormungand 0.1.0",
    "latency": "49",
    "health": 85,
    "body": [
      {
        "x": 10,
        "y": 7
      },
      {
        "x": 10,
        "y": 8
      },
      {
        "x": 9,
        "y": 8
      }
    ],
    "head": {
      "x": 10,
      "y": 7
    },
    "length": 3,
    "shout": "I am moving up!"
  },
  {
    "gameId": "71007007-93b5-47fe-884f-dcc7e1f61133",
    "ruleset": {
      "name": "royale",
      "version": "v1.0.17"
    },
    "timeout": 600,
    "turn": 16,
    "width": 11,
    "height": 11,
    "snakes": [
      {
        "id": "gs_PjKQC4JbpWPyhmDgP8STTfV4",
        "name": "Jormungand 0.1.0",
        "latency": "49",
        "health": 84,
        "body": [
          {
            "x": 10,
            "y": 6
          },
          {
            "x": 10,
            "y": 7
          },
          {
            "x": 10,
            "y": 8
          }
        ],
        "head": {
          "x": 10,
          "y": 6
        },
        "length": 3,
        "shout": "I am moving up!"
      },
      {
        "id": "gs_3DbHcmdrHmQhKJ6HSpWdfbhT",
        "name": "EzSnek",
        "latency": "8",
        "health": 90,
        "body": [
          {
            "x": 7,
            "y": 9
          },
          {
            "x": 7,
            "y": 8
          },
          {
            "x": 8,
            "y": 8
          },
          {
            "x": 8,
            "y": 7
          },
          {
            "x": 8,
            "y": 6
          }
        ],
        "head": {
          "x": 7,
          "y": 9
        },
        "length": 5,
        "shout": ""
      }
    ],
    "food": [
      {
        "x": 0,
        "y": 2
      },
      {
        "x": 6,
        "y": 8
      },
      {
        "x": 2,
        "y": 8
      },
      {
        "x": 4,
        "y": 7
      },
      {
        "x": 5,
        "y": 2
      },
      {
        "x": 3,
        "y": 5
      }
    ],
    "you": {
      "id": "gs_PjKQC4JbpWPyhmDgP8STTfV4",
      "name": "Jormungand 0.1.0",
      "latency": "49",
      "health": 84,
      "body": [
        {
          "x": 10,
          "y": 6
        },
        {
          "x": 10,
          "y": 7
        },
        {
          "x": 10,
          "y": 8
        }
      ],
      "head": {
        "x": 10,
        "y": 6
      },
      "length": 3,
      "shout": "I am moving up!"
    },
    "snakeId": "gs_PjKQC4JbpWPyhmDgP8STTfV4",
    "name": "Jormungand 0.1.0",
    "latency": "49",
    "health": 84,
    "body": [
      {
        "x": 10,
        "y": 6
      },
      {
        "x": 10,
        "y": 7
      },
      {
        "x": 10,
        "y": 8
      }
    ],
    "head": {
      "x": 10,
      "y": 6
    },
    "length": 3,
    "shout": "I am moving up!"
  },
  {
    "gameId": "71007007-93b5-47fe-884f-dcc7e1f61133",
    "ruleset": {
      "name": "royale",
      "version": "v1.0.17"
    },
    "timeout": 600,
    "turn": 17,
    "width": 11,
    "height": 11,
    "snakes": [
      {
        "id": "gs_PjKQC4JbpWPyhmDgP8STTfV4",
        "name": "Jormungand 0.1.0",
        "latency": "49",
        "health": 83,
        "body": [
          {
            "x": 10,
            "y": 5
          },
          {
            "x": 10,
            "y": 6
          },
          {
            "x": 10,
            "y": 7
          }
        ],
        "head": {
          "x": 10,
          "y": 5
        },
        "length": 3,
        "shout": "I am moving up!"
      },
      {
        "id": "gs_3DbHcmdrHmQhKJ6HSpWdfbhT",
        "name": "EzSnek",
        "latency": "8",
        "health": 89,
        "body": [
          {
            "x": 8,
            "y": 9
          },
          {
            "x": 7,
            "y": 9
          },
          {
            "x": 7,
            "y": 8
          },
          {
            "x": 8,
            "y": 8
          },
          {
            "x": 8,
            "y": 7
          }
        ],
        "head": {
          "x": 8,
          "y": 9
        },
        "length": 5,
        "shout": ""
      }
    ],
    "food": [
      {
        "x": 0,
        "y": 2
      },
      {
        "x": 6,
        "y": 8
      },
      {
        "x": 2,
        "y": 8
      },
      {
        "x": 4,
        "y": 7
      },
      {
        "x": 5,
        "y": 2
      },
      {
        "x": 3,
        "y": 5
      }
    ],
    "you": {
      "id": "gs_PjKQC4JbpWPyhmDgP8STTfV4",
      "name": "Jormungand 0.1.0",
      "latency": "49",
      "health": 83,
      "body": [
        {
          "x": 10,
          "y": 5
        },
        {
          "x": 10,
          "y": 6
        },
        {
          "x": 10,
          "y": 7
        }
      ],
      "head": {
        "x": 10,
        "y": 5
      },
      "length": 3,
      "shout": "I am moving up!"
    },
    "snakeId": "gs_PjKQC4JbpWPyhmDgP8STTfV4",
    "name": "Jormungand 0.1.0",
    "latency": "49",
    "health": 83,
    "body": [
      {
        "x": 10,
        "y": 5
      },
      {
        "x": 10,
        "y": 6
      },
      {
        "x": 10,
        "y": 7
      }
    ],
    "head": {
      "x": 10,
      "y": 5
    },
    "length": 3,
    "shout": "I am moving up!"
  },
  {
    "gameId": "71007007-93b5-47fe-884f-dcc7e1f61133",
    "ruleset": {
      "name": "royale",
      "version": "v1.0.17"
    },
    "timeout": 600,
    "turn": 18,
    "width": 11,
    "height": 11,
    "snakes": [
      {
        "id": "gs_PjKQC4JbpWPyhmDgP8STTfV4",
        "name": "Jormungand 0.1.0",
        "latency": "49",
        "health": 82,
        "body": [
          {
            "x": 10,
            "y": 4
          },
          {
            "x": 10,
            "y": 5
          },
          {
            "x": 10,
            "y": 6
          }
        ],
        "head": {
          "x": 10,
          "y": 4
        },
        "length": 3,
        "shout": "I am moving up!"
      },
      {
        "id": "gs_3DbHcmdrHmQhKJ6HSpWdfbhT",
        "name": "EzSnek",
        "latency": "8",
        "health": 88,
        "body": [
          {
            "x": 9,
            "y": 9
          },
          {
            "x": 8,
            "y": 9
          },
          {
            "x": 7,
            "y": 9
          },
          {
            "x": 7,
            "y": 8
          },
          {
            "x": 8,
            "y": 8
          }
        ],
        "head": {
          "x": 9,
          "y": 9
        },
        "length": 5,
        "shout": ""
      }
    ],
    "food": [
      {
        "x": 0,
        "y": 2
      },
      {
        "x": 6,
        "y": 8
      },
      {
        "x": 2,
        "y": 8
      },
      {
        "x": 4,
        "y": 7
      },
      {
        "x": 5,
        "y": 2
      },
      {
        "x": 3,
        "y": 5
      }
    ],
    "you": {
      "id": "gs_PjKQC4JbpWPyhmDgP8STTfV4",
      "name": "Jormungand 0.1.0",
      "latency": "49",
      "health": 82,
      "body": [
        {
          "x": 10,
          "y": 4
        },
        {
          "x": 10,
          "y": 5
        },
        {
          "x": 10,
          "y": 6
        }
      ],
      "head": {
        "x": 10,
        "y": 4
      },
      "length": 3,
      "shout": "I am moving up!"
    },
    "snakeId": "gs_PjKQC4JbpWPyhmDgP8STTfV4",
    "name": "Jormungand 0.1.0",
    "latency": "49",
    "health": 82,
    "body": [
      {
        "x": 10,
        "y": 4
      },
      {
        "x": 10,
        "y": 5
      },
      {
        "x": 10,
        "y": 6
      }
    ],
    "head": {
      "x": 10,
      "y": 4
    },
    "length": 3,
    "shout": "I am moving up!"
  },
  {
    "gameId": "71007007-93b5-47fe-884f-dcc7e1f61133",
    "ruleset": {
      "name": "royale",
      "version": "v1.0.17"
    },
    "timeout": 600,
    "turn": 19,
    "width": 11,
    "height": 11,
    "snakes": [
      {
        "id": "gs_PjKQC4JbpWPyhmDgP8STTfV4",
        "name": "Jormungand 0.1.0",
        "latency": "53",
        "health": 81,
        "body": [
          {
            "x": 10,
            "y": 3
          },
          {
            "x": 10,
            "y": 4
          },
          {
            "x": 10,
            "y": 5
          }
        ],
        "head": {
          "x": 10,
          "y": 3
        },
        "length": 3,
        "shout": "I am moving up!"
      },
      {
        "id": "gs_3DbHcmdrHmQhKJ6HSpWdfbhT",
        "name": "EzSnek",
        "latency": "8",
        "health": 87,
        "body": [
          {
            "x": 9,
            "y": 8
          },
          {
            "x": 9,
            "y": 9
          },
          {
            "x": 8,
            "y": 9
          },
          {
            "x": 7,
            "y": 9
          },
          {
            "x": 7,
            "y": 8
          }
        ],
        "head": {
          "x": 9,
          "y": 8
        },
        "length": 5,
        "shout": ""
      }
    ],
    "food": [
      {
        "x": 0,
        "y": 2
      },
      {
        "x": 6,
        "y": 8
      },
      {
        "x": 2,
        "y": 8
      },
      {
        "x": 4,
        "y": 7
      },
      {
        "x": 5,
        "y": 2
      },
      {
        "x": 3,
        "y": 5
      },
      {
        "x": 2,
        "y": 5
      }
    ],
    "you": {
      "id": "gs_PjKQC4JbpWPyhmDgP8STTfV4",
      "name": "Jormungand 0.1.0",
      "latency": "53",
      "health": 81,
      "body": [
        {
          "x": 10,
          "y": 3
        },
        {
          "x": 10,
          "y": 4
        },
        {
          "x": 10,
          "y": 5
        }
      ],
      "head": {
        "x": 10,
        "y": 3
      },
      "length": 3,
      "shout": "I am moving up!"
    },
    "snakeId": "gs_PjKQC4JbpWPyhmDgP8STTfV4",
    "name": "Jormungand 0.1.0",
    "latency": "53",
    "health": 81,
    "body": [
      {
        "x": 10,
        "y": 3
      },
      {
        "x": 10,
        "y": 4
      },
      {
        "x": 10,
        "y": 5
      }
    ],
    "head": {
      "x": 10,
      "y": 3
    },
    "length": 3,
    "shout": "I am moving up!"
  },
  {
    "gameId": "71007007-93b5-47fe-884f-dcc7e1f61133",
    "ruleset": {
      "name": "royale",
      "version": "v1.0.17"
    },
    "timeout": 600,
    "turn": 20,
    "width": 11,
    "height": 11,
    "snakes": [
      {
        "id": "gs_PjKQC4JbpWPyhmDgP8STTfV4",
        "name": "Jormungand 0.1.0",
        "latency": "50",
        "health": 80,
        "body": [
          {
            "x": 9,
            "y": 3
          },
          {
            "x": 10,
            "y": 3
          },
          {
            "x": 10,
            "y": 4
          }
        ],
        "head": {
          "x": 9,
          "y": 3
        },
        "length": 3,
        "shout": "I am moving up!"
      },
      {
        "id": "gs_3DbHcmdrHmQhKJ6HSpWdfbhT",
        "name": "EzSnek",
        "latency": "8",
        "health": 86,
        "body": [
          {
            "x": 9,
            "y": 7
          },
          {
            "x": 9,
            "y": 8
          },
          {
            "x": 9,
            "y": 9
          },
          {
            "x": 8,
            "y": 9
          },
          {
            "x": 7,
            "y": 9
          }
        ],
        "head": {
          "x": 9,
          "y": 7
        },
        "length": 5,
        "shout": ""
      }
    ],
    "food": [
      {
        "x": 0,
        "y": 2
      },
      {
        "x": 6,
        "y": 8
      },
      {
        "x": 2,
        "y": 8
      },
      {
        "x": 4,
        "y": 7
      },
      {
        "x": 5,
        "y": 2
      },
      {
        "x": 3,
        "y": 5
      },
      {
        "x": 2,
        "y": 5
      }
    ],
    "you": {
      "id": "gs_PjKQC4JbpWPyhmDgP8STTfV4",
      "name": "Jormungand 0.1.0",
      "latency": "50",
      "health": 80,
      "body": [
        {
          "x": 9,
          "y": 3
        },
        {
          "x": 10,
          "y": 3
        },
        {
          "x": 10,
          "y": 4
        }
      ],
      "head": {
        "x": 9,
        "y": 3
      },
      "length": 3,
      "shout": "I am moving up!"
    },
    "snakeId": "gs_PjKQC4JbpWPyhmDgP8STTfV4",
    "name": "Jormungand 0.1.0",
    "latency": "50",
    "health": 80,
    "body": [
      {
        "x": 9,
        "y": 3
      },
      {
        "x": 10,
        "y": 3
      },
      {
        "x": 10,
        "y": 4
      }
    ],
    "head": {
      "x": 9,
      "y": 3
    },
    "length": 3,
    "shout": "I am moving up!"
  },
  {
    "gameId": "71007007-93b5-47fe-884f-dcc7e1f61133",
    "ruleset": {
      "name": "royale",
      "version": "v1.0.17"
    },
    "timeout": 600,
    "turn": 21,
    "width": 11,
    "height": 11,
    "snakes": [
      {
        "id": "gs_PjKQC4JbpWPyhmDgP8STTfV4",
        "name": "Jormungand 0.1.0",
        "latency": "49",
        "health": 79,
        "body": [
          {
            "x": 9,
            "y": 2
          },
          {
            "x": 9,
            "y": 3
          },
          {
            "x": 10,
            "y": 3
          }
        ],
        "head": {
          "x": 9,
          "y": 2
        },
        "length": 3,
        "shout": "I am moving up!"
      },
      {
        "id": "gs_3DbHcmdrHmQhKJ6HSpWdfbhT",
        "name": "EzSnek",
        "latency": "8",
        "health": 85,
        "body": [
          {
            "x": 8,
            "y": 7
          },
          {
            "x": 9,
            "y": 7
          },
          {
            "x": 9,
            "y": 8
          },
          {
            "x": 9,
            "y": 9
          },
          {
            "x": 8,
            "y": 9
          }
        ],
        "head": {
          "x": 8,
          "y": 7
        },
        "length": 5,
        "shout": ""
      }
    ],
    "food": [
      {
        "x": 0,
        "y": 2
      },
      {
        "x": 6,
        "y": 8
      },
      {
        "x": 2,
        "y": 8
      },
      {
        "x": 4,
        "y": 7
      },
      {
        "x": 5,
        "y": 2
      },
      {
        "x": 3,
        "y": 5
      },
      {
        "x": 2,
        "y": 5
      },
      {
        "x": 10,
        "y": 9
      }
    ],
    "you": {
      "id": "gs_PjKQC4JbpWPyhmDgP8STTfV4",
      "name": "Jormungand 0.1.0",
      "latency": "49",
      "health": 79,
      "body": [
        {
          "x": 9,
          "y": 2
        },
        {
          "x": 9,
          "y": 3
        },
        {
          "x": 10,
          "y": 3
        }
      ],
      "head": {
        "x": 9,
        "y": 2
      },
      "length": 3,
      "shout": "I am moving up!"
    },
    "snakeId": "gs_PjKQC4JbpWPyhmDgP8STTfV4",
    "name": "Jormungand 0.1.0",
    "latency": "49",
    "health": 79,
    "body": [
      {
        "x": 9,
        "y": 2
      },
      {
        "x": 9,
        "y": 3
      },
      {
        "x": 10,
        "y": 3
      }
    ],
    "head": {
      "x": 9,
      "y": 2
    },
    "length": 3,
    "shout": "I am moving up!"
  },
  {
    "gameId": "71007007-93b5-47fe-884f-dcc7e1f61133",
    "ruleset": {
      "name": "royale",
      "version": "v1.0.17"
    },
    "timeout": 600,
    "turn": 22,
    "width": 11,
    "height": 11,
    "snakes": [
      {
        "id": "gs_PjKQC4JbpWPyhmDgP8STTfV4",
        "name": "Jormungand 0.1.0",
        "latency": "49",
        "health": 78,
        "body": [
          {
            "x": 9,
            "y": 1
          },
          {
            "x": 9,
            "y": 2
          },
          {
            "x": 9,
            "y": 3
          }
        ],
        "head": {
          "x": 9,
          "y": 1
        },
        "length": 3,
        "shout": "I am moving up!"
      },
      {
        "id": "gs_3DbHcmdrHmQhKJ6HSpWdfbhT",
        "name": "EzSnek",
        "latency": "8",
        "health": 84,
        "body": [
          {
            "x": 8,
            "y": 6
          },
          {
            "x": 8,
            "y": 7
          },
          {
            "x": 9,
            "y": 7
          },
          {
            "x": 9,
            "y": 8
          },
          {
            "x": 9,
            "y": 9
          }
        ],
        "head": {
          "x": 8,
          "y": 6
        },
        "length": 5,
        "shout": ""
      }
    ],
    "food": [
      {
        "x": 0,
        "y": 2
      },
      {
        "x": 6,
        "y": 8
      },
      {
        "x": 2,
        "y": 8
      },
      {
        "x": 4,
        "y": 7
      },
      {
        "x": 5,
        "y": 2
      },
      {
        "x": 3,
        "y": 5
      },
      {
        "x": 2,
        "y": 5
      },
      {
        "x": 10,
        "y": 9
      },
      {
        "x": 10,
        "y": 4
      }
    ],
    "you": {
      "id": "gs_PjKQC4JbpWPyhmDgP8STTfV4",
      "name": "Jormungand 0.1.0",
      "latency": "49",
      "health": 78,
      "body": [
        {
          "x": 9,
          "y": 1
        },
        {
          "x": 9,
          "y": 2
        },
        {
          "x": 9,
          "y": 3
        }
      ],
      "head": {
        "x": 9,
        "y": 1
      },
      "length": 3,
      "shout": "I am moving up!"
    },
    "snakeId": "gs_PjKQC4JbpWPyhmDgP8STTfV4",
    "name": "Jormungand 0.1.0",
    "latency": "49",
    "health": 78,
    "body": [
      {
        "x": 9,
        "y": 1
      },
      {
        "x": 9,
        "y": 2
      },
      {
        "x": 9,
        "y": 3
      }
    ],
    "head": {
      "x": 9,
      "y": 1
    },
    "length": 3,
    "shout": "I am moving up!"
  },
  {
    "gameId": "71007007-93b5-47fe-884f-dcc7e1f61133",
    "ruleset": {
      "name": "royale",
      "version": "v1.0.17"
    },
    "timeout": 600,
    "turn": 23,
    "width": 11,
    "height": 11,
    "snakes": [
      {
        "id": "gs_PjKQC4JbpWPyhmDgP8STTfV4",
        "name": "Jormungand 0.1.0",
        "latency": "49",
        "health": 77,
        "body": [
          {
            "x": 8,
            "y": 1
          },
          {
            "x": 9,
            "y": 1
          },
          {
            "x": 9,
            "y": 2
          }
        ],
        "head": {
          "x": 8,
          "y": 1
        },
        "length": 3,
        "shout": "I am moving up!"
      },
      {
        "id": "gs_3DbHcmdrHmQhKJ6HSpWdfbhT",
        "name": "EzSnek",
        "latency": "8",
        "health": 83,
        "body": [
          {
            "x": 8,
            "y": 5
          },
          {
            "x": 8,
            "y": 6
          },
          {
            "x": 8,
            "y": 7
          },
          {
            "x": 9,
            "y": 7
          },
          {
            "x": 9,
            "y": 8
          }
        ],
        "head": {
          "x": 8,
          "y": 5
        },
        "length": 5,
        "shout": ""
      }
    ],
    "food": [
      {
        "x": 0,
        "y": 2
      },
      {
        "x": 6,
        "y": 8
      },
      {
        "x": 2,
        "y": 8
      },
      {
        "x": 4,
        "y": 7
      },
      {
        "x": 5,
        "y": 2
      },
      {
        "x": 3,
        "y": 5
      },
      {
        "x": 2,
        "y": 5
      },
      {
        "x": 10,
        "y": 9
      },
      {
        "x": 10,
        "y": 4
      }
    ],
    "you": {
      "id": "gs_PjKQC4JbpWPyhmDgP8STTfV4",
      "name": "Jormungand 0.1.0",
      "latency": "49",
      "health": 77,
      "body": [
        {
          "x": 8,
          "y": 1
        },
        {
          "x": 9,
          "y": 1
        },
        {
          "x": 9,
          "y": 2
        }
      ],
      "head": {
        "x": 8,
        "y": 1
      },
      "length": 3,
      "shout": "I am moving up!"
    },
    "snakeId": "gs_PjKQC4JbpWPyhmDgP8STTfV4",
    "name": "Jormungand 0.1.0",
    "latency": "49",
    "health": 77,
    "body": [
      {
        "x": 8,
        "y": 1
      },
      {
        "x": 9,
        "y": 1
      },
      {
        "x": 9,
        "y": 2
      }
    ],
    "head": {
      "x": 8,
      "y": 1
    },
    "length": 3,
    "shout": "I am moving up!"
  },
  {
    "gameId": "71007007-93b5-47fe-884f-dcc7e1f61133",
    "ruleset": {
      "name": "royale",
      "version": "v1.0.17"
    },
    "timeout": 600,
    "turn": 24,
    "width": 11,
    "height": 11,
    "snakes": [
      {
        "id": "gs_PjKQC4JbpWPyhmDgP8STTfV4",
        "name": "Jormungand 0.1.0",
        "latency": "49",
        "health": 76,
        "body": [
          {
            "x": 7,
            "y": 1
          },
          {
            "x": 8,
            "y": 1
          },
          {
            "x": 9,
            "y": 1
          }
        ],
        "head": {
          "x": 7,
          "y": 1
        },
        "length": 3,
        "shout": "I am moving up!"
      },
      {
        "id": "gs_3DbHcmdrHmQhKJ6HSpWdfbhT",
        "name": "EzSnek",
        "latency": "7",
        "health": 82,
        "body": [
          {
            "x": 7,
            "y": 5
          },
          {
            "x": 8,
            "y": 5
          },
          {
            "x": 8,
            "y": 6
          },
          {
            "x": 8,
            "y": 7
          },
          {
            "x": 9,
            "y": 7
          }
        ],
        "head": {
          "x": 7,
          "y": 5
        },
        "length": 5,
        "shout": ""
      }
    ],
    "food": [
      {
        "x": 0,
        "y": 2
      },
      {
        "x": 6,
        "y": 8
      },
      {
        "x": 2,
        "y": 8
      },
      {
        "x": 4,
        "y": 7
      },
      {
        "x": 5,
        "y": 2
      },
      {
        "x": 3,
        "y": 5
      },
      {
        "x": 2,
        "y": 5
      },
      {
        "x": 10,
        "y": 9
      },
      {
        "x": 10,
        "y": 4
      }
    ],
    "you": {
      "id": "gs_PjKQC4JbpWPyhmDgP8STTfV4",
      "name": "Jormungand 0.1.0",
      "latency": "49",
      "health": 76,
      "body": [
        {
          "x": 7,
          "y": 1
        },
        {
          "x": 8,
          "y": 1
        },
        {
          "x": 9,
          "y": 1
        }
      ],
      "head": {
        "x": 7,
        "y": 1
      },
      "length": 3,
      "shout": "I am moving up!"
    },
    "snakeId": "gs_PjKQC4JbpWPyhmDgP8STTfV4",
    "name": "Jormungand 0.1.0",
    "latency": "49",
    "health": 76,
    "body": [
      {
        "x": 7,
        "y": 1
      },
      {
        "x": 8,
        "y": 1
      },
      {
        "x": 9,
        "y": 1
      }
    ],
    "head": {
      "x": 7,
      "y": 1
    },
    "length": 3,
    "shout": "I am moving up!"
  },
  {
    "gameId": "71007007-93b5-47fe-884f-dcc7e1f61133",
    "ruleset": {
      "name": "royale",
      "version": "v1.0.17"
    },
    "timeout": 600,
    "turn": 25,
    "width": 11,
    "height": 11,
    "snakes": [
      {
        "id": "gs_PjKQC4JbpWPyhmDgP8STTfV4",
        "name": "Jormungand 0.1.0",
        "latency": "49",
        "health": 75,
        "body": [
          {
            "x": 7,
            "y": 0
          },
          {
            "x": 7,
            "y": 1
          },
          {
            "x": 8,
            "y": 1
          }
        ],
        "head": {
          "x": 7,
          "y": 0
        },
        "length": 3,
        "shout": "I am moving up!"
      },
      {
        "id": "gs_3DbHcmdrHmQhKJ6HSpWdfbhT",
        "name": "EzSnek",
        "latency": "7",
        "health": 81,
        "body": [
          {
            "x": 6,
            "y": 5
          },
          {
            "x": 7,
            "y": 5
          },
          {
            "x": 8,
            "y": 5
          },
          {
            "x": 8,
            "y": 6
          },
          {
            "x": 8,
            "y": 7
          }
        ],
        "head": {
          "x": 6,
          "y": 5
        },
        "length": 5,
        "shout": ""
      }
    ],
    "food": [
      {
        "x": 0,
        "y": 2
      },
      {
        "x": 6,
        "y": 8
      },
      {
        "x": 2,
        "y": 8
      },
      {
        "x": 4,
        "y": 7
      },
      {
        "x": 5,
        "y": 2
      },
      {
        "x": 3,
        "y": 5
      },
      {
        "x": 2,
        "y": 5
      },
      {
        "x": 10,
        "y": 9
      },
      {
        "x": 10,
        "y": 4
      }
    ],
    "you": {
      "id": "gs_PjKQC4JbpWPyhmDgP8STTfV4",
      "name": "Jormungand 0.1.0",
      "latency": "49",
      "health": 75,
      "body": [
        {
          "x": 7,
          "y": 0
        },
        {
          "x": 7,
          "y": 1
        },
        {
          "x": 8,
          "y": 1
        }
      ],
      "head": {
        "x": 7,
        "y": 0
      },
      "length": 3,
      "shout": "I am moving up!"
    },
    "snakeId": "gs_PjKQC4JbpWPyhmDgP8STTfV4",
    "name": "Jormungand 0.1.0",
    "latency": "49",
    "health": 75,
    "body": [
      {
        "x": 7,
        "y": 0
      },
      {
        "x": 7,
        "y": 1
      },
      {
        "x": 8,
        "y": 1
      }
    ],
    "head": {
      "x": 7,
      "y": 0
    },
    "length": 3,
    "shout": "I am moving up!"
  },
  {
    "gameId": "71007007-93b5-47fe-884f-dcc7e1f61133",
    "ruleset": {
      "name": "royale",
      "version": "v1.0.17"
    },
    "timeout": 600,
    "turn": 26,
    "width": 11,
    "height": 11,
    "snakes": [
      {
        "id": "gs_PjKQC4JbpWPyhmDgP8STTfV4",
        "name": "Jormungand 0.1.0",
        "latency": "49",
        "health": 74,
        "body": [
          {
            "x": 8,
            "y": 0
          },
          {
            "x": 7,
            "y": 0
          },
          {
            "x": 7,
            "y": 1
          }
        ],
        "head": {
          "x": 8,
          "y": 0
        },
        "length": 3,
        "shout": "I am moving up!"
      },
      {
        "id": "gs_3DbHcmdrHmQhKJ6HSpWdfbhT",
        "name": "EzSnek",
        "latency": "10",
        "health": 80,
        "body": [
          {
            "x": 5,
            "y": 5
          },
          {
            "x": 6,
            "y": 5
          },
          {
            "x": 7,
            "y": 5
          },
          {
            "x": 8,
            "y": 5
          },
          {
            "x": 8,
            "y": 6
          }
        ],
        "head": {
          "x": 5,
          "y": 5
        },
        "length": 5,
        "shout": ""
      }
    ],
    "food": [
      {
        "x": 0,
        "y": 2
      },
      {
        "x": 6,
        "y": 8
      },
      {
        "x": 2,
        "y": 8
      },
      {
        "x": 4,
        "y": 7
      },
      {
        "x": 5,
        "y": 2
      },
      {
        "x": 3,
        "y": 5
      },
      {
        "x": 2,
        "y": 5
      },
      {
        "x": 10,
        "y": 9
      },
      {
        "x": 10,
        "y": 4
      }
    ],
    "you": {
      "id": "gs_PjKQC4JbpWPyhmDgP8STTfV4",
      "name": "Jormungand 0.1.0",
      "latency": "49",
      "health": 74,
      "body": [
        {
          "x": 8,
          "y": 0
        },
        {
          "x": 7,
          "y": 0
        },
        {
          "x": 7,
          "y": 1
        }
      ],
      "head": {
        "x": 8,
        "y": 0
      },
      "length": 3,
      "shout": "I am moving up!"
    },
    "snakeId": "gs_PjKQC4JbpWPyhmDgP8STTfV4",
    "name": "Jormungand 0.1.0",
    "latency": "49",
    "health": 74,
    "body": [
      {
        "x": 8,
        "y": 0
      },
      {
        "x": 7,
        "y": 0
      },
      {
        "x": 7,
        "y": 1
      }
    ],
    "head": {
      "x": 8,
      "y": 0
    },
    "length": 3,
    "shout": "I am moving up!"
  },
  {
    "gameId": "71007007-93b5-47fe-884f-dcc7e1f61133",
    "ruleset": {
      "name": "royale",
      "version": "v1.0.17"
    },
    "timeout": 600,
    "turn": 27,
    "width": 11,
    "height": 11,
    "snakes": [
      {
        "id": "gs_PjKQC4JbpWPyhmDgP8STTfV4",
        "name": "Jormungand 0.1.0",
        "latency": "50",
        "health": 73,
        "body": [
          {
            "x": 8,
            "y": 1
          },
          {
            "x": 8,
            "y": 0
          },
          {
            "x": 7,
            "y": 0
          }
        ],
        "head": {
          "x": 8,
          "y": 1
        },
        "length": 3,
        "shout": "I am moving up!"
      },
      {
        "id": "gs_3DbHcmdrHmQhKJ6HSpWdfbhT",
        "name": "EzSnek",
        "latency": "13",
        "health": 79,
        "body": [
          {
            "x": 5,
            "y": 4
          },
          {
            "x": 5,
            "y": 5
          },
          {
            "x": 6,
            "y": 5
          },
          {
            "x": 7,
            "y": 5
          },
          {
            "x": 8,
            "y": 5
          }
        ],
        "head": {
          "x": 5,
          "y": 4
        },
        "length": 5,
        "shout": ""
      }
    ],
    "food": [
      {
        "x": 0,
        "y": 2
      },
      {
        "x": 6,
        "y": 8
      },
      {
        "x": 2,
        "y": 8
      },
      {
        "x": 4,
        "y": 7
      },
      {
        "x": 5,
        "y": 2
      },
      {
        "x": 3,
        "y": 5
      },
      {
        "x": 2,
        "y": 5
      },
      {
        "x": 10,
        "y": 9
      },
      {
        "x": 10,
        "y": 4
      }
    ],
    "you": {
      "id": "gs_PjKQC4JbpWPyhmDgP8STTfV4",
      "name": "Jormungand 0.1.0",
      "latency": "50",
      "health": 73,
      "body": [
        {
          "x": 8,
          "y": 1
        },
        {
          "x": 8,
          "y": 0
        },
        {
          "x": 7,
          "y": 0
        }
      ],
      "head": {
        "x": 8,
        "y": 1
      },
      "length": 3,
      "shout": "I am moving up!"
    },
    "snakeId": "gs_PjKQC4JbpWPyhmDgP8STTfV4",
    "name": "Jormungand 0.1.0",
    "latency": "50",
    "health": 73,
    "body": [
      {
        "x": 8,
        "y": 1
      },
      {
        "x": 8,
        "y": 0
      },
      {
        "x": 7,
        "y": 0
      }
    ],
    "head": {
      "x": 8,
      "y": 1
    },
    "length": 3,
    "shout": "I am moving up!"
  },
  {
    "gameId": "71007007-93b5-47fe-884f-dcc7e1f61133",
    "ruleset": {
      "name": "royale",
      "version": "v1.0.17"
    },
    "timeout": 600,
    "turn": 28,
    "width": 11,
    "height": 11,
    "snakes": [
      {
        "id": "gs_PjKQC4JbpWPyhmDgP8STTfV4",
        "name": "Jormungand 0.1.0",
        "latency": "49",
        "health": 72,
        "body": [
          {
            "x": 7,
            "y": 1
          },
          {
            "x": 8,
            "y": 1
          },
          {
            "x": 8,
            "y": 0
          }
        ],
        "head": {
          "x": 7,
          "y": 1
        },
        "length": 3,
        "shout": "I am moving up!"
      },
      {
        "id": "gs_3DbHcmdrHmQhKJ6HSpWdfbhT",
        "name": "EzSnek",
        "latency": "8",
        "health": 78,
        "body": [
          {
            "x": 6,
            "y": 4
          },
          {
            "x": 5,
            "y": 4
          },
          {
            "x": 5,
            "y": 5
          },
          {
            "x": 6,
            "y": 5
          },
          {
            "x": 7,
            "y": 5
          }
        ],
        "head": {
          "x": 6,
          "y": 4
        },
        "length": 5,
        "shout": ""
      }
    ],
    "food": [
      {
        "x": 0,
        "y": 2
      },
      {
        "x": 6,
        "y": 8
      },
      {
        "x": 2,
        "y": 8
      },
      {
        "x": 4,
        "y": 7
      },
      {
        "x": 5,
        "y": 2
      },
      {
        "x": 3,
        "y": 5
      },
      {
        "x": 2,
        "y": 5
      },
      {
        "x": 10,
        "y": 9
      },
      {
        "x": 10,
        "y": 4
      }
    ],
    "you": {
      "id": "gs_PjKQC4JbpWPyhmDgP8STTfV4",
      "name": "Jormungand 0.1.0",
      "latency": "49",
      "health": 72,
      "body": [
        {
          "x": 7,
          "y": 1
        },
        {
          "x": 8,
          "y": 1
        },
        {
          "x": 8,
          "y": 0
        }
      ],
      "head": {
        "x": 7,
        "y": 1
      },
      "length": 3,
      "shout": "I am moving up!"
    },
    "snakeId": "gs_PjKQC4JbpWPyhmDgP8STTfV4",
    "name": "Jormungand 0.1.0",
    "latency": "49",
    "health": 72,
    "body": [
      {
        "x": 7,
        "y": 1
      },
      {
        "x": 8,
        "y": 1
      },
      {
        "x": 8,
        "y": 0
      }
    ],
    "head": {
      "x": 7,
      "y": 1
    },
    "length": 3,
    "shout": "I am moving up!"
  },
  {
    "gameId": "71007007-93b5-47fe-884f-dcc7e1f61133",
    "ruleset": {
      "name": "royale",
      "version": "v1.0.17"
    },
    "timeout": 600,
    "turn": 29,
    "width": 11,
    "height": 11,
    "snakes": [
      {
        "id": "gs_PjKQC4JbpWPyhmDgP8STTfV4",
        "name": "Jormungand 0.1.0",
        "latency": "53",
        "health": 71,
        "body": [
          {
            "x": 7,
            "y": 0
          },
          {
            "x": 7,
            "y": 1
          },
          {
            "x": 8,
            "y": 1
          }
        ],
        "head": {
          "x": 7,
          "y": 0
        },
        "length": 3,
        "shout": "I am moving up!"
      },
      {
        "id": "gs_3DbHcmdrHmQhKJ6HSpWdfbhT",
        "name": "EzSnek",
        "latency": "8",
        "health": 77,
        "body": [
          {
            "x": 6,
            "y": 3
          },
          {
            "x": 6,
            "y": 4
          },
          {
            "x": 5,
            "y": 4
          },
          {
            "x": 5,
            "y": 5
          },
          {
            "x": 6,
            "y": 5
          }
        ],
        "head": {
          "x": 6,
          "y": 3
        },
        "length": 5,
        "shout": ""
      }
    ],
    "food": [
      {
        "x": 0,
        "y": 2
      },
      {
        "x": 6,
        "y": 8
      },
      {
        "x": 2,
        "y": 8
      },
      {
        "x": 4,
        "y": 7
      },
      {
        "x": 5,
        "y": 2
      },
      {
        "x": 3,
        "y": 5
      },
      {
        "x": 2,
        "y": 5
      },
      {
        "x": 10,
        "y": 9
      },
      {
        "x": 10,
        "y": 4
      }
    ],
    "you": {
      "id": "gs_PjKQC4JbpWPyhmDgP8STTfV4",
      "name": "Jormungand 0.1.0",
      "latency": "53",
      "health": 71,
      "body": [
        {
          "x": 7,
          "y": 0
        },
        {
          "x": 7,
          "y": 1
        },
        {
          "x": 8,
          "y": 1
        }
      ],
      "head": {
        "x": 7,
        "y": 0
      },
      "length": 3,
      "shout": "I am moving up!"
    },
    "snakeId": "gs_PjKQC4JbpWPyhmDgP8STTfV4",
    "name": "Jormungand 0.1.0",
    "latency": "53",
    "health": 71,
    "body": [
      {
        "x": 7,
        "y": 0
      },
      {
        "x": 7,
        "y": 1
      },
      {
        "x": 8,
        "y": 1
      }
    ],
    "head": {
      "x": 7,
      "y": 0
    },
    "length": 3,
    "shout": "I am moving up!"
  },
  {
    "gameId": "71007007-93b5-47fe-884f-dcc7e1f61133",
    "ruleset": {
      "name": "royale",
      "version": "v1.0.17"
    },
    "timeout": 600,
    "turn": 30,
    "width": 11,
    "height": 11,
    "snakes": [
      {
        "id": "gs_PjKQC4JbpWPyhmDgP8STTfV4",
        "name": "Jormungand 0.1.0",
        "latency": "50",
        "health": 70,
        "body": [
          {
            "x": 6,
            "y": 0
          },
          {
            "x": 7,
            "y": 0
          },
          {
            "x": 7,
            "y": 1
          }
        ],
        "head": {
          "x": 6,
          "y": 0
        },
        "length": 3,
        "shout": "I am moving up!"
      },
      {
        "id": "gs_3DbHcmdrHmQhKJ6HSpWdfbhT",
        "name": "EzSnek",
        "latency": "10",
        "health": 76,
        "body": [
          {
            "x": 5,
            "y": 3
          },
          {
            "x": 6,
            "y": 3
          },
          {
            "x": 6,
            "y": 4
          },
          {
            "x": 5,
            "y": 4
          },
          {
            "x": 5,
            "y": 5
          }
        ],
        "head": {
          "x": 5,
          "y": 3
        },
        "length": 5,
        "shout": ""
      }
    ],
    "food": [
      {
        "x": 0,
        "y": 2
      },
      {
        "x": 6,
        "y": 8
      },
      {
        "x": 2,
        "y": 8
      },
      {
        "x": 4,
        "y": 7
      },
      {
        "x": 5,
        "y": 2
      },
      {
        "x": 3,
        "y": 5
      },
      {
        "x": 2,
        "y": 5
      },
      {
        "x": 10,
        "y": 9
      },
      {
        "x": 10,
        "y": 4
      }
    ],
    "you": {
      "id": "gs_PjKQC4JbpWPyhmDgP8STTfV4",
      "name": "Jormungand 0.1.0",
      "latency": "50",
      "health": 70,
      "body": [
        {
          "x": 6,
          "y": 0
        },
        {
          "x": 7,
          "y": 0
        },
        {
          "x": 7,
          "y": 1
        }
      ],
      "head": {
        "x": 6,
        "y": 0
      },
      "length": 3,
      "shout": "I am moving up!"
    },
    "snakeId": "gs_PjKQC4JbpWPyhmDgP8STTfV4",
    "name": "Jormungand 0.1.0",
    "latency": "50",
    "health": 70,
    "body": [
      {
        "x": 6,
        "y": 0
      },
      {
        "x": 7,
        "y": 0
      },
      {
        "x": 7,
        "y": 1
      }
    ],
    "head": {
      "x": 6,
      "y": 0
    },
    "length": 3,
    "shout": "I am moving up!"
  },
  {
    "gameId": "71007007-93b5-47fe-884f-dcc7e1f61133",
    "ruleset": {
      "name": "royale",
      "version": "v1.0.17"
    },
    "timeout": 600,
    "turn": 31,
    "width": 11,
    "height": 11,
    "snakes": [
      {
        "id": "gs_PjKQC4JbpWPyhmDgP8STTfV4",
        "name": "Jormungand 0.1.0",
        "latency": "49",
        "health": 69,
        "body": [
          {
            "x": 6,
            "y": 1
          },
          {
            "x": 6,
            "y": 0
          },
          {
            "x": 7,
            "y": 0
          }
        ],
        "head": {
          "x": 6,
          "y": 1
        },
        "length": 3,
        "shout": "I am moving up!"
      },
      {
        "id": "gs_3DbHcmdrHmQhKJ6HSpWdfbhT",
        "name": "EzSnek",
        "latency": "8",
        "health": 100,
        "body": [
          {
            "x": 5,
            "y": 2
          },
          {
            "x": 5,
            "y": 3
          },
          {
            "x": 6,
            "y": 3
          },
          {
            "x": 6,
            "y": 4
          },
          {
            "x": 5,
            "y": 4
          },
          {
            "x": 5,
            "y": 4
          }
        ],
        "head": {
          "x": 5,
          "y": 2
        },
        "length": 6,
        "shout": ""
      }
    ],
    "food": [
      {
        "x": 0,
        "y": 2
      },
      {
        "x": 6,
        "y": 8
      },
      {
        "x": 2,
        "y": 8
      },
      {
        "x": 4,
        "y": 7
      },
      {
        "x": 3,
        "y": 5
      },
      {
        "x": 2,
        "y": 5
      },
      {
        "x": 10,
        "y": 9
      },
      {
        "x": 10,
        "y": 4
      }
    ],
    "you": {
      "id": "gs_PjKQC4JbpWPyhmDgP8STTfV4",
      "name": "Jormungand 0.1.0",
      "latency": "49",
      "health": 69,
      "body": [
        {
          "x": 6,
          "y": 1
        },
        {
          "x": 6,
          "y": 0
        },
        {
          "x": 7,
          "y": 0
        }
      ],
      "head": {
        "x": 6,
        "y": 1
      },
      "length": 3,
      "shout": "I am moving up!"
    },
    "snakeId": "gs_PjKQC4JbpWPyhmDgP8STTfV4",
    "name": "Jormungand 0.1.0",
    "latency": "49",
    "health": 69,
    "body": [
      {
        "x": 6,
        "y": 1
      },
      {
        "x": 6,
        "y": 0
      },
      {
        "x": 7,
        "y": 0
      }
    ],
    "head": {
      "x": 6,
      "y": 1
    },
    "length": 3,
    "shout": "I am moving up!"
  },
  {
    "gameId": "71007007-93b5-47fe-884f-dcc7e1f61133",
    "ruleset": {
      "name": "royale",
      "version": "v1.0.17"
    },
    "timeout": 600,
    "turn": 32,
    "width": 11,
    "height": 11,
    "snakes": [
      {
        "id": "gs_PjKQC4JbpWPyhmDgP8STTfV4",
        "name": "Jormungand 0.1.0",
        "latency": "50",
        "health": 68,
        "body": [
          {
            "x": 7,
            "y": 1
          },
          {
            "x": 6,
            "y": 1
          },
          {
            "x": 6,
            "y": 0
          }
        ],
        "head": {
          "x": 7,
          "y": 1
        },
        "length": 3,
        "shout": "I am moving up!"
      },
      {
        "id": "gs_3DbHcmdrHmQhKJ6HSpWdfbhT",
        "name": "EzSnek",
        "latency": "8",
        "health": 99,
        "body": [
          {
            "x": 6,
            "y": 2
          },
          {
            "x": 5,
            "y": 2
          },
          {
            "x": 5,
            "y": 3
          },
          {
            "x": 6,
            "y": 3
          },
          {
            "x": 6,
            "y": 4
          },
          {
            "x": 5,
            "y": 4
          }
        ],
        "head": {
          "x": 6,
          "y": 2
        },
        "length": 6,
        "shout": ""
      }
    ],
    "food": [
      {
        "x": 0,
        "y": 2
      },
      {
        "x": 6,
        "y": 8
      },
      {
        "x": 2,
        "y": 8
      },
      {
        "x": 4,
        "y": 7
      },
      {
        "x": 3,
        "y": 5
      },
      {
        "x": 2,
        "y": 5
      },
      {
        "x": 10,
        "y": 9
      },
      {
        "x": 10,
        "y": 4
      }
    ],
    "you": {
      "id": "gs_PjKQC4JbpWPyhmDgP8STTfV4",
      "name": "Jormungand 0.1.0",
      "latency": "50",
      "health": 68,
      "body": [
        {
          "x": 7,
          "y": 1
        },
        {
          "x": 6,
          "y": 1
        },
        {
          "x": 6,
          "y": 0
        }
      ],
      "head": {
        "x": 7,
        "y": 1
      },
      "length": 3,
      "shout": "I am moving up!"
    },
    "snakeId": "gs_PjKQC4JbpWPyhmDgP8STTfV4",
    "name": "Jormungand 0.1.0",
    "latency": "50",
    "health": 68,
    "body": [
      {
        "x": 7,
        "y": 1
      },
      {
        "x": 6,
        "y": 1
      },
      {
        "x": 6,
        "y": 0
      }
    ],
    "head": {
      "x": 7,
      "y": 1
    },
    "length": 3,
    "shout": "I am moving up!"
  },
  {
    "gameId": "71007007-93b5-47fe-884f-dcc7e1f61133",
    "ruleset": {
      "name": "royale",
      "version": "v1.0.17"
    },
    "timeout": 600,
    "turn": 33,
    "width": 11,
    "height": 11,
    "snakes": [
      {
        "id": "gs_PjKQC4JbpWPyhmDgP8STTfV4",
        "name": "Jormungand 0.1.0",
        "latency": "49",
        "health": 67,
        "body": [
          {
            "x": 8,
            "y": 1
          },
          {
            "x": 7,
            "y": 1
          },
          {
            "x": 6,
            "y": 1
          }
        ],
        "head": {
          "x": 8,
          "y": 1
        },
        "length": 3,
        "shout": "I am moving up!"
      },
      {
        "id": "gs_3DbHcmdrHmQhKJ6HSpWdfbhT",
        "name": "EzSnek",
        "latency": "8",
        "health": 98,
        "body": [
          {
            "x": 7,
            "y": 2
          },
          {
            "x": 6,
            "y": 2
          },
          {
            "x": 5,
            "y": 2
          },
          {
            "x": 5,
            "y": 3
          },
          {
            "x": 6,
            "y": 3
          },
          {
            "x": 6,
            "y": 4
          }
        ],
        "head": {
          "x": 7,
          "y": 2
        },
        "length": 6,
        "shout": ""
      }
    ],
    "food": [
      {
        "x": 0,
        "y": 2
      },
      {
        "x": 6,
        "y": 8
      },
      {
        "x": 2,
        "y": 8
      },
      {
        "x": 4,
        "y": 7
      },
      {
        "x": 3,
        "y": 5
      },
      {
        "x": 2,
        "y": 5
      },
      {
        "x": 10,
        "y": 9
      },
      {
        "x": 10,
        "y": 4
      }
    ],
    "you": {
      "id": "gs_PjKQC4JbpWPyhmDgP8STTfV4",
      "name": "Jormungand 0.1.0",
      "latency": "49",
      "health": 67,
      "body": [
        {
          "x": 8,
          "y": 1
        },
        {
          "x": 7,
          "y": 1
        },
        {
          "x": 6,
          "y": 1
        }
      ],
      "head": {
        "x": 8,
        "y": 1
      },
      "length": 3,
      "shout": "I am moving up!"
    },
    "snakeId": "gs_PjKQC4JbpWPyhmDgP8STTfV4",
    "name": "Jormungand 0.1.0",
    "latency": "49",
    "health": 67,
    "body": [
      {
        "x": 8,
        "y": 1
      },
      {
        "x": 7,
        "y": 1
      },
      {
        "x": 6,
        "y": 1
      }
    ],
    "head": {
      "x": 8,
      "y": 1
    },
    "length": 3,
    "shout": "I am moving up!"
  },
  {
    "gameId": "71007007-93b5-47fe-884f-dcc7e1f61133",
    "ruleset": {
      "name": "royale",
      "version": "v1.0.17"
    },
    "timeout": 600,
    "turn": 34,
    "width": 11,
    "height": 11,
    "snakes": [
      {
        "id": "gs_PjKQC4JbpWPyhmDgP8STTfV4",
        "name": "Jormungand 0.1.0",
        "latency": "49",
        "health": 66,
        "body": [
          {
            "x": 9,
            "y": 1
          },
          {
            "x": 8,
            "y": 1
          },
          {
            "x": 7,
            "y": 1
          }
        ],
        "head": {
          "x": 9,
          "y": 1
        },
        "length": 3,
        "shout": "I am moving up!"
      },
      {
        "id": "gs_3DbHcmdrHmQhKJ6HSpWdfbhT",
        "name": "EzSnek",
        "latency": "7",
        "health": 97,
        "body": [
          {
            "x": 8,
            "y": 2
          },
          {
            "x": 7,
            "y": 2
          },
          {
            "x": 6,
            "y": 2
          },
          {
            "x": 5,
            "y": 2
          },
          {
            "x": 5,
            "y": 3
          },
          {
            "x": 6,
            "y": 3
          }
        ],
        "head": {
          "x": 8,
          "y": 2
        },
        "length": 6,
        "shout": ""
      }
    ],
    "food": [
      {
        "x": 0,
        "y": 2
      },
      {
        "x": 6,
        "y": 8
      },
      {
        "x": 2,
        "y": 8
      },
      {
        "x": 4,
        "y": 7
      },
      {
        "x": 3,
        "y": 5
      },
      {
        "x": 2,
        "y": 5
      },
      {
        "x": 10,
        "y": 9
      },
      {
        "x": 10,
        "y": 4
      }
    ],
    "you": {
      "id": "gs_PjKQC4JbpWPyhmDgP8STTfV4",
      "name": "Jormungand 0.1.0",
      "latency": "49",
      "health": 66,
      "body": [
        {
          "x": 9,
          "y": 1
        },
        {
          "x": 8,
          "y": 1
        },
        {
          "x": 7,
          "y": 1
        }
      ],
      "head": {
        "x": 9,
        "y": 1
      },
      "length": 3,
      "shout": "I am moving up!"
    },
    "snakeId": "gs_PjKQC4JbpWPyhmDgP8STTfV4",
    "name": "Jormungand 0.1.0",
    "latency": "49",
    "health": 66,
    "body": [
      {
        "x": 9,
        "y": 1
      },
      {
        "x": 8,
        "y": 1
      },
      {
        "x": 7,
        "y": 1
      }
    ],
    "head": {
      "x": 9,
      "y": 1
    },
    "length": 3,
    "shout": "I am moving up!"
  },
  {
    "gameId": "71007007-93b5-47fe-884f-dcc7e1f61133",
    "ruleset": {
      "name": "royale",
      "version": "v1.0.17"
    },
    "timeout": 600,
    "turn": 35,
    "width": 11,
    "height": 11,
    "snakes": [
      {
        "id": "gs_PjKQC4JbpWPyhmDgP8STTfV4",
        "name": "Jormungand 0.1.0",
        "latency": "49",
        "health": 65,
        "body": [
          {
            "x": 9,
            "y": 0
          },
          {
            "x": 9,
            "y": 1
          },
          {
            "x": 8,
            "y": 1
          }
        ],
        "head": {
          "x": 9,
          "y": 0
        },
        "length": 3,
        "shout": "I am moving up!"
      },
      {
        "id": "gs_3DbHcmdrHmQhKJ6HSpWdfbhT",
        "name": "EzSnek",
        "latency": "7",
        "health": 96,
        "body": [
          {
            "x": 9,
            "y": 2
          },
          {
            "x": 8,
            "y": 2
          },
          {
            "x": 7,
            "y": 2
          },
          {
            "x": 6,
            "y": 2
          },
          {
            "x": 5,
            "y": 2
          },
          {
            "x": 5,
            "y": 3
          }
        ],
        "head": {
          "x": 9,
          "y": 2
        },
        "length": 6,
        "shout": ""
      }
    ],
    "food": [
      {
        "x": 0,
        "y": 2
      },
      {
        "x": 6,
        "y": 8
      },
      {
        "x": 2,
        "y": 8
      },
      {
        "x": 4,
        "y": 7
      },
      {
        "x": 3,
        "y": 5
      },
      {
        "x": 2,
        "y": 5
      },
      {
        "x": 10,
        "y": 9
      },
      {
        "x": 10,
        "y": 4
      },
      {
        "x": 4,
        "y": 5
      }
    ],
    "you": {
      "id": "gs_PjKQC4JbpWPyhmDgP8STTfV4",
      "name": "Jormungand 0.1.0",
      "latency": "49",
      "health": 65,
      "body": [
        {
          "x": 9,
          "y": 0
        },
        {
          "x": 9,
          "y": 1
        },
        {
          "x": 8,
          "y": 1
        }
      ],
      "head": {
        "x": 9,
        "y": 0
      },
      "length": 3,
      "shout": "I am moving up!"
    },
    "snakeId": "gs_PjKQC4JbpWPyhmDgP8STTfV4",
    "name": "Jormungand 0.1.0",
    "latency": "49",
    "health": 65,
    "body": [
      {
        "x": 9,
        "y": 0
      },
      {
        "x": 9,
        "y": 1
      },
      {
        "x": 8,
        "y": 1
      }
    ],
    "head": {
      "x": 9,
      "y": 0
    },
    "length": 3,
    "shout": "I am moving up!"
  },
  {
    "gameId": "71007007-93b5-47fe-884f-dcc7e1f61133",
    "ruleset": {
      "name": "royale",
      "version": "v1.0.17"
    },
    "timeout": 600,
    "turn": 36,
    "width": 11,
    "height": 11,
    "snakes": [
      {
        "id": "gs_PjKQC4JbpWPyhmDgP8STTfV4",
        "name": "Jormungand 0.1.0",
        "latency": "49",
        "health": 64,
        "body": [
          {
            "x": 10,
            "y": 0
          },
          {
            "x": 9,
            "y": 0
          },
          {
            "x": 9,
            "y": 1
          }
        ],
        "head": {
          "x": 10,
          "y": 0
        },
        "length": 3,
        "shout": "I am moving up!"
      },
      {
        "id": "gs_3DbHcmdrHmQhKJ6HSpWdfbhT",
        "name": "EzSnek",
        "latency": "17",
        "health": 95,
        "body": [
          {
            "x": 10,
            "y": 2
          },
          {
            "x": 9,
            "y": 2
          },
          {
            "x": 8,
            "y": 2
          },
          {
            "x": 7,
            "y": 2
          },
          {
            "x": 6,
            "y": 2
          },
          {
            "x": 5,
            "y": 2
          }
        ],
        "head": {
          "x": 10,
          "y": 2
        },
        "length": 6,
        "shout": ""
      }
    ],
    "food": [
      {
        "x": 0,
        "y": 2
      },
      {
        "x": 6,
        "y": 8
      },
      {
        "x": 2,
        "y": 8
      },
      {
        "x": 4,
        "y": 7
      },
      {
        "x": 3,
        "y": 5
      },
      {
        "x": 2,
        "y": 5
      },
      {
        "x": 10,
        "y": 9
      },
      {
        "x": 10,
        "y": 4
      },
      {
        "x": 4,
        "y": 5
      }
    ],
    "you": {
      "id": "gs_PjKQC4JbpWPyhmDgP8STTfV4",
      "name": "Jormungand 0.1.0",
      "latency": "49",
      "health": 64,
      "body": [
        {
          "x": 10,
          "y": 0
        },
        {
          "x": 9,
          "y": 0
        },
        {
          "x": 9,
          "y": 1
        }
      ],
      "head": {
        "x": 10,
        "y": 0
      },
      "length": 3,
      "shout": "I am moving up!"
    },
    "snakeId": "gs_PjKQC4JbpWPyhmDgP8STTfV4",
    "name": "Jormungand 0.1.0",
    "latency": "49",
    "health": 64,
    "body": [
      {
        "x": 10,
        "y": 0
      },
      {
        "x": 9,
        "y": 0
      },
      {
        "x": 9,
        "y": 1
      }
    ],
    "head": {
      "x": 10,
      "y": 0
    },
    "length": 3,
    "shout": "I am moving up!"
  }
]