[
  {
    "gameId": "83d5e627-b127-4e12-9174-3a29b10d7545",
    "ruleset": {
      "name": "royale",
      "version": "v1.0.17"
    },
    "timeout": 600,
    "turn": 0,
    "width": 11,
    "height": 11,
    "snakes": [
      {
        "id": "gs_pfJqtbpSbdWKbwjHBYSJFPgG",
        "name": "Jormungand 0.1.0",
        "latency": "",
        "health": 100,
        "body": [
          {
            "x": 9,
            "y": 5
          },
          {
            "x": 9,
            "y": 5
          },
          {
            "x": 9,
            "y": 5
          }
        ],
        "head": {
          "x": 9,
          "y": 5
        },
        "length": 3,
        "shout": ""
      },
      {
        "id": "gs_6J4fcBWMCxkDTyqpyFPMCMrY",
        "name": "hungry hungry carlos",
        "latency": "",
        "health": 100,
        "body": [
          {
            "x": 9,
            "y": 1
          },
          {
            "x": 9,
            "y": 1
          },
          {
            "x": 9,
            "y": 1
          }
        ],
        "head": {
          "x": 9,
          "y": 1
        },
        "length": 3,
        "shout": ""
      },
      {
        "id": "gs_8bftcdSrwrKW4StP9FcJTmh8",
        "name": "leshchenko-1",
        "latency": "",
        "health": 100,
        "body": [
          {
            "x": 5,
            "y": 1
          },
          {
            "x": 5,
            "y": 1
          },
          {
            "x": 5,
            "y": 1
          }
        ],
        "head": {
          "x": 5,
          "y": 1
        },
        "length": 3,
        "shout": ""
      },
      {
        "id": "gs_SFqqxGh3ty87MCT9DGCCfch9",
        "name": "Living Knot",
        "latency": "",
        "health": 100,
        "body": [
          {
            "x": 1,
            "y": 9
          },
          {
            "x": 1,
            "y": 9
          },
          {
            "x": 1,
            "y": 9
          }
        ],
        "head": {
          "x": 1,
          "y": 9
        },
        "length": 3,
        "shout": ""
      }
    ],
    "food": [
      {
        "x": 10,
        "y": 4
      },
      {
        "x": 10,
        "y": 0
      },
      {
        "x": 4,
        "y": 0
      },
      {
        "x": 0,
        "y": 10
      },
      {
        "x": 5,
        "y": 5
      }
    ],
    "you": {
      "id": "gs_pfJqtbpSbdWKbwjHBYSJFPgG",
      "name": "Jormungand 0.1.0",
      "latency": "",
      "health": 100,
      "body": [
        {
          "x": 9,
          "y": 5
        },
        {
          "x": 9,
          "y": 5
        },
        {
          "x": 9,
          "y": 5
        }
      ],
      "head": {
        "x": 9,
        "y": 5
      },
      "length": 3,
      "shout": ""
    },
    "snakeId": "gs_pfJqtbpSbdWKbwjHBYSJFPgG",
    "name": "Jormungand 0.1.0",
    "latency": "",
    "health": 100,
    "body": [
      {
        "x": 9,
        "y": 5
      },
      {
        "x": 9,
        "y": 5
      },
      {
        "x": 9,
        "y": 5
      }
    ],
    "head": {
      "x": 9,
      "y": 5
    },
    "length": 3,
    "shout": ""
  },
  {
    "gameId": "83d5e627-b127-4e12-9174-3a29b10d7545",
    "ruleset": {
      "name": "royale",
      "version": "v1.0.17"
    },
    "timeout": 600,
    "turn": 0,
    "width": 11,
    "height": 11,
    "snakes": [
      {
        "id": "gs_pfJqtbpSbdWKbwjHBYSJFPgG",
        "name": "Jormungand 0.1.0",
        "latency": "",
        "health": 100,
        "body": [
          {
            "x": 9,
            "y": 5
          },
          {
            "x": 9,
            "y": 5
          },
          {
            "x": 9,
            "y": 5
          }
        ],
        "head": {
          "x": 9,
          "y": 5
        },
        "length": 3,
        "shout": ""
      },
      {
        "id": "gs_6J4fcBWMCxkDTyqpyFPMCMrY",
        "name": "hungry hungry carlos",
        "latency": "",
        "health": 100,
        "body": [
          {
            "x": 9,
            "y": 1
          },
          {
            "x": 9,
            "y": 1
          },
          {
            "x": 9,
            "y": 1
          }
        ],
        "head": {
          "x": 9,
          "y": 1
        },
        "length": 3,
        "shout": ""
      },
      {
        "id": "gs_8bftcdSrwrKW4StP9FcJTmh8",
        "name": "leshchenko-1",
        "latency": "",
        "health": 100,
        "body": [
          {
            "x": 5,
            "y": 1
          },
          {
            "x": 5,
            "y": 1
          },
          {
            "x": 5,
            "y": 1
          }
        ],
        "head": {
          "x": 5,
          "y": 1
        },
        "length": 3,
        "shout": ""
      },
      {
        "id": "gs_SFqqxGh3ty87MCT9DGCCfch9",
        "name": "Living Knot",
        "latency": "",
        "health": 100,
        "body": [
          {
            "x": 1,
            "y": 9
          },
          {
            "x": 1,
            "y": 9
          },
          {
            "x": 1,
            "y": 9
          }
        ],
        "head": {
          "x": 1,
          "y": 9
        },
        "length": 3,
        "shout": ""
      }
    ],
    "food": [
      {
        "x": 10,
        "y": 4
      },
      {
        "x": 10,
        "y": 0
      },
      {
        "x": 4,
        "y": 0
      },
      {
        "x": 0,
        "y": 10
      },
      {
        "x": 5,
        "y": 5
      }
    ],
    "you": {
      "id": "gs_pfJqtbpSbdWKbwjHBYSJFPgG",
      "name": "Jormungand 0.1.0",
      "latency": "",
      "health": 100,
      "body": [
        {
          "x": 9,
          "y": 5
        },
        {
          "x": 9,
          "y": 5
        },
        {
          "x": 9,
          "y": 5
        }
      ],
      "head": {
        "x": 9,
        "y": 5
      },
      "length": 3,
      "shout": ""
    },
    "snakeId": "gs_pfJqtbpSbdWKbwjHBYSJFPgG",
    "name": "Jormungand 0.1.0",
    "latency": "",
    "health": 100,
    "body": [
      {
        "x": 9,
        "y": 5
      },
      {
        "x": 9,
        "y": 5
      },
      {
        "x": 9,
        "y": 5
      }
    ],
    "head": {
      "x": 9,
      "y": 5
    },
    "length": 3,
    "shout": ""
  },
  {
    "gameId": "83d5e627-b127-4e12-9174-3a29b10d7545",
    "ruleset": {
      "name": "royale",
      "version": "v1.0.17"
    },
    "timeout": 600,
    "turn": 1,
    "width": 11,
    "height": 11,
    "snakes": [
      {
        "id": "gs_pfJqtbpSbdWKbwjHBYSJFPgG",
        "name": "Jormungand 0.1.0",
        "latency": "103",
        "health": 99,
        "body": [
          {
            "x": 8,
            "y": 5
          },
          {
            "x": 9,
            "y": 5
          },
          {
            "x": 9,
            "y": 5
          }
        ],
        "head": {
          "x": 8,
          "y": 5
        },
        "length": 3,
        "shout": "I am moving up!"
      },
      {
        "id": "gs_6J4fcBWMCxkDTyqpyFPMCMrY",
        "name": "hungry hungry carlos",
        "latency": "420",
        "health": 99,
        "body": [
          {
            "x": 9,
            "y": 0
          },
          {
            "x": 9,
            "y": 1
          },
          {
            "x": 9,
            "y": 1
          }
        ],
        "head": {
          "x": 9,
          "y": 0
        },
        "length": 3,
        "shout": ""
      },
      {
        "id": "gs_8bftcdSrwrKW4StP9FcJTmh8",
        "name": "leshchenko-1",
        "latency": "0",
        "health": 99,
        "body": [
          {
            "x": 5,
            "y": 2
          },
          {
            "x": 5,
            "y": 1
          },
          {
            "x": 5,
            "y": 1
          }
        ],
        "head": {
          "x": 5,
          "y": 2
        },
        "length": 3,
        "shout": ""
      },
      {
        "id": "gs_SFqqxGh3ty87MCT9DGCCfch9",
        "name": "Living Knot",
        "latency": "359",
        "health": 99,
        "body": [
          {
            "x": 0,
            "y": 9
          },
          {
            "x": 1,
            "y": 9
          },
          {
            "x": 1,
            "y": 9
          }
        ],
        "head": {
          "x": 0,
          "y": 9
        },
        "length": 3,
        "shout": ""
      }
    ],
    "food": [
      {
        "x": 10,
        "y": 4
      },
      {
        "x": 10,
        "y": 0
      },
      {
        "x": 4,
        "y": 0
      },
      {
        "x": 0,
        "y": 10
      },
      {
        "x": 5,
        "y": 5
      }
    ],
    "you": {
      "id": "gs_pfJqtbpSbdWKbwjHBYSJFPgG",
      "name": "Jormungand 0.1.0",
      "latency": "103",
      "health": 99,
      "body": [
        {
          "x": 8,
          "y": 5
        },
        {
          "x": 9,
          "y": 5
        },
        {
          "x": 9,
          "y": 5
        }
      ],
      "head": {
        "x": 8,
        "y": 5
      },
      "length": 3,
      "shout": "I am moving up!"
    },
    "snakeId": "gs_pfJqtbpSbdWKbwjHBYSJFPgG",
    "name": "Jormungand 0.1.0",
    "latency": "103",
    "health": 99,
    "body": [
      {
        "x": 8,
        "y": 5
      },
      {
        "x": 9,
        "y": 5
      },
      {
        "x": 9,
        "y": 5
      }
    ],
    "head": {
      "x": 8,
      "y": 5
    },
    "length": 3,
    "shout": "I am moving up!"
  },
  {
    "gameId": "83d5e627-b127-4e12-9174-3a29b10d7545",
    "ruleset": {
      "name": "royale",
      "version": "v1.0.17"
    },
    "timeout": 600,
    "turn": 2,
    "width": 11,
    "height": 11,
    "snakes": [
      {
        "id": "gs_pfJqtbpSbdWKbwjHBYSJFPgG",
        "name": "Jormungand 0.1.0",
        "latency": "49",
        "health": 98,
        "body": [
          {
            "x": 7,
            "y": 5
          },
          {
            "x": 8,
            "y": 5
          },
          {
            "x": 9,
            "y": 5
          }
        ],
        "head": {
          "x": 7,
          "y": 5
        },
        "length": 3,
        "shout": "I am moving up!"
      },
      {
        "id": "gs_6J4fcBWMCxkDTyqpyFPMCMrY",
        "name": "hungry hungry carlos",
        "latency": "237",
        "health": 100,
        "body": [
          {
            "x": 10,
            "y": 0
          },
          {
            "x": 9,
            "y": 0
          },
          {
            "x": 9,
            "y": 1
          },
          {
            "x": 9,
            "y": 1
          }
        ],
        "head": {
          "x": 10,
          "y": 0
        },
        "length": 4,
        "shout": ""
      },
      {
        "id": "gs_8bftcdSrwrKW4StP9FcJTmh8",
        "name": "leshchenko-1",
        "latency": "597",
        "health": 98,
        "body": [
          {
            "x": 5,
            "y": 3
          },
          {
            "x": 5,
            "y": 2
          },
          {
            "x": 5,
            "y": 1
          }
        ],
        "head": {
          "x": 5,
          "y": 3
        },
        "length": 3,
        "shout": ""
      },
      {
        "id": "gs_SFqqxGh3ty87MCT9DGCCfch9",
        "name": "Living Knot",
        "latency": "180",
        "health": 100,
        "body": [
          {
            "x": 0,
            "y": 10
          },
          {
            "x": 0,
            "y": 9
          },
          {
            "x": 1,
            "y": 9
          },
          {
            "x": 1,
            "y": 9
          }
        ],
        "head": {
          "x": 0,
          "y": 10
        },
        "length": 4,
        "shout": ""
      }
    ],
    "food": [
      {
        "x": 10,
        "y": 4
      },
      {
        "x": 4,
        "y": 0
      },
      {
        "x": 5,
        "y": 5
      }
    ],
    "you": {
      "id": "gs_pfJqtbpSbdWKbwjHBYSJFPgG",
      "name": "Jormungand 0.1.0",
      "latency": "49",
      "health": 98,
      "body": [
        {
          "x": 7,
          "y": 5
        },
        {
          "x": 8,
          "y": 5
        },
        {
          "x": 9,
          "y": 5
        }
      ],
      "head": {
        "x": 7,
        "y": 5
      },
      "length": 3,
      "shout": "I am moving up!"
    },
    "snakeId": "gs_pfJqtbpSbdWKbwjHBYSJFPgG",
    "name": "Jormungand 0.1.0",
    "latency": "49",
    "health": 98,
    "body": [
      {
        "x": 7,
        "y": 5
      },
      {
        "x": 8,
        "y": 5
      },
      {
        "x": 9,
        "y": 5
      }
    ],
    "head": {
      "x": 7,
      "y": 5
    },
    "length": 3,
    "shout": "I am moving up!"
  },
  {
    "gameId": "83d5e627-b127-4e12-9174-3a29b10d7545",
    "ruleset": {
      "name": "royale",
      "version": "v1.0.17"
    },
    "timeout": 600,
    "turn": 3,
    "width": 11,
    "height": 11,
    "snakes": [
      {
        "id": "gs_pfJqtbpSbdWKbwjHBYSJFPgG",
        "name": "Jormungand 0.1.0",
        "latency": "49",
        "health": 97,
        "body": [
          {
            "x": 7,
            "y": 6
          },
          {
            "x": 7,
            "y": 5
          },
          {
            "x": 8,
            "y": 5
          }
        ],
        "head": {
          "x": 7,
          "y": 6
        },
        "length": 3,
        "shout": "I am moving up!"
      },
      {
        "id": "gs_6J4fcBWMCxkDTyqpyFPMCMrY",
        "name": "hungry hungry carlos",
        "latency": "237",
        "health": 99,
        "body": [
          {
            "x": 10,
            "y": 1
          },
          {
            "x": 10,
            "y": 0
          },
          {
            "x": 9,
            "y": 0
          },
          {
            "x": 9,
            "y": 1
          }
        ],
        "head": {
          "x": 10,
          "y": 1
        },
        "length": 4,
        "shout": ""
      },
      {
        "id": "gs_8bftcdSrwrKW4StP9FcJTmh8",
        "name": "leshchenko-1",
        "latency": "410",
        "health": 97,
        "body": [
          {
            "x": 4,
            "y": 3
          },
          {
            "x": 5,
            "y": 3
          },
          {
            "x": 5,
            "y": 2
          }
        ],
        "head": {
          "x": 4,
          "y": 3
        },
        "length": 3,
        "shout": ""
      },
      {
        "id": "gs_SFqqxGh3ty87MCT9DGCCfch9",
        "name": "Living Knot",
        "latency": "185",
        "health": 99,
        "body": [
          {
            "x": 1,
            "y": 10
          },
          {
            "x": 0,
            "y": 10
          },
          {
            "x": 0,
            "y": 9
          },
          {
            "x": 1,
            "y": 9
          }
        ],
        "head": {
          "x": 1,
          "y": 10
        },
        "length": 4,
        "shout": ""
      }
    ],
    "food": [
      {
        "x": 10,
        "y": 4
      },
      {
        "x": 4,
        "y": 0
      },
      {
        "x": 5,
        "y": 5
      }
    ],
    "you": {
      "id": "gs_pfJqtbpSbdWKbwjHBYSJFPgG",
      "name": "Jormungand 0.1.0",
      "latency": "49",
      "health": 97,
      "body": [
        {
          "x": 7,
          "y": 6
        },
        {
          "x": 7,
          "y": 5
        },
        {
          "x": 8,
          "y": 5
        }
      ],
      "head": {
        "x": 7,
        "y": 6
      },
      "length": 3,
      "shout": "I am moving up!"
    },
    "snakeId": "gs_pfJqtbpSbdWKbwjHBYSJFPgG",
    "name": "Jormungand 0.1.0",
    "latency": "49",
    "health": 97,
    "body": [
      {
        "x": 7,
        "y": 6
      },
      {
        "x": 7,
        "y": 5
      },
      {
        "x": 8,
        "y": 5
      }
    ],
    "head": {
      "x": 7,
      "y": 6
    },
    "length": 3,
    "shout": "I am moving up!"
  },
  {
    "gameId": "83d5e627-b127-4e12-9174-3a29b10d7545",
    "ruleset": {
      "name": "royale",
      "version": "v1.0.17"
    },
    "timeout": 600,
    "turn": 4,
    "width": 11,
    "height": 11,
    "snakes": [
      {
        "id": "gs_pfJqtbpSbdWKbwjHBYSJFPgG",
        "name": "Jormungand 0.1.0",
        "latency": "52",
        "health": 96,
        "body": [
          {
            "x": 6,
            "y": 6
          },
          {
            "x": 7,
            "y": 6
          },
          {
            "x": 7,
            "y": 5
          }
        ],
        "head": {
          "x": 6,
          "y": 6
        },
        "length": 3,
        "shout": "I am moving up!"
      },
      {
        "id": "gs_6J4fcBWMCxkDTyqpyFPMCMrY",
        "name": "hungry hungry carlos",
        "latency": "218",
        "health": 98,
        "body": [
          {
            "x": 10,
            "y": 2
          },
          {
            "x": 10,
            "y": 1
          },
          {
            "x": 10,
            "y": 0
          },
          {
            "x": 9,
            "y": 0
          }
        ],
        "head": {
          "x": 10,
          "y": 2
        },
        "length": 4,
        "shout": ""
      },
      {
        "id": "gs_8bftcdSrwrKW4StP9FcJTmh8",
        "name": "leshchenko-1",
        "latency": "453",
        "health": 96,
        "body": [
          {
            "x": 3,
            "y": 3
          },
          {
            "x": 4,
            "y": 3
          },
          {
            "x": 5,
            "y": 3
          }
        ],
        "head": {
          "x": 3,
          "y": 3
        },
        "length": 3,
        "shout": ""
      },
      {
        "id": "gs_SFqqxGh3ty87MCT9DGCCfch9",
        "name": "Living Knot",
        "latency": "181",
        "health": 98,
        "body": [
          {
            "x": 2,
            "y": 10
          },
          {
            "x": 1,
            "y": 10
          },
          {
            "x": 0,
            "y": 10
          },
          {
            "x": 0,
            "y": 9
          }
        ],
        "head": {
          "x": 2,
          "y": 10
        },
        "length": 4,
        "shout": ""
      }
    ],
    "food": [
      {
        "x": 10,
        "y": 4
      },
      {
        "x": 4,
        "y": 0
      },
      {
        "x": 5,
        "y": 5
      }
    ],
    "you": {
      "id": "gs_pfJqtbpSbdWKbwjHBYSJFPgG",
      "name": "Jormungand 0.1.0",
      "latency": "52",
      "health": 96,
      "body": [
        {
          "x": 6,
          "y": 6
        },
        {
          "x": 7,
          "y": 6
        },
        {
          "x": 7,
          "y": 5
        }
      ],
      "head": {
        "x": 6,
        "y": 6
      },
      "length": 3,
      "shout": "I am moving up!"
    },
    "snakeId": "gs_pfJqtbpSbdWKbwjHBYSJFPgG",
    "name": "Jormungand 0.1.0",
    "latency": "52",
    "health": 96,
    "body": [
      {
        "x": 6,
        "y": 6
      },
      {
        "x": 7,
        "y": 6
      },
      {
        "x": 7,
        "y": 5
      }
    ],
    "head": {
      "x": 6,
      "y": 6
    },
    "length": 3,
    "shout": "I am moving up!"
  },
  {
    "gameId": "83d5e627-b127-4e12-9174-3a29b10d7545",
    "ruleset": {
      "name": "royale",
      "version": "v1.0.17"
    },
    "timeout": 600,
    "turn": 5,
    "width": 11,
    "height": 11,
    "snakes": [
      {
        "id": "gs_pfJqtbpSbdWKbwjHBYSJFPgG",
        "name": "Jormungand 0.1.0",
        "latency": "49",
        "health": 95,
        "body": [
          {
            "x": 6,
            "y": 5
          },
          {
            "x": 6,
            "y": 6
          },
          {
            "x": 7,
            "y": 6
          }
        ],
        "head": {
          "x": 6,
          "y": 5
        },
        "length": 3,
        "shout": "I am moving up!"
      },
      {
        "id": "gs_6J4fcBWMCxkDTyqpyFPMCMrY",
        "name": "hungry hungry carlos",
        "latency": "244",
        "health": 97,
        "body": [
          {
            "x": 10,
            "y": 3
          },
          {
            "x": 10,
            "y": 2
          },
          {
            "x": 10,
            "y": 1
          },
          {
            "x": 10,
            "y": 0
          }
        ],
        "head": {
          "x": 10,
          "y": 3
        },
        "length": 4,
        "shout": ""
      },
      {
        "id": "gs_8bftcdSrwrKW4StP9FcJTmh8",
        "name": "leshchenko-1",
        "latency": "380",
        "health": 95,
        "body": [
          {
            "x": 2,
            "y": 3
          },
          {
            "x": 3,
            "y": 3
          },
          {
            "x": 4,
            "y": 3
          }
        ],
        "head": {
          "x": 2,
          "y": 3
        },
        "length": 3,
        "shout": ""
      },
      {
        "id": "gs_SFqqxGh3ty87MCT9DGCCfch9",
        "name": "Living Knot",
        "latency": "189",
        "health": 97,
        "body": [
          {
            "x": 2,
            "y": 9
          },
          {
            "x": 2,
            "y": 10
          },
          {
            "x": 1,
            "y": 10
          },
          {
            "x": 0,
            "y": 10
          }
        ],
        "head": {
          "x": 2,
          "y": 9
        },
        "length": 4,
        "shout": ""
      }
    ],
    "food": [
      {
        "x": 10,
        "y": 4
      },
      {
        "x": 4,
        "y": 0
      },
      {
        "x": 5,
        "y": 5
      }
    ],
    "you": {
      "id": "gs_pfJqtbpSbdWKbwjHBYSJFPgG",
      "name": "Jormungand 0.1.0",
      "latency": "49",
      "health": 95,
      "body": [
        {
          "x": 6,
          "y": 5
        },
        {
          "x": 6,
          "y": 6
        },
        {
          "x": 7,
          "y": 6
        }
      ],
      "head": {
        "x": 6,
        "y": 5
      },
      "length": 3,
      "shout": "I am moving up!"
    },
    "snakeId": "gs_pfJqtbpSbdWKbwjHBYSJFPgG",
    "name": "Jormungand 0.1.0",
    "latency": "49",
    "health": 95,
    "body": [
      {
        "x": 6,
        "y": 5
      },
      {
        "x": 6,
        "y": 6
      },
      {
        "x": 7,
        "y": 6
      }
    ],
    "head": {
      "x": 6,
      "y": 5
    },
    "length": 3,
    "shout": "I am moving up!"
  },
  {
    "gameId": "83d5e627-b127-4e12-9174-3a29b10d7545",
    "ruleset": {
      "name": "royale",
      "version": "v1.0.17"
    },
    "timeout": 600,
    "turn": 6,
    "width": 11,
    "height": 11,
    "snakes": [
      {
        "id": "gs_pfJqtbpSbdWKbwjHBYSJFPgG",
        "name": "Jormungand 0.1.0",
        "latency": "49",
        "health": 94,
        "body": [
          {
            "x": 7,
            "y": 5
          },
          {
            "x": 6,
            "y": 5
          },
          {
            "x": 6,
            "y": 6
          }
        ],
        "head": {
          "x": 7,
          "y": 5
        },
        "length": 3,
        "shout": "I am moving up!"
      },
      {
        "id": "gs_6J4fcBWMCxkDTyqpyFPMCMrY",
        "name": "hungry hungry carlos",
        "latency": "218",
        "health": 100,
        "body": [
          {
            "x": 10,
            "y": 4
          },
          {
            "x": 10,
            "y": 3
          },
          {
            "x": 10,
            "y": 2
          },
          {
            "x": 10,
            "y": 1
          },
          {
            "x": 10,
            "y": 1
          }
        ],
        "head": {
          "x": 10,
          "y": 4
        },
        "length": 5,
        "shout": ""
      },
      {
        "id": "gs_8bftcdSrwrKW4StP9FcJTmh8",
        "name": "leshchenko-1",
        "latency": "304",
        "health": 94,
        "body": [
          {
            "x": 1,
            "y": 3
          },
          {
            "x": 2,
            "y": 3
          },
          {
            "x": 3,
            "y": 3
          }
        ],
        "head": {
          "x": 1,
          "y": 3
        },
        "length": 3,
        "shout": ""
      },
      {
        "id": "gs_SFqqxGh3ty87MCT9DGCCfch9",
        "name": "Living Knot",
        "latency": "200",
        "health": 96,
        "body": [
          {
            "x": 3,
            "y": 9
          },
          {
            "x": 2,
            "y": 9
          },
          {
            "x": 2,
            "y": 10
          },
          {
            "x": 1,
            "y": 10
          }
        ],
        "head": {
          "x": 3,
          "y": 9
        },
        "length": 4,
        "shout": ""
      }
    ],
    "food": [
      {
        "x": 4,
        "y": 0
      },
      {
        "x": 5,
        "y": 5
      }
    ],
    "you": {
      "id": "gs_pfJqtbpSbdWKbwjHBYSJFPgG",
      "name": "Jormungand 0.1.0",
      "latency": "49",
      "health": 94,
      "body": [
        {
          "x": 7,
          "y": 5
        },
        {
          "x": 6,
          "y": 5
        },
        {
          "x": 6,
          "y": 6
        }
      ],
      "head": {
        "x": 7,
        "y": 5
      },
      "length": 3,
      "shout": "I am moving up!"
    },
    "snakeId": "gs_pfJqtbpSbdWKbwjHBYSJFPgG",
    "name": "Jormungand 0.1.0",
    "latency": "49",
    "health": 94,
    "body": [
      {
        "x": 7,
        "y": 5
      },
      {
        "x": 6,
        "y": 5
      },
      {
        "x": 6,
        "y": 6
      }
    ],
    "head": {
      "x": 7,
      "y": 5
    },
    "length": 3,
    "shout": "I am moving up!"
  },
  {
    "gameId": "83d5e627-b127-4e12-9174-3a29b10d7545",
    "ruleset": {
      "name": "royale",
      "version": "v1.0.17"
    },
    "timeout": 600,
    "turn": 7,
    "width": 11,
    "height": 11,
    "snakes": [
      {
        "id": "gs_pfJqtbpSbdWKbwjHBYSJFPgG",
        "name": "Jormungand 0.1.0",
        "latency": "49",
        "health": 93,
        "body": [
          {
            "x": 8,
            "y": 5
          },
          {
            "x": 7,
            "y": 5
          },
          {
            "x": 6,
            "y": 5
          }
        ],
        "head": {
          "x": 8,
          "y": 5
        },
        "length": 3,
        "shout": "I am moving up!"
      },
      {
        "id": "gs_6J4fcBWMCxkDTyqpyFPMCMrY",
        "name": "hungry hungry carlos",
        "latency": "220",
        "health": 99,
        "body": [
          {
            "x": 10,
            "y": 5
          },
          {
            "x": 10,
            "y": 4
          },
          {
            "x": 10,
            "y": 3
          },
          {
            "x": 10,
            "y": 2
          },
          {
            "x": 10,
            "y": 1
          }
        ],
        "head": {
          "x": 10,
          "y": 5
        },
        "length": 5,
        "shout": ""
      },
      {
        "id": "gs_8bftcdSrwrKW4StP9FcJTmh8",
        "name": "leshchenko-1",
        "latency": "257",
        "health": 93,
        "body": [
          {
            "x": 1,
            "y": 4
          },
          {
            "x": 1,
            "y": 3
          },
          {
            "x": 2,
            "y": 3
          }
        ],
        "head": {
          "x": 1,
          "y": 4
        },
        "length": 3,
        "shout": ""
      },
      {
        "id": "gs_SFqqxGh3ty87MCT9DGCCfch9",
        "name": "Living Knot",
        "latency": "190",
        "health": 95,
        "body": [
          {
            "x": 3,
            "y": 8
          },
          {
            "x": 3,
            "y": 9
          },
          {
            "x": 2,
            "y": 9
          },
          {
            "x": 2,
            "y": 10
          }
        ],
        "head": {
          "x": 3,
          "y": 8
        },
        "length": 4,
        "shout": ""
      }
    ],
    "food": [
      {
        "x": 4,
        "y": 0
      },
      {
        "x": 5,
        "y": 5
      }
    ],
    "you": {
      "id": "gs_pfJqtbpSbdWKbwjHBYSJFPgG",
      "name": "Jormungand 0.1.0",
      "latency": "49",
      "health": 93,
      "body": [
        {
          "x": 8,
          "y": 5
        },
        {
          "x": 7,
          "y": 5
        },
        {
          "x": 6,
          "y": 5
        }
      ],
      "head": {
        "x": 8,
        "y": 5
      },
      "length": 3,
      "shout": "I am moving up!"
    },
    "snakeId": "gs_pfJqtbpSbdWKbwjHBYSJFPgG",
    "name": "Jormungand 0.1.0",
    "latency": "49",
    "health": 93,
    "body": [
      {
        "x": 8,
        "y": 5
      },
      {
        "x": 7,
        "y": 5
      },
      {
        "x": 6,
        "y": 5
      }
    ],
    "head": {
      "x": 8,
      "y": 5
    },
    "length": 3,
    "shout": "I am moving up!"
  },
  {
    "gameId": "83d5e627-b127-4e12-9174-3a29b10d7545",
    "ruleset": {
      "name": "royale",
      "version": "v1.0.17"
    },
    "timeout": 600,
    "turn": 8,
    "width": 11,
    "height": 11,
    "snakes": [
      {
        "id": "gs_pfJqtbpSbdWKbwjHBYSJFPgG",
        "name": "Jormungand 0.1.0",
        "latency": "49",
        "health": 92,
        "body": [
          {
            "x": 8,
            "y": 4
          },
          {
            "x": 8,
            "y": 5
          },
          {
            "x": 7,
            "y": 5
          }
        ],
        "head": {
          "x": 8,
          "y": 4
        },
        "length": 3,
        "shout": "I am moving up!"
      },
      {
        "id": "gs_6J4fcBWMCxkDTyqpyFPMCMrY",
        "name": "hungry hungry carlos",
        "latency": "242",
        "health": 98,
        "body": [
          {
            "x": 9,
            "y": 5
          },
          {
            "x": 10,
            "y": 5
          },
          {
            "x": 10,
            "y": 4
          },
          {
            "x": 10,
            "y": 3
          },
          {
            "x": 10,
            "y": 2
          }
        ],
        "head": {
          "x": 9,
          "y": 5
        },
        "length": 5,
        "shout": ""
      },
      {
        "id": "gs_8bftcdSrwrKW4StP9FcJTmh8",
        "name": "leshchenko-1",
        "latency": "308",
        "health": 92,
        "body": [
          {
            "x": 1,
            "y": 5
          },
          {
            "x": 1,
            "y": 4
          },
          {
            "x": 1,
            "y": 3
          }
        ],
        "head": {
          "x": 1,
          "y": 5
        },
        "length": 3,
        "shout": ""
      },
      {
        "id": "gs_SFqqxGh3ty87MCT9DGCCfch9",
        "name": "Living Knot",
        "latency": "196",
        "health": 94,
        "body": [
          {
            "x": 3,
            "y": 7
          },
          {
            "x": 3,
            "y": 8
          },
          {
            "x": 3,
            "y": 9
          },
          {
            "x": 2,
            "y": 9
          }
        ],
        "head": {
          "x": 3,
          "y": 7
        },
        "length": 4,
        "shout": ""
      }
    ],
    "food": [
      {
        "x": 4,
        "y": 0
      },
      {
        "x": 5,
        "y": 5
      }
    ],
    "you": {
      "id": "gs_pfJqtbpSbdWKbwjHBYSJFPgG",
      "name": "Jormungand 0.1.0",
      "latency": "49",
      "health": 92,
      "body": [
        {
          "x": 8,
          "y": 4
        },
        {
          "x": 8,
          "y": 5
        },
        {
          "x": 7,
          "y": 5
        }
      ],
      "head": {
        "x": 8,
        "y": 4
      },
      "length": 3,
      "shout": "I am moving up!"
    },
    "snakeId": "gs_pfJqtbpSbdWKbwjHBYSJFPgG",
    "name": "Jormungand 0.1.0",
    "latency": "49",
    "health": 92,
    "body": [
      {
        "x": 8,
        "y": 4
      },
      {
        "x": 8,
        "y": 5
      },
      {
        "x": 7,
        "y": 5
      }
    ],
    "head": {
      "x": 8,
      "y": 4
    },
    "length": 3,
    "shout": "I am moving up!"
  },
  {
    "gameId": "83d5e627-b127-4e12-9174-3a29b10d7545",
    "ruleset": {
      "name": "royale",
      "version": "v1.0.17"
    },
    "timeout": 600,
    "turn": 9,
    "width": 11,
    "height": 11,
    "snakes": [
      {
        "id": "gs_pfJqtbpSbdWKbwjHBYSJFPgG",
        "name": "Jormungand 0.1.0",
        "latency": "49",
        "health": 91,
        "body": [
          {
            "x": 8,
            "y": 3
          },
          {
            "x": 8,
            "y": 4
          },
          {
            "x": 8,
            "y": 5
          }
        ],
        "head": {
          "x": 8,
          "y": 3
        },
        "length": 3,
        "shout": "I am moving up!"
      },
      {
        "id": "gs_6J4fcBWMCxkDTyqpyFPMCMrY",
        "name": "hungry hungry carlos",
        "latency": "248",
        "health": 97,
        "body": [
          {
            "x": 9,
            "y": 4
          },
          {
            "x": 9,
            "y": 5
          },
          {
            "x": 10,
            "y": 5
          },
          {
            "x": 10,
            "y": 4
          },
          {
            "x": 10,
            "y": 3
          }
        ],
        "head": {
          "x": 9,
          "y": 4
        },
        "length": 5,
        "shout": ""
      },
      {
        "id": "gs_8bftcdSrwrKW4StP9FcJTmh8",
        "name": "leshchenko-1",
        "latency": "260",
        "health": 91,
        "body": [
          {
            "x": 1,
            "y": 6
          },
          {
            "x": 1,
            "y": 5
          },
          {
            "x": 1,
            "y": 4
          }
        ],
        "head": {
          "x": 1,
          "y": 6
        },
        "length": 3,
        "shout": ""
      },
      {
        "id": "gs_SFqqxGh3ty87MCT9DGCCfch9",
        "name": "Living Knot",
        "latency": "187",
        "health": 93,
        "body": [
          {
            "x": 4,
            "y": 7
          },
          {
            "x": 3,
            "y": 7
          },
          {
            "x": 3,
            "y": 8
          },
          {
            "x": 3,
            "y": 9
          }
        ],
        "head": {
          "x": 4,
          "y": 7
        },
        "length": 4,
        "shout": ""
      }
    ],
    "food": [
      {
        "x": 4,
        "y": 0
      },
      {
        "x": 5,
        "y": 5
      }
    ],
    "you": {
      "id": "gs_pfJqtbpSbdWKbwjHBYSJFPgG",
      "name": "Jormungand 0.1.0",
      "latency": "49",
      "health": 91,
      "body": [
        {
          "x": 8,
          "y": 3
        },
        {
          "x": 8,
          "y": 4
        },
        {
          "x": 8,
          "y": 5
        }
      ],
      "head": {
        "x": 8,
        "y": 3
      },
      "length": 3,
      "shout": "I am moving up!"
    },
    "snakeId": "gs_pfJqtbpSbdWKbwjHBYSJFPgG",
    "name": "Jormungand 0.1.0",
    "latency": "49",
    "health": 91,
    "body": [
      {
        "x": 8,
        "y": 3
      },
      {
        "x": 8,
        "y": 4
      },
      {
        "x": 8,
        "y": 5
      }
    ],
    "head": {
      "x": 8,
      "y": 3
    },
    "length": 3,
    "shout": "I am moving up!"
  },
  {
    "gameId": "83d5e627-b127-4e12-9174-3a29b10d7545",
    "ruleset": {
      "name": "royale",
      "version": "v1.0.17"
    },
    "timeout": 600,
    "turn": 10,
    "width": 11,
    "height": 11,
    "snakes": [
      {
        "id": "gs_pfJqtbpSbdWKbwjHBYSJFPgG",
        "name": "Jormungand 0.1.0",
        "latency": "49",
        "health": 90,
        "body": [
          {
            "x": 7,
            "y": 3
          },
          {
            "x": 8,
            "y": 3
          },
          {
            "x": 8,
            "y": 4
          }
        ],
        "head": {
          "x": 7,
          "y": 3
        },
        "length": 3,
        "shout": "I am moving up!"
      },
      {
        "id": "gs_6J4fcBWMCxkDTyqpyFPMCMrY",
        "name": "hungry hungry carlos",
        "latency": "237",
        "health": 96,
        "body": [
          {
            "x": 9,
            "y": 3
          },
          {
            "x": 9,
            "y": 4
          },
          {
            "x": 9,
            "y": 5
          },
          {
            "x": 10,
            "y": 5
          },
          {
            "x": 10,
            "y": 4
          }
        ],
        "head": {
          "x": 9,
          "y": 3
        },
        "length": 5,
        "shout": ""
      },
      {
        "id": "gs_8bftcdSrwrKW4StP9FcJTmh8",
        "name": "leshchenko-1",
        "latency": "265",
        "health": 90,
        "body": [
          {
            "x": 1,
            "y": 7
          },
          {
            "x": 1,
            "y": 6
          },
          {
            "x": 1,
            "y": 5
          }
        ],
        "head": {
          "x": 1,
          "y": 7
        },
        "length": 3,
        "shout": ""
      },
      {
        "id": "gs_SFqqxGh3ty87MCT9DGCCfch9",
        "name": "Living Knot",
        "latency": "199",
        "health": 92,
        "body": [
          {
            "x": 4,
            "y": 6
          },
          {
            "x": 4,
            "y": 7
          },
          {
            "x": 3,
            "y": 7
          },
          {
            "x": 3,
            "y": 8
          }
        ],
        "head": {
          "x": 4,
          "y": 6
        },
        "length": 4,
        "shout": ""
      }
    ],
    "food": [
      {
        "x": 4,
        "y": 0
      },
      {
        "x": 5,
        "y": 5
      }
    ],
    "you": {
      "id": "gs_pfJqtbpSbdWKbwjHBYSJFPgG",
      "name": "Jormungand 0.1.0",
      "latency": "49",
      "health": 90,
      "body": [
        {
          "x": 7,
          "y": 3
        },
        {
          "x": 8,
          "y": 3
        },
        {
          "x": 8,
          "y": 4
        }
      ],
      "head": {
        "x": 7,
        "y": 3
      },
      "length": 3,
      "shout": "I am moving up!"
    },
    "snakeId": "gs_pfJqtbpSbdWKbwjHBYSJFPgG",
    "name": "Jormungand 0.1.0",
    "latency": "49",
    "health": 90,
    "body": [
      {
        "x": 7,
        "y": 3
      },
      {
        "x": 8,
        "y": 3
      },
      {
        "x": 8,
        "y": 4
      }
    ],
    "head": {
      "x": 7,
      "y": 3
    },
    "length": 3,
    "shout": "I am moving up!"
  },
  {
    "gameId": "83d5e627-b127-4e12-9174-3a29b10d7545",
    "ruleset": {
      "name": "royale",
      "version": "v1.0.17"
    },
    "timeout": 600,
    "turn": 11,
    "width": 11,
    "height": 11,
    "snakes": [
      {
        "id": "gs_pfJqtbpSbdWKbwjHBYSJFPgG",
        "name": "Jormungand 0.1.0",
        "latency": "49",
        "health": 89,
        "body": [
          {
            "x": 7,
            "y": 4
          },
          {
            "x": 7,
            "y": 3
          },
          {
            "x": 8,
            "y": 3
          }
        ],
        "head": {
          "x": 7,
          "y": 4
        },
        "length": 3,
        "shout": "I am moving up!"
      },
      {
        "id": "gs_6J4fcBWMCxkDTyqpyFPMCMrY",
        "name": "hungry hungry carlos",
        "latency": "236",
        "health": 95,
        "body": [
          {
            "x": 9,
            "y": 2
          },
          {
            "x": 9,
            "y": 3
          },
          {
            "x": 9,
            "y": 4
          },
          {
            "x": 9,
            "y": 5
          },
          {
            "x": 10,
            "y": 5
          }
        ],
        "head": {
          "x": 9,
          "y": 2
        },
        "length": 5,
        "shout": ""
      },
      {
        "id": "gs_8bftcdSrwrKW4StP9FcJTmh8",
        "name": "leshchenko-1",
        "latency": "212",
        "health": 89,
        "body": [
          {
            "x": 1,
            "y": 8
          },
          {
            "x": 1,
            "y": 7
          },
          {
            "x": 1,
            "y": 6
          }
        ],
        "head": {
          "x": 1,
          "y": 8
        },
        "length": 3,
        "shout": ""
      },
      {
        "id": "gs_SFqqxGh3ty87MCT9DGCCfch9",
        "name": "Living Knot",
        "latency": "182",
        "health": 91,
        "body": [
          {
            "x": 5,
            "y": 6
          },
          {
            "x": 4,
            "y": 6
          },
          {
            "x": 4,
            "y": 7
          },
          {
            "x": 3,
            "y": 7
          }
        ],
        "head": {
          "x": 5,
          "y": 6
        },
        "length": 4,
        "shout": ""
      }
    ],
    "food": [
      {
        "x": 4,
        "y": 0
      },
      {
        "x": 5,
        "y": 5
      }
    ],
    "you": {
      "id": "gs_pfJqtbpSbdWKbwjHBYSJFPgG",
      "name": "Jormungand 0.1.0",
      "latency": "49",
      "health": 89,
      "body": [
        {
          "x": 7,
          "y": 4
        },
        {
          "x": 7,
          "y": 3
        },
        {
          "x": 8,
          "y": 3
        }
      ],
      "head": {
        "x": 7,
        "y": 4
      },
      "length": 3,
      "shout": "I am moving up!"
    },
    "snakeId": "gs_pfJqtbpSbdWKbwjHBYSJFPgG",
    "name": "Jormungand 0.1.0",
    "latency": "49",
    "health": 89,
    "body": [
      {
        "x": 7,
        "y": 4
      },
      {
        "x": 7,
        "y": 3
      },
      {
        "x": 8,
        "y": 3
      }
    ],
    "head": {
      "x": 7,
      "y": 4
    },
    "length": 3,
    "shout": "I am moving up!"
  },
  {
    "gameId": "83d5e627-b127-4e12-9174-3a29b10d7545",
    "ruleset": {
      "name": "royale",
      "version": "v1.0.17"
    },
    "timeout": 600,
    "turn": 12,
    "width": 11,
    "height": 11,
    "snakes": [
      {
        "id": "gs_pfJqtbpSbdWKbwjHBYSJFPgG",
        "name": "Jormungand 0.1.0",
        "latency": "49",
        "health": 88,
        "body": [
          {
            "x": 8,
            "y": 4
          },
          {
            "x": 7,
            "y": 4
          },
          {
            "x": 7,
            "y": 3
          }
        ],
        "head": {
          "x": 8,
          "y": 4
        },
        "length": 3,
        "shout": "I am moving up!"
      },
      {
        "id": "gs_6J4fcBWMCxkDTyqpyFPMCMrY",
        "name": "hungry hungry carlos",
        "latency": "229",
        "health": 94,
        "body": [
          {
            "x": 8,
            "y": 2
          },
          {
            "x": 9,
            "y": 2
          },
          {
            "x": 9,
            "y": 3
          },
          {
            "x": 9,
            "y": 4
          },
          {
            "x": 9,
            "y": 5
          }
        ],
        "head": {
          "x": 8,
          "y": 2
        },
        "length": 5,
        "shout": ""
      },
      {
        "id": "gs_8bftcdSrwrKW4StP9FcJTmh8",
        "name": "leshchenko-1",
        "latency": "214",
        "health": 88,
        "body": [
          {
            "x": 1,
            "y": 9
          },
          {
            "x": 1,
            "y": 8
          },
          {
            "x": 1,
            "y": 7
          }
        ],
        "head": {
          "x": 1,
          "y": 9
        },
        "length": 3,
        "shout": ""
      },
      {
        "id": "gs_SFqqxGh3ty87MCT9DGCCfch9",
        "name": "Living Knot",
        "latency": "204",
        "health": 100,
        "body": [
          {
            "x": 5,
            "y": 5
          },
          {
            "x": 5,
            "y": 6
          },
          {
            "x": 4,
            "y": 6
          },
          {
            "x": 4,
            "y": 7
          },
          {
            "x": 4,
            "y": 7
          }
        ],
        "head": {
          "x": 5,
          "y": 5
        },
        "length": 5,
        "shout": ""
      }
    ],
    "food": [
      {
        "x": 4,
        "y": 0
      }
    ],
    "you": {
      "id": "gs_pfJqtbpSbdWKbwjHBYSJFPgG",
      "name": "Jormungand 0.1.0",
      "latency": "49",
      "health": 88,
      "body": [
        {
          "x": 8,
          "y": 4
        },
        {
          "x": 7,
          "y": 4
        },
        {
          "x": 7,
          "y": 3
        }
      ],
      "head": {
        "x": 8,
        "y": 4
      },
      "length": 3,
      "shout": "I am moving up!"
    },
    "snakeId": "gs_pfJqtbpSbdWKbwjHBYSJFPgG",
    "name": "Jormungand 0.1.0",
    "latency": "49",
    "health": 88,
    "body": [
      {
        "x": 8,
        "y": 4
      },
      {
        "x": 7,
        "y": 4
      },
      {
        "x": 7,
        "y": 3
      }
    ],
    "head": {
      "x": 8,
      "y": 4
    },
    "length": 3,
    "shout": "I am moving up!"
  },
  {
    "gameId": "83d5e627-b127-4e12-9174-3a29b10d7545",
    "ruleset": {
      "name": "royale",
      "version": "v1.0.17"
    },
    "timeout": 600,
    "turn": 13,
    "width": 11,
    "height": 11,
    "snakes": [
      {
        "id": "gs_pfJqtbpSbdWKbwjHBYSJFPgG",
        "name": "Jormungand 0.1.0",
        "latency": "49",
        "health": 87,
        "body": [
          {
            "x": 8,
            "y": 5
          },
          {
            "x": 8,
            "y": 4
          },
          {
            "x": 7,
            "y": 4
          }
        ],
        "head": {
          "x": 8,
          "y": 5
        },
        "length": 3,
        "shout": "I am moving up!"
      },
      {
        "id": "gs_6J4fcBWMCxkDTyqpyFPMCMrY",
        "name": "hungry hungry carlos",
        "latency": "221",
        "health": 93,
        "body": [
          {
            "x": 8,
            "y": 1
          },
          {
            "x": 8,
            "y": 2
          },
          {
            "x": 9,
            "y": 2
          },
          {
            "x": 9,
            "y": 3
          },
          {
            "x": 9,
            "y": 4
          }
        ],
        "head": {
          "x": 8,
          "y": 1
        },
        "length": 5,
        "shout": ""
      },
      {
        "id": "gs_8bftcdSrwrKW4StP9FcJTmh8",
        "name": "leshchenko-1",
        "latency": "235",
        "health": 87,
        "body": [
          {
            "x": 2,
            "y": 9
          },
          {
            "x": 1,
            "y": 9
          },
          {
            "x": 1,
            "y": 8
          }
        ],
        "head": {
          "x": 2,
          "y": 9
        },
        "length": 3,
        "shout": ""
      },
      {
        "id": "gs_SFqqxGh3ty87MCT9DGCCfch9",
        "name": "Living Knot",
        "latency": "198",
        "health": 99,
        "body": [
          {
            "x": 4,
            "y": 5
          },
          {
            "x": 5,
            "y": 5
          },
          {
            "x": 5,
            "y": 6
          },
          {
            "x": 4,
            "y": 6
          },
          {
            "x": 4,
            "y": 7
          }
        ],
        "head": {
          "x": 4,
          "y": 5
        },
        "length": 5,
        "shout": ""
      }
    ],
    "food": [
      {
        "x": 4,
        "y": 0
      },
      {
        "x": 3,
        "y": 1
      }
    ],
    "you": {
      "id": "gs_pfJqtbpSbdWKbwjHBYSJFPgG",
      "name": "Jormungand 0.1.0",
      "latency": "49",
      "health": 87,
      "body": [
        {
          "x": 8,
          "y": 5
        },
        {
          "x": 8,
          "y": 4
        },
        {
          "x": 7,
          "y": 4
        }
      ],
      "head": {
        "x": 8,
        "y": 5
      },
      "length": 3,
      "shout": "I am moving up!"
    },
    "snakeId": "gs_pfJqtbpSbdWKbwjHBYSJFPgG",
    "name": "Jormungand 0.1.0",
    "latency": "49",
    "health": 87,
    "body": [
      {
        "x": 8,
        "y": 5
      },
      {
        "x": 8,
        "y": 4
      },
      {
        "x": 7,
        "y": 4
      }
    ],
    "head": {
      "x": 8,
      "y": 5
    },
    "length": 3,
    "shout": "I am moving up!"
  },
  {
    "gameId": "83d5e627-b127-4e12-9174-3a29b10d7545",
    "ruleset": {
      "name": "royale",
      "version": "v1.0.17"
    },
    "timeout": 600,
    "turn": 14,
    "width": 11,
    "height": 11,
    "snakes": [
      {
        "id": "gs_pfJqtbpSbdWKbwjHBYSJFPgG",
        "name": "Jormungand 0.1.0",
        "latency": "49",
        "health": 86,
        "body": [
          {
            "x": 7,
            "y": 5
          },
          {
            "x": 8,
            "y": 5
          },
          {
            "x": 8,
            "y": 4
          }
        ],
        "head": {
          "x": 7,
          "y": 5
        },
        "length": 3,
        "shout": "I am moving up!"
      },
      {
        "id": "gs_6J4fcBWMCxkDTyqpyFPMCMrY",
        "name": "hungry hungry carlos",
        "latency": "252",
        "health": 92,
        "body": [
          {
            "x": 7,
            "y": 1
          },
          {
            "x": 8,
            "y": 1
          },
          {
            "x": 8,
            "y": 2
          },
          {
            "x": 9,
            "y": 2
          },
          {
            "x": 9,
            "y": 3
          }
        ],
        "head": {
          "x": 7,
          "y": 1
        },
        "length": 5,
        "shout": ""
      },
      {
        "id": "gs_8bftcdSrwrKW4StP9FcJTmh8",
        "name": "leshchenko-1",
        "latency": "239",
        "health": 86,
        "body": [
          {
            "x": 3,
            "y": 9
          },
          {
            "x": 2,
            "y": 9
          },
          {
            "x": 1,
            "y": 9
          }
        ],
        "head": {
          "x": 3,
          "y": 9
        },
        "length": 3,
        "shout": ""
      },
      {
        "id": "gs_SFqqxGh3ty87MCT9DGCCfch9",
        "name": "Living Knot",
        "latency": "191",
        "health": 98,
        "body": [
          {
            "x": 4,
            "y": 4
          },
          {
            "x": 4,
            "y": 5
          },
          {
            "x": 5,
            "y": 5
          },
          {
            "x": 5,
            "y": 6
          },
          {
            "x": 4,
            "y": 6
          }
        ],
        "head": {
          "x": 4,
          "y": 4
        },
        "length": 5,
        "shout": ""
      }
    ],
    "food": [
      {
        "x": 4,
        "y": 0
      },
      {
        "x": 3,
        "y": 1
      }
    ],
    "you": {
      "id": "gs_pfJqtbpSbdWKbwjHBYSJFPgG",
      "name": "Jormungand 0.1.0",
      "latency": "49",
      "health": 86,
      "body": [
        {
          "x": 7,
          "y": 5
        },
        {
          "x": 8,
          "y": 5
        },
        {
          "x": 8,
          "y": 4
        }
      ],
      "head": {
        "x": 7,
        "y": 5
      },
      "length": 3,
      "shout": "I am moving up!"
    },
    "snakeId": "gs_pfJqtbpSbdWKbwjHBYSJFPgG",
    "name": "Jormungand 0.1.0",
    "latency": "49",
    "health": 86,
    "body": [
      {
        "x": 7,
        "y": 5
      },
      {
        "x": 8,
        "y": 5
      },
      {
        "x": 8,
        "y": 4
      }
    ],
    "head": {
      "x": 7,
      "y": 5
    },
    "length": 3,
    "shout": "I am moving up!"
  },
  {
    "gameId": "83d5e627-b127-4e12-9174-3a29b10d7545",
    "ruleset": {
      "name": "royale",
      "version": "v1.0.17"
    },
    "timeout": 600,
    "turn": 15,
    "width": 11,
    "height": 11,
    "snakes": [
      {
        "id": "gs_pfJqtbpSbdWKbwjHBYSJFPgG",
        "name": "Jormungand 0.1.0",
        "latency": "49",
        "health": 85,
        "body": [
          {
            "x": 7,
            "y": 4
          },
          {
            "x": 7,
            "y": 5
          },
          {
            "x": 8,
            "y": 5
          }
        ],
        "head": {
          "x": 7,
          "y": 4
        },
        "length": 3,
        "shout": "I am moving up!"
      },
      {
        "id": "gs_6J4fcBWMCxkDTyqpyFPMCMrY",
        "name": "hungry hungry carlos",
        "latency": "251",
        "health": 91,
        "body": [
          {
            "x": 7,
            "y": 0
          },
          {
            "x": 7,
            "y": 1
          },
          {
            "x": 8,
            "y": 1
          },
          {
            "x": 8,
            "y": 2
          },
          {
            "x": 9,
            "y": 2
          }
        ],
        "head": {
          "x": 7,
          "y": 0
        },
        "length": 5,
        "shout": ""
      },
      {
        "id": "gs_8bftcdSrwrKW4StP9FcJTmh8",
        "name": "leshchenko-1",
        "latency": "271",
        "health": 85,
        "body": [
          {
            "x": 4,
            "y": 9
          },
          {
            "x": 3,
            "y": 9
          },
          {
            "x": 2,
            "y": 9
          }
        ],
        "head": {
          "x": 4,
          "y": 9
        },
        "length": 3,
        "shout": ""
      },
      {
        "id": "gs_SFqqxGh3ty87MCT9DGCCfch9",
        "name": "Living Knot",
        "latency": "198",
        "health": 97,
        "body": [
          {
            "x": 4,
            "y": 3
          },
          {
            "x": 4,
            "y": 4
          },
          {
            "x": 4,
            "y": 5
          },
          {
            "x": 5,
            "y": 5
          },
          {
            "x": 5,
            "y": 6
          }
        ],
        "head": {
          "x": 4,
          "y": 3
        },
        "length": 5,
        "shout": ""
      }
    ],
    "food": [
      {
        "x": 4,
        "y": 0
      },
      {
        "x": 3,
        "y": 1
      }
    ],
    "you": {
      "id": "gs_pfJqtbpSbdWKbwjHBYSJFPgG",
      "name": "Jormungand 0.1.0",
      "latency": "49",
      "health": 85,
      "body": [
        {
          "x": 7,
          "y": 4
        },
        {
          "x": 7,
          "y": 5
        },
        {
          "x": 8,
          "y": 5
        }
      ],
      "head": {
        "x": 7,
        "y": 4
      },
      "length": 3,
      "shout": "I am moving up!"
    },
    "snakeId": "gs_pfJqtbpSbdWKbwjHBYSJFPgG",
    "name": "Jormungand 0.1.0",
    "latency": "49",
    "health": 85,
    "body": [
      {
        "x": 7,
        "y": 4
      },
      {
        "x": 7,
        "y": 5
      },
      {
        "x": 8,
        "y": 5
      }
    ],
    "head": {
      "x": 7,
      "y": 4
    },
    "length": 3,
    "shout": "I am moving up!"
  },
  {
    "gameId": "83d5e627-b127-4e12-9174-3a29b10d7545",
    "ruleset": {
      "name": "royale",
      "version": "v1.0.17"
    },
    "timeout": 600,
    "turn": 16,
    "width": 11,
    "height": 11,
    "snakes": [
      {
        "id": "gs_pfJqtbpSbdWKbwjHBYSJFPgG",
        "name": "Jormungand 0.1.0",
        "latency": "52",
        "health": 84,
        "body": [
          {
            "x": 8,
            "y": 4
          },
          {
            "x": 7,
            "y": 4
          },
          {
            "x": 7,
            "y": 5
          }
        ],
        "head": {
          "x": 8,
          "y": 4
        },
        "length": 3,
        "shout": "I am moving up!"
      },
      {
        "id": "gs_6J4fcBWMCxkDTyqpyFPMCMrY",
        "name": "hungry hungry carlos",
        "latency": "219",
        "health": 90,
        "body": [
          {
            "x": 6,
            "y": 0
          },
          {
            "x": 7,
            "y": 0
          },
          {
            "x": 7,
            "y": 1
          },
          {
            "x": 8,
            "y": 1
          },
          {
            "x": 8,
            "y": 2
          }
        ],
        "head": {
          "x": 6,
          "y": 0
        },
        "length": 5,
        "shout": ""
      },
      {
        "id": "gs_8bftcdSrwrKW4StP9FcJTmh8",
        "name": "leshchenko-1",
        "latency": "278",
        "health": 84,
        "body": [
          {
            "x": 5,
            "y": 9
          },
          {
            "x": 4,
            "y": 9
          },
          {
            "x": 3,
            "y": 9
          }
        ],
        "head": {
          "x": 5,
          "y": 9
        },
        "length": 3,
        "shout": ""
      },
      {
        "id": "gs_SFqqxGh3ty87MCT9DGCCfch9",
        "name": "Living Knot",
        "latency": "192",
        "health": 96,
        "body": [
          {
            "x": 4,
            "y": 2
          },
          {
            "x": 4,
            "y": 3
          },
          {
            "x": 4,
            "y": 4
          },
          {
            "x": 4,
            "y": 5
          },
          {
            "x": 5,
            "y": 5
          }
        ],
        "head": {
          "x": 4,
          "y": 2
        },
        "length": 5,
        "shout": ""
      }
    ],
    "food": [
      {
        "x": 4,
        "y": 0
      },
      {
        "x": 3,
        "y": 1
      }
    ],
    "you": {
      "id": "gs_pfJqtbpSbdWKbwjHBYSJFPgG",
      "name": "Jormungand 0.1.0",
      "latency": "52",
      "health": 84,
      "body": [
        {
          "x": 8,
          "y": 4
        },
        {
          "x": 7,
          "y": 4
        },
        {
          "x": 7,
          "y": 5
        }
      ],
      "head": {
        "x": 8,
        "y": 4
      },
      "length": 3,
      "shout": "I am moving up!"
    },
    "snakeId": "gs_pfJqtbpSbdWKbwjHBYSJFPgG",
    "name": "Jormungand 0.1.0",
    "latency": "52",
    "health": 84,
    "body": [
      {
        "x": 8,
        "y": 4
      },
      {
        "x": 7,
        "y": 4
      },
      {
        "x": 7,
        "y": 5
      }
    ],
    "head": {
      "x": 8,
      "y": 4
    },
    "length": 3,
    "shout": "I am moving up!"
  },
  {
    "gameId": "83d5e627-b127-4e12-9174-3a29b10d7545",
    "ruleset": {
      "name": "royale",
      "version": "v1.0.17"
    },
    "timeout": 600,
    "turn": 17,
    "width": 11,
    "height": 11,
    "snakes": [
      {
        "id": "gs_pfJqtbpSbdWKbwjHBYSJFPgG",
        "name": "Jormungand 0.1.0",
        "latency": "49",
        "health": 83,
        "body": [
          {
            "x": 8,
            "y": 5
          },
          {
            "x": 8,
            "y": 4
          },
          {
            "x": 7,
            "y": 4
          }
        ],
        "head": {
          "x": 8,
          "y": 5
        },
        "length": 3,
        "shout": "I am moving up!"
      },
      {
        "id": "gs_6J4fcBWMCxkDTyqpyFPMCMrY",
        "name": "hungry hungry carlos",
        "latency": "248",
        "health": 89,
        "body": [
          {
            "x": 5,
            "y": 0
          },
          {
            "x": 6,
            "y": 0
          },
          {
            "x": 7,
            "y": 0
          },
          {
            "x": 7,
            "y": 1
          },
          {
            "x": 8,
            "y": 1
          }
        ],
        "head": {
          "x": 5,
          "y": 0
        },
        "length": 5,
        "shout": ""
      },
      {
        "id": "gs_8bftcdSrwrKW4StP9FcJTmh8",
        "name": "leshchenko-1",
        "latency": "352",
        "health": 83,
        "body": [
          {
            "x": 6,
            "y": 9
          },
          {
            "x": 5,
            "y": 9
          },
          {
            "x": 4,
            "y": 9
          }
        ],
        "head": {
          "x": 6,
          "y": 9
        },
        "length": 3,
        "shout": ""
      },
      {
        "id": "gs_SFqqxGh3ty87MCT9DGCCfch9",
        "name": "Living Knot",
        "latency": "204",
        "health": 95,
        "body": [
          {
            "x": 4,
            "y": 1
          },
          {
            "x": 4,
            "y": 2
          },
          {
            "x": 4,
            "y": 3
          },
          {
            "x": 4,
            "y": 4
          },
          {
            "x": 4,
            "y": 5
          }
        ],
        "head": {
          "x": 4,
          "y": 1
        },
        "length": 5,
        "shout": ""
      }
    ],
    "food": [
      {
        "x": 4,
        "y": 0
      },
      {
        "x": 3,
        "y": 1
      },
      {
        "x": 9,
        "y": 6
      }
    ],
    "you": {
      "id": "gs_pfJqtbpSbdWKbwjHBYSJFPgG",
      "name": "Jormungand 0.1.0",
      "latency": "49",
      "health": 83,
      "body": [
        {
          "x": 8,
          "y": 5
        },
        {
          "x": 8,
          "y": 4
        },
        {
          "x": 7,
          "y": 4
        }
      ],
      "head": {
        "x": 8,
        "y": 5
      },
      "length": 3,
      "shout": "I am moving up!"
    },
    "snakeId": "gs_pfJqtbpSbdWKbwjHBYSJFPgG",
    "name": "Jormungand 0.1.0",
    "latency": "49",
    "health": 83,
    "body": [
      {
        "x": 8,
        "y": 5
      },
      {
        "x": 8,
        "y": 4
      },
      {
        "x": 7,
        "y": 4
      }
    ],
    "head": {
      "x": 8,
      "y": 5
    },
    "length": 3,
    "shout": "I am moving up!"
  },
  {
    "gameId": "83d5e627-b127-4e12-9174-3a29b10d7545",
    "ruleset": {
      "name": "royale",
      "version": "v1.0.17"
    },
    "timeout": 600,
    "turn": 18,
    "width": 11,
    "height": 11,
    "snakes": [
      {
        "id": "gs_pfJqtbpSbdWKbwjHBYSJFPgG",
        "name": "Jormungand 0.1.0",
        "latency": "49",
        "health": 82,
        "body": [
          {
            "x": 7,
            "y": 5
          },
          {
            "x": 8,
            "y": 5
          },
          {
            "x": 8,
            "y": 4
          }
        ],
        "head": {
          "x": 7,
          "y": 5
        },
        "length": 3,
        "shout": "I am moving up!"
      },
      {
        "id": "gs_6J4fcBWMCxkDTyqpyFPMCMrY",
        "name": "hungry hungry carlos",
        "latency": "250",
        "health": 100,
        "body": [
          {
            "x": 4,
            "y": 0
          },
          {
            "x": 5,
            "y": 0
          },
          {
            "x": 6,
            "y": 0
          },
          {
            "x": 7,
            "y": 0
          },
          {
            "x": 7,
            "y": 1
          },
          {
            "x": 7,
            "y": 1
          }
        ],
        "head": {
          "x": 4,
          "y": 0
        },
        "length": 6,
        "shout": ""
      },
      {
        "id": "gs_8bftcdSrwrKW4StP9FcJTmh8",
        "name": "leshchenko-1",
        "latency": "303",
        "health": 82,
        "body": [
          {
            "x": 6,
            "y": 8
          },
          {
            "x": 6,
            "y": 9
          },
          {
            "x": 5,
            "y": 9
          }
        ],
        "head": {
          "x": 6,
          "y": 8
        },
        "length": 3,
        "shout": ""
      },
      {
        "id": "gs_SFqqxGh3ty87MCT9DGCCfch9",
        "name": "Living Knot",
        "latency": "205",
        "health": 100,
        "body": [
          {
            "x": 3,
            "y": 1
          },
          {
            "x": 4,
            "y": 1
          },
          {
            "x": 4,
            "y": 2
          },
          {
            "x": 4,
            "y": 3
          },
          {
            "x": 4,
            "y": 4
          },
          {
            "x": 4,
            "y": 4
          }
        ],
        "head": {
          "x": 3,
          "y": 1
        },
        "length": 6,
        "shout": ""
      }
    ],
    "food": [
      {
        "x": 9,
        "y": 6
      }
    ],
    "you": {
      "id": "gs_pfJqtbpSbdWKbwjHBYSJFPgG",
      "name": "Jormungand 0.1.0",
      "latency": "49",
      "health": 82,
      "body": [
        {
          "x": 7,
          "y": 5
        },
        {
          "x": 8,
          "y": 5
        },
        {
          "x": 8,
          "y": 4
        }
      ],
      "head": {
        "x": 7,
        "y": 5
      },
      "length": 3,
      "shout": "I am moving up!"
    },
    "snakeId": "gs_pfJqtbpSbdWKbwjHBYSJFPgG",
    "name": "Jormungand 0.1.0",
    "latency": "49",
    "health": 82,
    "body": [
      {
        "x": 7,
        "y": 5
      },
      {
        "x": 8,
        "y": 5
      },
      {
        "x": 8,
        "y": 4
      }
    ],
    "head": {
      "x": 7,
      "y": 5
    },
    "length": 3,
    "shout": "I am moving up!"
  },
  {
    "gameId": "83d5e627-b127-4e12-9174-3a29b10d7545",
    "ruleset": {
      "name": "royale",
      "version": "v1.0.17"
    },
    "timeout": 600,
    "turn": 19,
    "width": 11,
    "height": 11,
    "snakes": [
      {
        "id": "gs_pfJqtbpSbdWKbwjHBYSJFPgG",
        "name": "Jormungand 0.1.0",
        "latency": "49",
        "health": 81,
        "body": [
          {
            "x": 6,
            "y": 5
          },
          {
            "x": 7,
            "y": 5
          },
          {
            "x": 8,
            "y": 5
          }
        ],
        "head": {
          "x": 6,
          "y": 5
        },
        "length": 3,
        "shout": "I am moving up!"
      },
      {
        "id": "gs_8bftcdSrwrKW4StP9FcJTmh8",
        "name": "leshchenko-1",
        "latency": "360",
        "health": 81,
        "body": [
          {
            "x": 6,
            "y": 7
          },
          {
            "x": 6,
            "y": 8
          },
          {
            "x": 6,
            "y": 9
          }
        ],
        "head": {
          "x": 6,
          "y": 7
        },
        "length": 3,
        "shout": ""
      },
      {
        "id": "gs_SFqqxGh3ty87MCT9DGCCfch9",
        "name": "Living Knot",
        "latency": "199",
        "health": 99,
        "body": [
          {
            "x": 3,
            "y": 2
          },
          {
            "x": 3,
            "y": 1
          },
          {
            "x": 4,
            "y": 1
          },
          {
            "x": 4,
            "y": 2
          },
          {
            "x": 4,
            "y": 3
          },
          {
            "x": 4,
            "y": 4
          }
        ],
        "head": {
          "x": 3,
          "y": 2
        },
        "length": 6,
        "shout": ""
      }
    ],
    "food": [
      {
        "x": 9,
        "y": 6
      }
    ],
    "you": {
      "id": "gs_pfJqtbpSbdWKbwjHBYSJFPgG",
      "name": "Jormungand 0.1.0",
      "latency": "49",
      "health": 81,
      "body": [
        {
          "x": 6,
          "y": 5
        },
        {
          "x": 7,
          "y": 5
        },
        {
          "x": 8,
          "y": 5
        }
      ],
      "head": {
        "x": 6,
        "y": 5
      },
      "length": 3,
      "shout": "I am moving up!"
    },
    "snakeId": "gs_pfJqtbpSbdWKbwjHBYSJFPgG",
    "name": "Jormungand 0.1.0",
    "latency": "49",
    "health": 81,
    "body": [
      {
        "x": 6,
        "y": 5
      },
      {
        "x": 7,
        "y": 5
      },
      {
        "x": 8,
        "y": 5
      }
    ],
    "head": {
      "x": 6,
      "y": 5
    },
    "length": 3,
    "shout": "I am moving up!"
  },
  {
    "gameId": "83d5e627-b127-4e12-9174-3a29b10d7545",
    "ruleset": {
      "name": "royale",
      "version": "v1.0.17"
    },
    "timeout": 600,
    "turn": 20,
    "width": 11,
    "height": 11,
    "snakes": [
      {
        "id": "gs_pfJqtbpSbdWKbwjHBYSJFPgG",
        "name": "Jormungand 0.1.0",
        "latency": "49",
        "health": 80,
        "body": [
          {
            "x": 6,
            "y": 4
          },
          {
            "x": 6,
            "y": 5
          },
          {
            "x": 7,
            "y": 5
          }
        ],
        "head": {
          "x": 6,
          "y": 4
        },
        "length": 3,
        "shout": "I am moving up!"
      },
      {
        "id": "gs_8bftcdSrwrKW4StP9FcJTmh8",
        "name": "leshchenko-1",
        "latency": "403",
        "health": 80,
        "body": [
          {
            "x": 7,
            "y": 7
          },
          {
            "x": 6,
            "y": 7
          },
          {
            "x": 6,
            "y": 8
          }
        ],
        "head": {
          "x": 7,
          "y": 7
        },
        "length": 3,
        "shout": ""
      },
      {
        "id": "gs_SFqqxGh3ty87MCT9DGCCfch9",
        "name": "Living Knot",
        "latency": "222",
        "health": 98,
        "body": [
          {
            "x": 3,
            "y": 3
          },
          {
            "x": 3,
            "y": 2
          },
          {
            "x": 3,
            "y": 1
          },
          {
            "x": 4,
            "y": 1
          },
          {
            "x": 4,
            "y": 2
          },
          {
            "x": 4,
            "y": 3
          }
        ],
        "head": {
          "x": 3,
          "y": 3
        },
        "length": 6,
        "shout": ""
      }
    ],
    "food": [
      {
        "x": 9,
        "y": 6
      }
    ],
    "you": {
      "id": "gs_pfJqtbpSbdWKbwjHBYSJFPgG",
      "name": "Jormungand 0.1.0",
      "latency": "49",
      "health": 80,
      "body": [
        {
          "x": 6,
          "y": 4
        },
        {
          "x": 6,
          "y": 5
        },
        {
          "x": 7,
          "y": 5
        }
      ],
      "head": {
        "x": 6,
        "y": 4
      },
      "length": 3,
      "shout": "I am moving up!"
    },
    "snakeId": "gs_pfJqtbpSbdWKbwjHBYSJFPgG",
    "name": "Jormungand 0.1.0",
    "latency": "49",
    "health": 80,
    "body": [
      {
        "x": 6,
        "y": 4
      },
      {
        "x": 6,
        "y": 5
      },
      {
        "x": 7,
        "y": 5
      }
    ],
    "head": {
      "x": 6,
      "y": 4
    },
    "length": 3,
    "shout": "I am moving up!"
  },
  {
    "gameId": "83d5e627-b127-4e12-9174-3a29b10d7545",
    "ruleset": {
      "name": "royale",
      "version": "v1.0.17"
    },
    "timeout": 600,
    "turn": 21,
    "width": 11,
    "height": 11,
    "snakes": [
      {
        "id": "gs_pfJqtbpSbdWKbwjHBYSJFPgG",
        "name": "Jormungand 0.1.0",
        "latency": "49",
        "health": 79,
        "body": [
          {
            "x": 5,
            "y": 4
          },
          {
            "x": 6,
            "y": 4
          },
          {
            "x": 6,
            "y": 5
          }
        ],
        "head": {
          "x": 5,
          "y": 4
        },
        "length": 3,
        "shout": "I am moving up!"
      },
      {
        "id": "gs_8bftcdSrwrKW4StP9FcJTmh8",
        "name": "leshchenko-1",
        "latency": "277",
        "health": 79,
        "body": [
          {
            "x": 8,
            "y": 7
          },
          {
            "x": 7,
            "y": 7
          },
          {
            "x": 6,
            "y": 7
          }
        ],
        "head": {
          "x": 8,
          "y": 7
        },
        "length": 3,
        "shout": ""
      },
      {
        "id": "gs_SFqqxGh3ty87MCT9DGCCfch9",
        "name": "Living Knot",
        "latency": "197",
        "health": 97,
        "body": [
          {
            "x": 4,
            "y": 3
          },
          {
            "x": 3,
            "y": 3
          },
          {
            "x": 3,
            "y": 2
          },
          {
            "x": 3,
            "y": 1
          },
          {
            "x": 4,
            "y": 1
          },
          {
            "x": 4,
            "y": 2
          }
        ],
        "head": {
          "x": 4,
          "y": 3
        },
        "length": 6,
        "shout": ""
      }
    ],
    "food": [
      {
        "x": 9,
        "y": 6
      }
    ],
    "you": {
      "id": "gs_pfJqtbpSbdWKbwjHBYSJFPgG",
      "name": "Jormungand 0.1.0",
      "latency": "49",
      "health": 79,
      "body": [
        {
          "x": 5,
          "y": 4
        },
        {
          "x": 6,
          "y": 4
        },
        {
          "x": 6,
          "y": 5
        }
      ],
      "head": {
        "x": 5,
        "y": 4
      },
      "length": 3,
      "shout": "I am moving up!"
    },
    "snakeId": "gs_pfJqtbpSbdWKbwjHBYSJFPgG",
    "name": "Jormungand 0.1.0",
    "latency": "49",
    "health": 79,
    "body": [
      {
        "x": 5,
        "y": 4
      },
      {
        "x": 6,
        "y": 4
      },
      {
        "x": 6,
        "y": 5
      }
    ],
    "head": {
      "x": 5,
      "y": 4
    },
    "length": 3,
    "shout": "I am moving up!"
  },
  {
    "gameId": "83d5e627-b127-4e12-9174-3a29b10d7545",
    "ruleset": {
      "name": "royale",
      "version": "v1.0.17"
    },
    "timeout": 600,
    "turn": 22,
    "width": 11,
    "height": 11,
    "snakes": [
      {
        "id": "gs_pfJqtbpSbdWKbwjHBYSJFPgG",
        "name": "Jormungand 0.1.0",
        "latency": "49",
        "health": 78,
        "body": [
          {
            "x": 5,
            "y": 5
          },
          {
            "x": 5,
            "y": 4
          },
          {
            "x": 6,
            "y": 4
          }
        ],
        "head": {
          "x": 5,
          "y": 5
        },
        "length": 3,
        "shout": "I am moving up!"
      },
      {
        "id": "gs_8bftcdSrwrKW4StP9FcJTmh8",
        "name": "leshchenko-1",
        "latency": "289",
        "health": 78,
        "body": [
          {
            "x": 9,
            "y": 7
          },
          {
            "x": 8,
            "y": 7
          },
          {
            "x": 7,
            "y": 7
          }
        ],
        "head": {
          "x": 9,
          "y": 7
        },
        "length": 3,
        "shout": ""
      },
      {
        "id": "gs_SFqqxGh3ty87MCT9DGCCfch9",
        "name": "Living Knot",
        "latency": "226",
        "health": 96,
        "body": [
          {
            "x": 5,
            "y": 3
          },
          {
            "x": 4,
            "y": 3
          },
          {
            "x": 3,
            "y": 3
          },
          {
            "x": 3,
            "y": 2
          },
          {
            "x": 3,
            "y": 1
          },
          {
            "x": 4,
            "y": 1
          }
        ],
        "head": {
          "x": 5,
          "y": 3
        },
        "length": 6,
        "shout": ""
      }
    ],
    "food": [
      {
        "x": 9,
        "y": 6
      },
      {
        "x": 2,
        "y": 0
      }
    ],
    "you": {
      "id": "gs_pfJqtbpSbdWKbwjHBYSJFPgG",
      "name": "Jormungand 0.1.0",
      "latency": "49",
      "health": 78,
      "body": [
        {
          "x": 5,
          "y": 5
        },
        {
          "x": 5,
          "y": 4
        },
        {
          "x": 6,
          "y": 4
        }
      ],
      "head": {
        "x": 5,
        "y": 5
      },
      "length": 3,
      "shout": "I am moving up!"
    },
    "snakeId": "gs_pfJqtbpSbdWKbwjHBYSJFPgG",
    "name": "Jormungand 0.1.0",
    "latency": "49",
    "health": 78,
    "body": [
      {
        "x": 5,
        "y": 5
      },
      {
        "x": 5,
        "y": 4
      },
      {
        "x": 6,
        "y": 4
      }
    ],
    "head": {
      "x": 5,
      "y": 5
    },
    "length": 3,
    "shout": "I am moving up!"
  },
  {
    "gameId": "83d5e627-b127-4e12-9174-3a29b10d7545",
    "ruleset": {
      "name": "royale",
      "version": "v1.0.17"
    },
    "timeout": 600,
    "turn": 23,
    "width": 11,
    "height": 11,
    "snakes": [
      {
        "id": "gs_pfJqtbpSbdWKbwjHBYSJFPgG",
        "name": "Jormungand 0.1.0",
        "latency": "49",
        "health": 77,
        "body": [
          {
            "x": 5,
            "y": 6
          },
          {
            "x": 5,
            "y": 5
          },
          {
            "x": 5,
            "y": 4
          }
        ],
        "head": {
          "x": 5,
          "y": 6
        },
        "length": 3,
        "shout": "I am moving up!"
      },
      {
        "id": "gs_8bftcdSrwrKW4StP9FcJTmh8",
        "name": "leshchenko-1",
        "latency": "265",
        "health": 77,
        "body": [
          {
            "x": 9,
            "y": 8
          },
          {
            "x": 9,
            "y": 7
          },
          {
            "x": 8,
            "y": 7
          }
        ],
        "head": {
          "x": 9,
          "y": 8
        },
        "length": 3,
        "shout": ""
      },
      {
        "id": "gs_SFqqxGh3ty87MCT9DGCCfch9",
        "name": "Living Knot",
        "latency": "191",
        "health": 95,
        "body": [
          {
            "x": 6,
            "y": 3
          },
          {
            "x": 5,
            "y": 3
          },
          {
            "x": 4,
            "y": 3
          },
          {
            "x": 3,
            "y": 3
          },
          {
            "x": 3,
            "y": 2
          },
          {
            "x": 3,
            "y": 1
          }
        ],
        "head": {
          "x": 6,
          "y": 3
        },
        "length": 6,
        "shout": ""
      }
    ],
    "food": [
      {
        "x": 9,
        "y": 6
      },
      {
        "x": 2,
        "y": 0
      },
      {
        "x": 8,
        "y": 5
      }
    ],
    "you": {
      "id": "gs_pfJqtbpSbdWKbwjHBYSJFPgG",
      "name": "Jormungand 0.1.0",
      "latency": "49",
      "health": 77,
      "body": [
        {
          "x": 5,
          "y": 6
        },
        {
          "x": 5,
          "y": 5
        },
        {
          "x": 5,
          "y": 4
        }
      ],
      "head": {
        "x": 5,
        "y": 6
      },
      "length": 3,
      "shout": "I am moving up!"
    },
    "snakeId": "gs_pfJqtbpSbdWKbwjHBYSJFPgG",
    "name": "Jormungand 0.1.0",
    "latency": "49",
    "health": 77,
    "body": [
      {
        "x": 5,
        "y": 6
      },
      {
        "x": 5,
        "y": 5
      },
      {
        "x": 5,
        "y": 4
      }
    ],
    "head": {
      "x": 5,
      "y": 6
    },
    "length": 3,
    "shout": "I am moving up!"
  },
  {
    "gameId": "83d5e627-b127-4e12-9174-3a29b10d7545",
    "ruleset": {
      "name": "royale",
      "version": "v1.0.17"
    },
    "timeout": 600,
    "turn": 24,
    "width": 11,
    "height": 11,
    "snakes": [
      {
        "id": "gs_pfJqtbpSbdWKbwjHBYSJFPgG",
        "name": "Jormungand 0.1.0",
        "latency": "49",
        "health": 76,
        "body": [
          {
            "x": 6,
            "y": 6
          },
          {
            "x": 5,
            "y": 6
          },
          {
            "x": 5,
            "y": 5
          }
        ],
        "head": {
          "x": 6,
          "y": 6
        },
        "length": 3,
        "shout": "I am moving up!"
      },
      {
        "id": "gs_8bftcdSrwrKW4StP9FcJTmh8",
        "name": "leshchenko-1",
        "latency": "284",
        "health": 76,
        "body": [
          {
            "x": 9,
            "y": 9
          },
          {
            "x": 9,
            "y": 8
          },
          {
            "x": 9,
            "y": 7
          }
        ],
        "head": {
          "x": 9,
          "y": 9
        },
        "length": 3,
        "shout": ""
      },
      {
        "id": "gs_SFqqxGh3ty87MCT9DGCCfch9",
        "name": "Living Knot",
        "latency": "189",
        "health": 94,
        "body": [
          {
            "x": 6,
            "y": 4
          },
          {
            "x": 6,
            "y": 3
          },
          {
            "x": 5,
            "y": 3
          },
          {
            "x": 4,
            "y": 3
          },
          {
            "x": 3,
            "y": 3
          },
          {
            "x": 3,
            "y": 2
          }
        ],
        "head": {
          "x": 6,
          "y": 4
        },
        "length": 6,
        "shout": ""
      }
    ],
    "food": [
      {
        "x": 9,
        "y": 6
      },
      {
        "x": 2,
        "y": 0
      },
      {
        "x": 8,
        "y": 5
      }
    ],
    "you": {
      "id": "gs_pfJqtbpSbdWKbwjHBYSJFPgG",
      "name": "Jormungand 0.1.0",
      "latency": "49",
      "health": 76,
      "body": [
        {
          "x": 6,
          "y": 6
        },
        {
          "x": 5,
          "y": 6
        },
        {
          "x": 5,
          "y": 5
        }
      ],
      "head": {
        "x": 6,
        "y": 6
      },
      "length": 3,
      "shout": "I am moving up!"
    },
    "snakeId": "gs_pfJqtbpSbdWKbwjHBYSJFPgG",
    "name": "Jormungand 0.1.0",
    "latency": "49",
    "health": 76,
    "body": [
      {
        "x": 6,
        "y": 6
      },
      {
        "x": 5,
        "y": 6
      },
      {
        "x": 5,
        "y": 5
      }
    ],
    "head": {
      "x": 6,
      "y": 6
    },
    "length": 3,
    "shout": "I am moving up!"
  },
  {
    "gameId": "83d5e627-b127-4e12-9174-3a29b10d7545",
    "ruleset": {
      "name": "royale",
      "version": "v1.0.17"
    },
    "timeout": 600,
    "turn": 25,
    "width": 11,
    "height": 11,
    "snakes": [
      {
        "id": "gs_pfJqtbpSbdWKbwjHBYSJFPgG",
        "name": "Jormungand 0.1.0",
        "latency": "49",
        "health": 75,
        "body": [
          {
            "x": 6,
            "y": 7
          },
          {
            "x": 6,
            "y": 6
          },
          {
            "x": 5,
            "y": 6
          }
        ],
        "head": {
          "x": 6,
          "y": 7
        },
        "length": 3,
        "shout": "I am moving up!"
      },
      {
        "id": "gs_8bftcdSrwrKW4StP9FcJTmh8",
        "name": "leshchenko-1",
        "latency": "280",
        "health": 75,
        "body": [
          {
            "x": 9,
            "y": 10
          },
          {
            "x": 9,
            "y": 9
          },
          {
            "x": 9,
            "y": 8
          }
        ],
        "head": {
          "x": 9,
          "y": 10
        },
        "length": 3,
        "shout": ""
      },
      {
        "id": "gs_SFqqxGh3ty87MCT9DGCCfch9",
        "name": "Living Knot",
        "latency": "195",
        "health": 93,
        "body": [
          {
            "x": 7,
            "y": 4
          },
          {
            "x": 6,
            "y": 4
          },
          {
            "x": 6,
            "y": 3
          },
          {
            "x": 5,
            "y": 3
          },
          {
            "x": 4,
            "y": 3
          },
          {
            "x": 3,
            "y": 3
          }
        ],
        "head": {
          "x": 7,
          "y": 4
        },
        "length": 6,
        "shout": ""
      }
    ],
    "food": [
      {
        "x": 9,
        "y": 6
      },
      {
        "x": 2,
        "y": 0
      },
      {
        "x": 8,
        "y": 5
      }
    ],
    "you": {
      "id": "gs_pfJqtbpSbdWKbwjHBYSJFPgG",
      "name": "Jormungand 0.1.0",
      "latency": "49",
      "health": 75,
      "body": [
        {
          "x": 6,
          "y": 7
        },
        {
          "x": 6,
          "y": 6
        },
        {
          "x": 5,
          "y": 6
        }
      ],
      "head": {
        "x": 6,
        "y": 7
      },
      "length": 3,
      "shout": "I am moving up!"
    },
    "snakeId": "gs_pfJqtbpSbdWKbwjHBYSJFPgG",
    "name": "Jormungand 0.1.0",
    "latency": "49",
    "health": 75,
    "body": [
      {
        "x": 6,
        "y": 7
      },
      {
        "x": 6,
        "y": 6
      },
      {
        "x": 5,
        "y": 6
      }
    ],
    "head": {
      "x": 6,
      "y": 7
    },
    "length": 3,
    "shout": "I am moving up!"
  },
  {
    "gameId": "83d5e627-b127-4e12-9174-3a29b10d7545",
    "ruleset": {
      "name": "royale",
      "version": "v1.0.17"
    },
    "timeout": 600,
    "turn": 26,
    "width": 11,
    "height": 11,
    "snakes": [
      {
        "id": "gs_pfJqtbpSbdWKbwjHBYSJFPgG",
        "name": "Jormungand 0.1.0",
        "latency": "49",
        "health": 74,
        "body": [
          {
            "x": 7,
            "y": 7
          },
          {
            "x": 6,
            "y": 7
          },
          {
            "x": 6,
            "y": 6
          }
        ],
        "head": {
          "x": 7,
          "y": 7
        },
        "length": 3,
        "shout": "I am moving up!"
      },
      {
        "id": "gs_8bftcdSrwrKW4StP9FcJTmh8",
        "name": "leshchenko-1",
        "latency": "225",
        "health": 74,
        "body": [
          {
            "x": 8,
            "y": 10
          },
          {
            "x": 9,
            "y": 10
          },
          {
            "x": 9,
            "y": 9
          }
        ],
        "head": {
          "x": 8,
          "y": 10
        },
        "length": 3,
        "shout": ""
      },
      {
        "id": "gs_SFqqxGh3ty87MCT9DGCCfch9",
        "name": "Living Knot",
        "latency": "187",
        "health": 92,
        "body": [
          {
            "x": 7,
            "y": 5
          },
          {
            "x": 7,
            "y": 4
          },
          {
            "x": 6,
            "y": 4
          },
          {
            "x": 6,
            "y": 3
          },
          {
            "x": 5,
            "y": 3
          },
          {
            "x": 4,
            "y": 3
          }
        ],
        "head": {
          "x": 7,
          "y": 5
        },
        "length": 6,
        "shout": ""
      }
    ],
    "food": [
      {
        "x": 9,
        "y": 6
      },
      {
        "x": 2,
        "y": 0
      },
      {
        "x": 8,
        "y": 5
      }
    ],
    "you": {
      "id": "gs_pfJqtbpSbdWKbwjHBYSJFPgG",
      "name": "Jormungand 0.1.0",
      "latency": "49",
      "health": 74,
      "body": [
        {
          "x": 7,
          "y": 7
        },
        {
          "x": 6,
          "y": 7
        },
        {
          "x": 6,
          "y": 6
        }
      ],
      "head": {
        "x": 7,
        "y": 7
      },
      "length": 3,
      "shout": "I am moving up!"
    },
    "snakeId": "gs_pfJqtbpSbdWKbwjHBYSJFPgG",
    "name": "Jormungand 0.1.0",
    "latency": "49",
    "health": 74,
    "body": [
      {
        "x": 7,
        "y": 7
      },
      {
        "x": 6,
        "y": 7
      },
      {
        "x": 6,
        "y": 6
      }
    ],
    "head": {
      "x": 7,
      "y": 7
    },
    "length": 3,
    "shout": "I am moving up!"
  },
  {
    "gameId": "83d5e627-b127-4e12-9174-3a29b10d7545",
    "ruleset": {
      "name": "royale",
      "version": "v1.0.17"
    },
    "timeout": 600,
    "turn": 27,
    "width": 11,
    "height": 11,
    "snakes": [
      {
        "id": "gs_pfJqtbpSbdWKbwjHBYSJFPgG",
        "name": "Jormungand 0.1.0",
        "latency": "49",
        "health": 73,
        "body": [
          {
            "x": 8,
            "y": 7
          },
          {
            "x": 7,
            "y": 7
          },
          {
            "x": 6,
            "y": 7
          }
        ],
        "head": {
          "x": 8,
          "y": 7
        },
        "length": 3,
        "shout": "I am moving up!"
      },
      {
        "id": "gs_8bftcdSrwrKW4StP9FcJTmh8",
        "name": "leshchenko-1",
        "latency": "233",
        "health": 73,
        "body": [
          {
            "x": 8,
            "y": 9
          },
          {
            "x": 8,
            "y": 10
          },
          {
            "x": 9,
            "y": 10
          }
        ],
        "head": {
          "x": 8,
          "y": 9
        },
        "length": 3,
        "shout": ""
      },
      {
        "id": "gs_SFqqxGh3ty87MCT9DGCCfch9",
        "name": "Living Knot",
        "latency": "199",
        "health": 100,
        "body": [
          {
            "x": 8,
            "y": 5
          },
          {
            "x": 7,
            "y": 5
          },
          {
            "x": 7,
            "y": 4
          },
          {
            "x": 6,
            "y": 4
          },
          {
            "x": 6,
            "y": 3
          },
          {
            "x": 5,
            "y": 3
          },
          {
            "x": 5,
            "y": 3
          }
        ],
        "head": {
          "x": 8,
          "y": 5
        },
        "length": 7,
        "shout": ""
      }
    ],
    "food": [
      {
        "x": 9,
        "y": 6
      },
      {
        "x": 2,
        "y": 0
      }
    ],
    "you": {
      "id": "gs_pfJqtbpSbdWKbwjHBYSJFPgG",
      "name": "Jormungand 0.1.0",
      "latency": "49",
      "health": 73,
      "body": [
        {
          "x": 8,
          "y": 7
        },
        {
          "x": 7,
          "y": 7
        },
        {
          "x": 6,
          "y": 7
        }
      ],
      "head": {
        "x": 8,
        "y": 7
      },
      "length": 3,
      "shout": "I am moving up!"
    },
    "snakeId": "gs_pfJqtbpSbdWKbwjHBYSJFPgG",
    "name": "Jormungand 0.1.0",
    "latency": "49",
    "health": 73,
    "body": [
      {
        "x": 8,
        "y": 7
      },
      {
        "x": 7,
        "y": 7
      },
      {
        "x": 6,
        "y": 7
      }
    ],
    "head": {
      "x": 8,
      "y": 7
    },
    "length": 3,
    "shout": "I am moving up!"
  },
  {
    "gameId": "83d5e627-b127-4e12-9174-3a29b10d7545",
    "ruleset": {
      "name": "royale",
      "version": "v1.0.17"
    },
    "timeout": 600,
    "turn": 28,
    "width": 11,
    "height": 11,
    "snakes": [
      {
        "id": "gs_pfJqtbpSbdWKbwjHBYSJFPgG",
        "name": "Jormungand 0.1.0",
        "latency": "49",
        "health": 72,
        "body": [
          {
            "x": 9,
            "y": 7
          },
          {
            "x": 8,
            "y": 7
          },
          {
            "x": 7,
            "y": 7
          }
        ],
        "head": {
          "x": 9,
          "y": 7
        },
        "length": 3,
        "shout": "I am moving up!"
      },
      {
        "id": "gs_8bftcdSrwrKW4StP9FcJTmh8",
        "name": "leshchenko-1",
        "latency": "231",
        "health": 72,
        "body": [
          {
            "x": 9,
            "y": 9
          },
          {
            "x": 8,
            "y": 9
          },
          {
            "x": 8,
            "y": 10
          }
        ],
        "head": {
          "x": 9,
          "y": 9
        },
        "length": 3,
        "shout": ""
      },
      {
        "id": "gs_SFqqxGh3ty87MCT9DGCCfch9",
        "name": "Living Knot",
        "latency": "200",
        "health": 99,
        "body": [
          {
            "x": 8,
            "y": 6
          },
          {
            "x": 8,
            "y": 5
          },
          {
            "x": 7,
            "y": 5
          },
          {
            "x": 7,
            "y": 4
          },
          {
            "x": 6,
            "y": 4
          },
          {
            "x": 6,
            "y": 3
          },
          {
            "x": 5,
            "y": 3
          }
        ],
        "head": {
          "x": 8,
          "y": 6
        },
        "length": 7,
        "shout": ""
      }
    ],
    "food": [
      {
        "x": 9,
        "y": 6
      },
      {
        "x": 2,
        "y": 0
      }
    ],
    "you": {
      "id": "gs_pfJqtbpSbdWKbwjHBYSJFPgG",
      "name": "Jormungand 0.1.0",
      "latency": "49",
      "health": 72,
      "body": [
        {
          "x": 9,
          "y": 7
        },
        {
          "x": 8,
          "y": 7
        },
        {
          "x": 7,
          "y": 7
        }
      ],
      "head": {
        "x": 9,
        "y": 7
      },
      "length": 3,
      "shout": "I am moving up!"
    },
    "snakeId": "gs_pfJqtbpSbdWKbwjHBYSJFPgG",
    "name": "Jormungand 0.1.0",
    "latency": "49",
    "health": 72,
    "body": [
      {
        "x": 9,
        "y": 7
      },
      {
        "x": 8,
        "y": 7
      },
      {
        "x": 7,
        "y": 7
      }
    ],
    "head": {
      "x": 9,
      "y": 7
    },
    "length": 3,
    "shout": "I am moving up!"
  },
  {
    "gameId": "83d5e627-b127-4e12-9174-3a29b10d7545",
    "ruleset": {
      "name": "royale",
      "version": "v1.0.17"
    },
    "timeout": 600,
    "turn": 29,
    "width": 11,
    "height": 11,
    "snakes": [
      {
        "id": "gs_pfJqtbpSbdWKbwjHBYSJFPgG",
        "name": "Jormungand 0.1.0",
        "latency": "49",
        "health": 71,
        "body": [
          {
            "x": 10,
            "y": 7
          },
          {
            "x": 9,
            "y": 7
          },
          {
            "x": 8,
            "y": 7
          }
        ],
        "head": {
          "x": 10,
          "y": 7
        },
        "length": 3,
        "shout": "I am moving up!"
      },
      {
        "id": "gs_8bftcdSrwrKW4StP9FcJTmh8",
        "name": "leshchenko-1",
        "latency": "215",
        "health": 71,
        "body": [
          {
            "x": 10,
            "y": 9
          },
          {
            "x": 9,
            "y": 9
          },
          {
            "x": 8,
            "y": 9
          }
        ],
        "head": {
          "x": 10,
          "y": 9
        },
        "length": 3,
        "shout": ""
      },
      {
        "id": "gs_SFqqxGh3ty87MCT9DGCCfch9",
        "name": "Living Knot",
        "latency": "184",
        "health": 100,
        "body": [
          {
            "x": 9,
            "y": 6
          },
          {
            "x": 8,
            "y": 6
          },
          {
            "x": 8,
            "y": 5
          },
          {
            "x": 7,
            "y": 5
          },
          {
            "x": 7,
            "y": 4
          },
          {
            "x": 6,
            "y": 4
          },
          {
            "x": 6,
            "y": 3
          },
          {
            "x": 6,
            "y": 3
          }
        ],
        "head": {
          "x": 9,
          "y": 6
        },
        "length": 8,
        "shout": ""
      }
    ],
    "food": [
      {
        "x": 2,
        "y": 0
      }
    ],
    "you": {
      "id": "gs_pfJqtbpSbdWKbwjHBYSJFPgG",
      "name": "Jormungand 0.1.0",
      "latency": "49",
      "health": 71,
      "body": [
        {
          "x": 10,
          "y": 7
        },
        {
          "x": 9,
          "y": 7
        },
        {
          "x": 8,
          "y": 7
        }
      ],
      "head": {
        "x": 10,
        "y": 7
      },
      "length": 3,
      "shout": "I am moving up!"
    },
    "snakeId": "gs_pfJqtbpSbdWKbwjHBYSJFPgG",
    "name": "Jormungand 0.1.0",
    "latency": "49",
    "health": 71,
    "body": [
      {
        "x": 10,
        "y": 7
      },
      {
        "x": 9,
        "y": 7
      },
      {
        "x": 8,
        "y": 7
      }
    ],
    "head": {
      "x": 10,
      "y": 7
    },
    "length": 3,
    "shout": "I am moving up!"
  }
]