[
  {
    "gameId": "96005150-4ecd-46e7-a3f7-fb9fc225d752",
    "ruleset": {
      "name": "standard",
      "version": "v1.0.17"
    },
    "timeout": 500,
    "turn": 0,
    "width": 11,
    "height": 11,
    "snakes": [
      {
        "id": "gs_gQBXySccBpfWgjXHJYcDTXGK",
        "name": "Milktea",
        "latency": "",
        "health": 100,
        "body": [
          {
            "x": 1,
            "y": 1
          },
          {
            "x": 1,
            "y": 1
          },
          {
            "x": 1,
            "y": 1
          }
        ],
        "head": {
          "x": 1,
          "y": 1
        },
        "length": 3,
        "shout": ""
      },
      {
        "id": "gs_FBfSwYv383ckBD6xjxMqFSR7",
        "name": "Jormungand 0.1.0",
        "latency": "",
        "health": 100,
        "body": [
          {
            "x": 1,
            "y": 9
          },
          {
            "x": 1,
            "y": 9
          },
          {
            "x": 1,
            "y": 9
          }
        ],
        "head": {
          "x": 1,
          "y": 9
        },
        "length": 3,
        "shout": ""
      }
    ],
    "food": [
      {
        "x": 0,
        "y": 0
      },
      {
        "x": 2,
        "y": 10
      },
      {
        "x": 5,
        "y": 5
      }
    ],
    "you": {
      "id": "gs_FBfSwYv383ckBD6xjxMqFSR7",
      "name": "Jormungand 0.1.0",
      "latency": "",
      "health": 100,
      "body": [
        {
          "x": 1,
          "y": 9
        },
        {
          "x": 1,
          "y": 9
        },
        {
          "x": 1,
          "y": 9
        }
      ],
      "head": {
        "x": 1,
        "y": 9
      },
      "length": 3,
      "shout": ""
    },
    "snakeId": "gs_FBfSwYv383ckBD6xjxMqFSR7",
    "name": "Jormungand 0.1.0",
    "latency": "",
    "health": 100,
    "body": [
      {
        "x": 1,
        "y": 9
      },
      {
        "x": 1,
        "y": 9
      },
      {
        "x": 1,
        "y": 9
      }
    ],
    "head": {
      "x": 1,
      "y": 9
    },
    "length": 3,
    "shout": ""
  },
  {
    "gameId": "96005150-4ecd-46e7-a3f7-fb9fc225d752",
    "ruleset": {
      "name": "standard",
      "version": "v1.0.17"
    },
    "timeout": 500,
    "turn": 0,
    "width": 11,
    "height": 11,
    "snakes": [
      {
        "id": "gs_gQBXySccBpfWgjXHJYcDTXGK",
        "name": "Milktea",
        "latency": "",
        "health": 100,
        "body": [
          {
            "x": 1,
            "y": 1
          },
          {
            "x": 1,
            "y": 1
          },
          {
            "x": 1,
            "y": 1
          }
        ],
        "head": {
          "x": 1,
          "y": 1
        },
        "length": 3,
        "shout": ""
      },
      {
        "id": "gs_FBfSwYv383ckBD6xjxMqFSR7",
        "name": "Jormungand 0.1.0",
        "latency": "",
        "health": 100,
        "body": [
          {
            "x": 1,
            "y": 9
          },
          {
            "x": 1,
            "y": 9
          },
          {
            "x": 1,
            "y": 9
          }
        ],
        "head": {
          "x": 1,
          "y": 9
        },
        "length": 3,
        "shout": ""
      }
    ],
    "food": [
      {
        "x": 0,
        "y": 0
      },
      {
        "x": 2,
        "y": 10
      },
      {
        "x": 5,
        "y": 5
      }
    ],
    "you": {
      "id": "gs_FBfSwYv383ckBD6xjxMqFSR7",
      "name": "Jormungand 0.1.0",
      "latency": "",
      "health": 100,
      "body": [
        {
          "x": 1,
          "y": 9
        },
        {
          "x": 1,
          "y": 9
        },
        {
          "x": 1,
          "y": 9
        }
      ],
      "head": {
        "x": 1,
        "y": 9
      },
      "length": 3,
      "shout": ""
    },
    "snakeId": "gs_FBfSwYv383ckBD6xjxMqFSR7",
    "name": "Jormungand 0.1.0",
    "latency": "",
    "health": 100,
    "body": [
      {
        "x": 1,
        "y": 9
      },
      {
        "x": 1,
        "y": 9
      },
      {
        "x": 1,
        "y": 9
      }
    ],
    "head": {
      "x": 1,
      "y": 9
    },
    "length": 3,
    "shout": ""
  },
  {
    "gameId": "96005150-4ecd-46e7-a3f7-fb9fc225d752",
    "ruleset": {
      "name": "standard",
      "version": "v1.0.17"
    },
    "timeout": 500,
    "turn": 1,
    "width": 11,
    "height": 11,
    "snakes": [
      {
        "id": "gs_gQBXySccBpfWgjXHJYcDTXGK",
        "name": "Milktea",
        "latency": "278",
        "health": 99,
        "body": [
          {
            "x": 1,
            "y": 2
          },
          {
            "x": 1,
            "y": 1
          },
          {
            "x": 1,
            "y": 1
          }
        ],
        "head": {
          "x": 1,
          "y": 2
        },
        "length": 3,
        "shout": ""
      },
      {
        "id": "gs_FBfSwYv383ckBD6xjxMqFSR7",
        "name": "Jormungand 0.1.0",
        "latency": "104",
        "health": 99,
        "body": [
          {
            "x": 1,
            "y": 8
          },
          {
            "x": 1,
            "y": 9
          },
          {
            "x": 1,
            "y": 9
          }
        ],
        "head": {
          "x": 1,
          "y": 8
        },
        "length": 3,
        "shout": "I am moving up!"
      }
    ],
    "food": [
      {
        "x": 0,
        "y": 0
      },
      {
        "x": 2,
        "y": 10
      },
      {
        "x": 5,
        "y": 5
      }
    ],
    "you": {
      "id": "gs_FBfSwYv383ckBD6xjxMqFSR7",
      "name": "Jormungand 0.1.0",
      "latency": "104",
      "health": 99,
      "body": [
        {
          "x": 1,
          "y": 8
        },
        {
          "x": 1,
          "y": 9
        },
        {
          "x": 1,
          "y": 9
        }
      ],
      "head": {
        "x": 1,
        "y": 8
      },
      "length": 3,
      "shout": "I am moving up!"
    },
    "snakeId": "gs_FBfSwYv383ckBD6xjxMqFSR7",
    "name": "Jormungand 0.1.0",
    "latency": "104",
    "health": 99,
    "body": [
      {
        "x": 1,
        "y": 8
      },
      {
        "x": 1,
        "y": 9
      },
      {
        "x": 1,
        "y": 9
      }
    ],
    "head": {
      "x": 1,
      "y": 8
    },
    "length": 3,
    "shout": "I am moving up!"
  },
  {
    "gameId": "96005150-4ecd-46e7-a3f7-fb9fc225d752",
    "ruleset": {
      "name": "standard",
      "version": "v1.0.17"
    },
    "timeout": 500,
    "turn": 2,
    "width": 11,
    "height": 11,
    "snakes": [
      {
        "id": "gs_gQBXySccBpfWgjXHJYcDTXGK",
        "name": "Milktea",
        "latency": "209",
        "health": 98,
        "body": [
          {
            "x": 1,
            "y": 3
          },
          {
            "x": 1,
            "y": 2
          },
          {
            "x": 1,
            "y": 1
          }
        ],
        "head": {
          "x": 1,
          "y": 3
        },
        "length": 3,
        "shout": ""
      },
      {
        "id": "gs_FBfSwYv383ckBD6xjxMqFSR7",
        "name": "Jormungand 0.1.0",
        "latency": "49",
        "health": 98,
        "body": [
          {
            "x": 1,
            "y": 7
          },
          {
            "x": 1,
            "y": 8
          },
          {
            "x": 1,
            "y": 9
          }
        ],
        "head": {
          "x": 1,
          "y": 7
        },
        "length": 3,
        "shout": "I am moving up!"
      }
    ],
    "food": [
      {
        "x": 0,
        "y": 0
      },
      {
        "x": 2,
        "y": 10
      },
      {
        "x": 5,
        "y": 5
      }
    ],
    "you": {
      "id": "gs_FBfSwYv383ckBD6xjxMqFSR7",
      "name": "Jormungand 0.1.0",
      "latency": "49",
      "health": 98,
      "body": [
        {
          "x": 1,
          "y": 7
        },
        {
          "x": 1,
          "y": 8
        },
        {
          "x": 1,
          "y": 9
        }
      ],
      "head": {
        "x": 1,
        "y": 7
      },
      "length": 3,
      "shout": "I am moving up!"
    },
    "snakeId": "gs_FBfSwYv383ckBD6xjxMqFSR7",
    "name": "Jormungand 0.1.0",
    "latency": "49",
    "health": 98,
    "body": [
      {
        "x": 1,
        "y": 7
      },
      {
        "x": 1,
        "y": 8
      },
      {
        "x": 1,
        "y": 9
      }
    ],
    "head": {
      "x": 1,
      "y": 7
    },
    "length": 3,
    "shout": "I am moving up!"
  },
  {
    "gameId": "96005150-4ecd-46e7-a3f7-fb9fc225d752",
    "ruleset": {
      "name": "standard",
      "version": "v1.0.17"
    },
    "timeout": 500,
    "turn": 3,
    "width": 11,
    "height": 11,
    "snakes": [
      {
        "id": "gs_gQBXySccBpfWgjXHJYcDTXGK",
        "name": "Milktea",
        "latency": "203",
        "health": 97,
        "body": [
          {
            "x": 1,
            "y": 4
          },
          {
            "x": 1,
            "y": 3
          },
          {
            "x": 1,
            "y": 2
          }
        ],
        "head": {
          "x": 1,
          "y": 4
        },
        "length": 3,
        "shout": ""
      },
      {
        "id": "gs_FBfSwYv383ckBD6xjxMqFSR7",
        "name": "Jormungand 0.1.0",
        "latency": "49",
        "health": 97,
        "body": [
          {
            "x": 2,
            "y": 7
          },
          {
            "x": 1,
            "y": 7
          },
          {
            "x": 1,
            "y": 8
          }
        ],
        "head": {
          "x": 2,
          "y": 7
        },
        "length": 3,
        "shout": "I am moving up!"
      }
    ],
    "food": [
      {
        "x": 0,
        "y": 0
      },
      {
        "x": 2,
        "y": 10
      },
      {
        "x": 5,
        "y": 5
      }
    ],
    "you": {
      "id": "gs_FBfSwYv383ckBD6xjxMqFSR7",
      "name": "Jormungand 0.1.0",
      "latency": "49",
      "health": 97,
      "body": [
        {
          "x": 2,
          "y": 7
        },
        {
          "x": 1,
          "y": 7
        },
        {
          "x": 1,
          "y": 8
        }
      ],
      "head": {
        "x": 2,
        "y": 7
      },
      "length": 3,
      "shout": "I am moving up!"
    },
    "snakeId": "gs_FBfSwYv383ckBD6xjxMqFSR7",
    "name": "Jormungand 0.1.0",
    "latency": "49",
    "health": 97,
    "body": [
      {
        "x": 2,
        "y": 7
      },
      {
        "x": 1,
        "y": 7
      },
      {
        "x": 1,
        "y": 8
      }
    ],
    "head": {
      "x": 2,
      "y": 7
    },
    "length": 3,
    "shout": "I am moving up!"
  },
  {
    "gameId": "96005150-4ecd-46e7-a3f7-fb9fc225d752",
    "ruleset": {
      "name": "standard",
      "version": "v1.0.17"
    },
    "timeout": 500,
    "turn": 4,
    "width": 11,
    "height": 11,
    "snakes": [
      {
        "id": "gs_gQBXySccBpfWgjXHJYcDTXGK",
        "name": "Milktea",
        "latency": "188",
        "health": 96,
        "body": [
          {
            "x": 1,
            "y": 5
          },
          {
            "x": 1,
            "y": 4
          },
          {
            "x": 1,
            "y": 3
          }
        ],
        "head": {
          "x": 1,
          "y": 5
        },
        "length": 3,
        "shout": ""
      },
      {
        "id": "gs_FBfSwYv383ckBD6xjxMqFSR7",
        "name": "Jormungand 0.1.0",
        "latency": "50",
        "health": 96,
        "body": [
          {
            "x": 2,
            "y": 6
          },
          {
            "x": 2,
            "y": 7
          },
          {
            "x": 1,
            "y": 7
          }
        ],
        "head": {
          "x": 2,
          "y": 6
        },
        "length": 3,
        "shout": "I am moving up!"
      }
    ],
    "food": [
      {
        "x": 0,
        "y": 0
      },
      {
        "x": 2,
        "y": 10
      },
      {
        "x": 5,
        "y": 5
      }
    ],
    "you": {
      "id": "gs_FBfSwYv383ckBD6xjxMqFSR7",
      "name": "Jormungand 0.1.0",
      "latency": "50",
      "health": 96,
      "body": [
        {
          "x": 2,
          "y": 6
        },
        {
          "x": 2,
          "y": 7
        },
        {
          "x": 1,
          "y": 7
        }
      ],
      "head": {
        "x": 2,
        "y": 6
      },
      "length": 3,
      "shout": "I am moving up!"
    },
    "snakeId": "gs_FBfSwYv383ckBD6xjxMqFSR7",
    "name": "Jormungand 0.1.0",
    "latency": "50",
    "health": 96,
    "body": [
      {
        "x": 2,
        "y": 6
      },
      {
        "x": 2,
        "y": 7
      },
      {
        "x": 1,
        "y": 7
      }
    ],
    "head": {
      "x": 2,
      "y": 6
    },
    "length": 3,
    "shout": "I am moving up!"
  },
  {
    "gameId": "96005150-4ecd-46e7-a3f7-fb9fc225d752",
    "ruleset": {
      "name": "standard",
      "version": "v1.0.17"
    },
    "timeout": 500,
    "turn": 5,
    "width": 11,
    "height": 11,
    "snakes": [
      {
        "id": "gs_gQBXySccBpfWgjXHJYcDTXGK",
        "name": "Milktea",
        "latency": "197",
        "health": 95,
        "body": [
          {
            "x": 1,
            "y": 6
          },
          {
            "x": 1,
            "y": 5
          },
          {
            "x": 1,
            "y": 4
          }
        ],
        "head": {
          "x": 1,
          "y": 6
        },
        "length": 3,
        "shout": ""
      },
      {
        "id": "gs_FBfSwYv383ckBD6xjxMqFSR7",
        "name": "Jormungand 0.1.0",
        "latency": "49",
        "health": 95,
        "body": [
          {
            "x": 3,
            "y": 6
          },
          {
            "x": 2,
            "y": 6
          },
          {
            "x": 2,
            "y": 7
          }
        ],
        "head": {
          "x": 3,
          "y": 6
        },
        "length": 3,
        "shout": "I am moving up!"
      }
    ],
    "food": [
      {
        "x": 0,
        "y": 0
      },
      {
        "x": 2,
        "y": 10
      },
      {
        "x": 5,
        "y": 5
      }
    ],
    "you": {
      "id": "gs_FBfSwYv383ckBD6xjxMqFSR7",
      "name": "Jormungand 0.1.0",
      "latency": "49",
      "health": 95,
      "body": [
        {
          "x": 3,
          "y": 6
        },
        {
          "x": 2,
          "y": 6
        },
        {
          "x": 2,
          "y": 7
        }
      ],
      "head": {
        "x": 3,
        "y": 6
      },
      "length": 3,
      "shout": "I am moving up!"
    },
    "snakeId": "gs_FBfSwYv383ckBD6xjxMqFSR7",
    "name": "Jormungand 0.1.0",
    "latency": "49",
    "health": 95,
    "body": [
      {
        "x": 3,
        "y": 6
      },
      {
        "x": 2,
        "y": 6
      },
      {
        "x": 2,
        "y": 7
      }
    ],
    "head": {
      "x": 3,
      "y": 6
    },
    "length": 3,
    "shout": "I am moving up!"
  },
  {
    "gameId": "96005150-4ecd-46e7-a3f7-fb9fc225d752",
    "ruleset": {
      "name": "standard",
      "version": "v1.0.17"
    },
    "timeout": 500,
    "turn": 6,
    "width": 11,
    "height": 11,
    "snakes": [
      {
        "id": "gs_gQBXySccBpfWgjXHJYcDTXGK",
        "name": "Milktea",
        "latency": "200",
        "health": 94,
        "body": [
          {
            "x": 1,
            "y": 7
          },
          {
            "x": 1,
            "y": 6
          },
          {
            "x": 1,
            "y": 5
          }
        ],
        "head": {
          "x": 1,
          "y": 7
        },
        "length": 3,
        "shout": ""
      },
      {
        "id": "gs_FBfSwYv383ckBD6xjxMqFSR7",
        "name": "Jormungand 0.1.0",
        "latency": "50",
        "health": 94,
        "body": [
          {
            "x": 3,
            "y": 5
          },
          {
            "x": 3,
            "y": 6
          },
          {
            "x": 2,
            "y": 6
          }
        ],
        "head": {
          "x": 3,
          "y": 5
        },
        "length": 3,
        "shout": "I am moving up!"
      }
    ],
    "food": [
      {
        "x": 0,
        "y": 0
      },
      {
        "x": 2,
        "y": 10
      },
      {
        "x": 5,
        "y": 5
      }
    ],
    "you": {
      "id": "gs_FBfSwYv383ckBD6xjxMqFSR7",
      "name": "Jormungand 0.1.0",
      "latency": "50",
      "health": 94,
      "body": [
        {
          "x": 3,
          "y": 5
        },
        {
          "x": 3,
          "y": 6
        },
        {
          "x": 2,
          "y": 6
        }
      ],
      "head": {
        "x": 3,
        "y": 5
      },
      "length": 3,
      "shout": "I am moving up!"
    },
    "snakeId": "gs_FBfSwYv383ckBD6xjxMqFSR7",
    "name": "Jormungand 0.1.0",
    "latency": "50",
    "health": 94,
    "body": [
      {
        "x": 3,
        "y": 5
      },
      {
        "x": 3,
        "y": 6
      },
      {
        "x": 2,
        "y": 6
      }
    ],
    "head": {
      "x": 3,
      "y": 5
    },
    "length": 3,
    "shout": "I am moving up!"
  },
  {
    "gameId": "96005150-4ecd-46e7-a3f7-fb9fc225d752",
    "ruleset": {
      "name": "standard",
      "version": "v1.0.17"
    },
    "timeout": 500,
    "turn": 7,
    "width": 11,
    "height": 11,
    "snakes": [
      {
        "id": "gs_gQBXySccBpfWgjXHJYcDTXGK",
        "name": "Milktea",
        "latency": "197",
        "health": 93,
        "body": [
          {
            "x": 1,
            "y": 8
          },
          {
            "x": 1,
            "y": 7
          },
          {
            "x": 1,
            "y": 6
          }
        ],
        "head": {
          "x": 1,
          "y": 8
        },
        "length": 3,
        "shout": ""
      },
      {
        "id": "gs_FBfSwYv383ckBD6xjxMqFSR7",
        "name": "Jormungand 0.1.0",
        "latency": "49",
        "health": 93,
        "body": [
          {
            "x": 4,
            "y": 5
          },
          {
            "x": 3,
            "y": 5
          },
          {
            "x": 3,
            "y": 6
          }
        ],
        "head": {
          "x": 4,
          "y": 5
        },
        "length": 3,
        "shout": "I am moving up!"
      }
    ],
    "food": [
      {
        "x": 0,
        "y": 0
      },
      {
        "x": 2,
        "y": 10
      },
      {
        "x": 5,
        "y": 5
      },
      {
        "x": 2,
        "y": 0
      }
    ],
    "you": {
      "id": "gs_FBfSwYv383ckBD6xjxMqFSR7",
      "name": "Jormungand 0.1.0",
      "latency": "49",
      "health": 93,
      "body": [
        {
          "x": 4,
          "y": 5
        },
        {
          "x": 3,
          "y": 5
        },
        {
          "x": 3,
          "y": 6
        }
      ],
      "head": {
        "x": 4,
        "y": 5
      },
      "length": 3,
      "shout": "I am moving up!"
    },
    "snakeId": "gs_FBfSwYv383ckBD6xjxMqFSR7",
    "name": "Jormungand 0.1.0",
    "latency": "49",
    "health": 93,
    "body": [
      {
        "x": 4,
        "y": 5
      },
      {
        "x": 3,
        "y": 5
      },
      {
        "x": 3,
        "y": 6
      }
    ],
    "head": {
      "x": 4,
      "y": 5
    },
    "length": 3,
    "shout": "I am moving up!"
  },
  {
    "gameId": "96005150-4ecd-46e7-a3f7-fb9fc225d752",
    "ruleset": {
      "name": "standard",
      "version": "v1.0.17"
    },
    "timeout": 500,
    "turn": 8,
    "width": 11,
    "height": 11,
    "snakes": [
      {
        "id": "gs_gQBXySccBpfWgjXHJYcDTXGK",
        "name": "Milktea",
        "latency": "198",
        "health": 92,
        "body": [
          {
            "x": 1,
            "y": 9
          },
          {
            "x": 1,
            "y": 8
          },
          {
            "x": 1,
            "y": 7
          }
        ],
        "head": {
          "x": 1,
          "y": 9
        },
        "length": 3,
        "shout": ""
      },
      {
        "id": "gs_FBfSwYv383ckBD6xjxMqFSR7",
        "name": "Jormungand 0.1.0",
        "latency": "50",
        "health": 100,
        "body": [
          {
            "x": 5,
            "y": 5
          },
          {
            "x": 4,
            "y": 5
          },
          {
            "x": 3,
            "y": 5
          },
          {
            "x": 3,
            "y": 5
          }
        ],
        "head": {
          "x": 5,
          "y": 5
        },
        "length": 4,
        "shout": "I am moving up!"
      }
    ],
    "food": [
      {
        "x": 0,
        "y": 0
      },
      {
        "x": 2,
        "y": 10
      },
      {
        "x": 2,
        "y": 0
      }
    ],
    "you": {
      "id": "gs_FBfSwYv383ckBD6xjxMqFSR7",
      "name": "Jormungand 0.1.0",
      "latency": "50",
      "health": 100,
      "body": [
        {
          "x": 5,
          "y": 5
        },
        {
          "x": 4,
          "y": 5
        },
        {
          "x": 3,
          "y": 5
        },
        {
          "x": 3,
          "y": 5
        }
      ],
      "head": {
        "x": 5,
        "y": 5
      },
      "length": 4,
      "shout": "I am moving up!"
    },
    "snakeId": "gs_FBfSwYv383ckBD6xjxMqFSR7",
    "name": "Jormungand 0.1.0",
    "latency": "50",
    "health": 100,
    "body": [
      {
        "x": 5,
        "y": 5
      },
      {
        "x": 4,
        "y": 5
      },
      {
        "x": 3,
        "y": 5
      },
      {
        "x": 3,
        "y": 5
      }
    ],
    "head": {
      "x": 5,
      "y": 5
    },
    "length": 4,
    "shout": "I am moving up!"
  },
  {
    "gameId": "96005150-4ecd-46e7-a3f7-fb9fc225d752",
    "ruleset": {
      "name": "standard",
      "version": "v1.0.17"
    },
    "timeout": 500,
    "turn": 9,
    "width": 11,
    "height": 11,
    "snakes": [
      {
        "id": "gs_gQBXySccBpfWgjXHJYcDTXGK",
        "name": "Milktea",
        "latency": "188",
        "health": 91,
        "body": [
          {
            "x": 1,
            "y": 10
          },
          {
            "x": 1,
            "y": 9
          },
          {
            "x": 1,
            "y": 8
          }
        ],
        "head": {
          "x": 1,
          "y": 10
        },
        "length": 3,
        "shout": ""
      },
      {
        "id": "gs_FBfSwYv383ckBD6xjxMqFSR7",
        "name": "Jormungand 0.1.0",
        "latency": "50",
        "health": 99,
        "body": [
          {
            "x": 6,
            "y": 5
          },
          {
            "x": 5,
            "y": 5
          },
          {
            "x": 4,
            "y": 5
          },
          {
            "x": 3,
            "y": 5
          }
        ],
        "head": {
          "x": 6,
          "y": 5
        },
        "length": 4,
        "shout": "I am moving up!"
      }
    ],
    "food": [
      {
        "x": 0,
        "y": 0
      },
      {
        "x": 2,
        "y": 10
      },
      {
        "x": 2,
        "y": 0
      }
    ],
    "you": {
      "id": "gs_FBfSwYv383ckBD6xjxMqFSR7",
      "name": "Jormungand 0.1.0",
      "latency": "50",
      "health": 99,
      "body": [
        {
          "x": 6,
          "y": 5
        },
        {
          "x": 5,
          "y": 5
        },
        {
          "x": 4,
          "y": 5
        },
        {
          "x": 3,
          "y": 5
        }
      ],
      "head": {
        "x": 6,
        "y": 5
      },
      "length": 4,
      "shout": "I am moving up!"
    },
    "snakeId": "gs_FBfSwYv383ckBD6xjxMqFSR7",
    "name": "Jormungand 0.1.0",
    "latency": "50",
    "health": 99,
    "body": [
      {
        "x": 6,
        "y": 5
      },
      {
        "x": 5,
        "y": 5
      },
      {
        "x": 4,
        "y": 5
      },
      {
        "x": 3,
        "y": 5
      }
    ],
    "head": {
      "x": 6,
      "y": 5
    },
    "length": 4,
    "shout": "I am moving up!"
  }
]