[
  {
    "gameId": "a72f7a7a-0ee1-4baf-bea0-ea15b024f576",
    "ruleset": {
      "name": "standard",
      "version": "v1.0.17"
    },
    "timeout": 500,
    "turn": 0,
    "width": 11,
    "height": 11,
    "snakes": [
      {
        "id": "gs_8HDvhymfrS3GrqyGVtYhTQQM",
        "name": "Jormungand 0.1.0",
        "latency": "",
        "health": 100,
        "body": [
          {
            "x": 9,
            "y": 9
          },
          {
            "x": 9,
            "y": 9
          },
          {
            "x": 9,
            "y": 9
          }
        ],
        "head": {
          "x": 9,
          "y": 9
        },
        "length": 3,
        "shout": ""
      },
      {
        "id": "gs_XSB49Sk9S3JDrKMGV3h8PF8F",
        "name": "Jormungand 0.1.0",
        "latency": "",
        "health": 100,
        "body": [
          {
            "x": 5,
            "y": 9
          },
          {
            "x": 5,
            "y": 9
          },
          {
            "x": 5,
            "y": 9
          }
        ],
        "head": {
          "x": 5,
          "y": 9
        },
        "length": 3,
        "shout": ""
      }
    ],
    "you": {
      "id": "gs_XSB49Sk9S3JDrKMGV3h8PF8F",
      "name": "Jormungand 0.1.0",
      "latency": "",
      "health": 100,
      "body": [
        {
          "x": 5,
          "y": 9
        },
        {
          "x": 5,
          "y": 9
        },
        {
          "x": 5,
          "y": 9
        }
      ],
      "head": {
        "x": 5,
        "y": 9
      },
      "length": 3,
      "shout": ""
    },
    "snakeId": "gs_XSB49Sk9S3JDrKMGV3h8PF8F",
    "name": "Jormungand 0.1.0",
    "latency": "",
    "health": 100,
    "body": [
      {
        "x": 5,
        "y": 9
      },
      {
        "x": 5,
        "y": 9
      },
      {
        "x": 5,
        "y": 9
      }
    ],
    "head": {
      "x": 5,
      "y": 9
    },
    "length": 3,
    "shout": ""
  },
  {
    "gameId": "a72f7a7a-0ee1-4baf-bea0-ea15b024f576",
    "ruleset": {
      "name": "standard",
      "version": "v1.0.17"
    },
    "timeout": 500,
    "turn": 0,
    "width": 11,
    "height": 11,
    "snakes": [
      {
        "id": "gs_8HDvhymfrS3GrqyGVtYhTQQM",
        "name": "Jormungand 0.1.0",
        "latency": "",
        "health": 100,
        "body": [
          {
            "x": 9,
            "y": 9
          },
          {
            "x": 9,
            "y": 9
          },
          {
            "x": 9,
            "y": 9
          }
        ],
        "head": {
          "x": 9,
          "y": 9
        },
        "length": 3,
        "shout": ""
      },
      {
        "id": "gs_XSB49Sk9S3JDrKMGV3h8PF8F",
        "name": "Jormungand 0.1.0",
        "latency": "",
        "health": 100,
        "body": [
          {
            "x": 5,
            "y": 9
          },
          {
            "x": 5,
            "y": 9
          },
          {
            "x": 5,
            "y": 9
          }
        ],
        "head": {
          "x": 5,
          "y": 9
        },
        "length": 3,
        "shout": ""
      }
    ],
    "you": {
      "id": "gs_XSB49Sk9S3JDrKMGV3h8PF8F",
      "name": "Jormungand 0.1.0",
      "latency": "",
      "health": 100,
      "body": [
        {
          "x": 5,
          "y": 9
        },
        {
          "x": 5,
          "y": 9
        },
        {
          "x": 5,
          "y": 9
        }
      ],
      "head": {
        "x": 5,
        "y": 9
      },
      "length": 3,
      "shout": ""
    },
    "snakeId": "gs_XSB49Sk9S3JDrKMGV3h8PF8F",
    "name": "Jormungand 0.1.0",
    "latency": "",
    "health": 100,
    "body": [
      {
        "x": 5,
        "y": 9
      },
      {
        "x": 5,
        "y": 9
      },
      {
        "x": 5,
        "y": 9
      }
    ],
    "head": {
      "x": 5,
      "y": 9
    },
    "length": 3,
    "shout": ""
  },
  {
    "gameId": "a72f7a7a-0ee1-4baf-bea0-ea15b024f576",
    "ruleset": {
      "name": "standard",
      "version": "v1.0.17"
    },
    "timeout": 500,
    "turn": 1,
    "width": 11,
    "height": 11,
    "snakes": [
      {
        "id": "gs_8HDvhymfrS3GrqyGVtYhTQQM",
        "name": "Jormungand 0.1.0",
        "latency": "108",
        "health": 99,
        "body": [
          {
            "x": 8,
            "y": 9
          },
          {
            "x": 9,
            "y": 9
          },
          {
            "x": 9,
            "y": 9
          }
        ],
        "head": {
          "x": 8,
          "y": 9
        },
        "length": 3,
        "shout": "I am moving up!"
      },
      {
        "id": "gs_XSB49Sk9S3JDrKMGV3h8PF8F",
        "name": "Jormungand 0.1.0",
        "latency": "107",
        "health": 99,
        "body": [
          {
            "x": 4,
            "y": 9
          },
          {
            "x": 5,
            "y": 9
          },
          {
            "x": 5,
            "y": 9
          }
        ],
        "head": {
          "x": 4,
          "y": 9
        },
        "length": 3,
        "shout": "I am moving up!"
      }
    ],
    "you": {
      "id": "gs_XSB49Sk9S3JDrKMGV3h8PF8F",
      "name": "Jormungand 0.1.0",
      "latency": "107",
      "health": 99,
      "body": [
        {
          "x": 4,
          "y": 9
        },
        {
          "x": 5,
          "y": 9
        },
        {
          "x": 5,
          "y": 9
        }
      ],
      "head": {
        "x": 4,
        "y": 9
      },
      "length": 3,
      "shout": "I am moving up!"
    },
    "snakeId": "gs_XSB49Sk9S3JDrKMGV3h8PF8F",
    "name": "Jormungand 0.1.0",
    "latency": "107",
    "health": 99,
    "body": [
      {
        "x": 4,
        "y": 9
      },
      {
        "x": 5,
        "y": 9
      },
      {
        "x": 5,
        "y": 9
      }
    ],
    "head": {
      "x": 4,
      "y": 9
    },
    "length": 3,
    "shout": "I am moving up!"
  },
  {
    "gameId": "a72f7a7a-0ee1-4baf-bea0-ea15b024f576",
    "ruleset": {
      "name": "standard",
      "version": "v1.0.17"
    },
    "timeout": 500,
    "turn": 2,
    "width": 11,
    "height": 11,
    "snakes": [
      {
        "id": "gs_8HDvhymfrS3GrqyGVtYhTQQM",
        "name": "Jormungand 0.1.0",
        "latency": "51",
        "health": 98,
        "body": [
          {
            "x": 7,
            "y": 9
          },
          {
            "x": 8,
            "y": 9
          },
          {
            "x": 9,
            "y": 9
          }
        ],
        "head": {
          "x": 7,
          "y": 9
        },
        "length": 3,
        "shout": "I am moving up!"
      },
      {
        "id": "gs_XSB49Sk9S3JDrKMGV3h8PF8F",
        "name": "Jormungand 0.1.0",
        "latency": "50",
        "health": 98,
        "body": [
          {
            "x": 3,
            "y": 9
          },
          {
            "x": 4,
            "y": 9
          },
          {
            "x": 5,
            "y": 9
          }
        ],
        "head": {
          "x": 3,
          "y": 9
        },
        "length": 3,
        "shout": "I am moving up!"
      }
    ],
    "you": {
      "id": "gs_XSB49Sk9S3JDrKMGV3h8PF8F",
      "name": "Jormungand 0.1.0",
      "latency": "50",
      "health": 98,
      "body": [
        {
          "x": 3,
          "y": 9
        },
        {
          "x": 4,
          "y": 9
        },
        {
          "x": 5,
          "y": 9
        }
      ],
      "head": {
        "x": 3,
        "y": 9
      },
      "length": 3,
      "shout": "I am moving up!"
    },
    "snakeId": "gs_XSB49Sk9S3JDrKMGV3h8PF8F",
    "name": "Jormungand 0.1.0",
    "latency": "50",
    "health": 98,
    "body": [
      {
        "x": 3,
        "y": 9
      },
      {
        "x": 4,
        "y": 9
      },
      {
        "x": 5,
        "y": 9
      }
    ],
    "head": {
      "x": 3,
      "y": 9
    },
    "length": 3,
    "shout": "I am moving up!"
  },
  {
    "gameId": "a72f7a7a-0ee1-4baf-bea0-ea15b024f576",
    "ruleset": {
      "name": "standard",
      "version": "v1.0.17"
    },
    "timeout": 500,
    "turn": 3,
    "width": 11,
    "height": 11,
    "snakes": [
      {
        "id": "gs_8HDvhymfrS3GrqyGVtYhTQQM",
        "name": "Jormungand 0.1.0",
        "latency": "50",
        "health": 97,
        "body": [
          {
            "x": 7,
            "y": 8
          },
          {
            "x": 7,
            "y": 9
          },
          {
            "x": 8,
            "y": 9
          }
        ],
        "head": {
          "x": 7,
          "y": 8
        },
        "length": 3,
        "shout": "I am moving up!"
      },
      {
        "id": "gs_XSB49Sk9S3JDrKMGV3h8PF8F",
        "name": "Jormungand 0.1.0",
        "latency": "52",
        "health": 97,
        "body": [
          {
            "x": 3,
            "y": 8
          },
          {
            "x": 3,
            "y": 9
          },
          {
            "x": 4,
            "y": 9
          }
        ],
        "head": {
          "x": 3,
          "y": 8
        },
        "length": 3,
        "shout": "I am moving up!"
      }
    ],
    "you": {
      "id": "gs_XSB49Sk9S3JDrKMGV3h8PF8F",
      "name": "Jormungand 0.1.0",
      "latency": "52",
      "health": 97,
      "body": [
        {
          "x": 3,
          "y": 8
        },
        {
          "x": 3,
          "y": 9
        },
        {
          "x": 4,
          "y": 9
        }
      ],
      "head": {
        "x": 3,
        "y": 8
      },
      "length": 3,
      "shout": "I am moving up!"
    },
    "snakeId": "gs_XSB49Sk9S3JDrKMGV3h8PF8F",
    "name": "Jormungand 0.1.0",
    "latency": "52",
    "health": 97,
    "body": [
      {
        "x": 3,
        "y": 8
      },
      {
        "x": 3,
        "y": 9
      },
      {
        "x": 4,
        "y": 9
      }
    ],
    "head": {
      "x": 3,
      "y": 8
    },
    "length": 3,
    "shout": "I am moving up!"
  },
  {
    "gameId": "a72f7a7a-0ee1-4baf-bea0-ea15b024f576",
    "ruleset": {
      "name": "standard",
      "version": "v1.0.17"
    },
    "timeout": 500,
    "turn": 4,
    "width": 11,
    "height": 11,
    "snakes": [
      {
        "id": "gs_8HDvhymfrS3GrqyGVtYhTQQM",
        "name": "Jormungand 0.1.0",
        "latency": "50",
        "health": 96,
        "body": [
          {
            "x": 6,
            "y": 8
          },
          {
            "x": 7,
            "y": 8
          },
          {
            "x": 7,
            "y": 9
          }
        ],
        "head": {
          "x": 6,
          "y": 8
        },
        "length": 3,
        "shout": "I am moving up!"
      },
      {
        "id": "gs_XSB49Sk9S3JDrKMGV3h8PF8F",
        "name": "Jormungand 0.1.0",
        "latency": "51",
        "health": 96,
        "body": [
          {
            "x": 4,
            "y": 8
          },
          {
            "x": 3,
            "y": 8
          },
          {
            "x": 3,
            "y": 9
          }
        ],
        "head": {
          "x": 4,
          "y": 8
        },
        "length": 3,
        "shout": "I am moving up!"
      }
    ],
    "you": {
      "id": "gs_XSB49Sk9S3JDrKMGV3h8PF8F",
      "name": "Jormungand 0.1.0",
      "latency": "51",
      "health": 96,
      "body": [
        {
          "x": 4,
          "y": 8
        },
        {
          "x": 3,
          "y": 8
        },
        {
          "x": 3,
          "y": 9
        }
      ],
      "head": {
        "x": 4,
        "y": 8
      },
      "length": 3,
      "shout": "I am moving up!"
    },
    "snakeId": "gs_XSB49Sk9S3JDrKMGV3h8PF8F",
    "name": "Jormungand 0.1.0",
    "latency": "51",
    "health": 96,
    "body": [
      {
        "x": 4,
        "y": 8
      },
      {
        "x": 3,
        "y": 8
      },
      {
        "x": 3,
        "y": 9
      }
    ],
    "head": {
      "x": 4,
      "y": 8
    },
    "length": 3,
    "shout": "I am moving up!"
  }
]