[
  {
    "gameId": "a8c65048-63d6-47d4-b7cf-04af1d9de605",
    "ruleset": {
      "name": "standard",
      "version": "v1.0.17"
    },
    "timeout": 500,
    "turn": 0,
    "width": 11,
    "height": 11,
    "snakes": [
      {
        "id": "gs_qXVycjFgVcV3hB4W8CtHBKYQ",
        "name": "Purple Dragoony Snake",
        "latency": "",
        "health": 100,
        "body": [
          {
            "x": 1,
            "y": 5
          },
          {
            "x": 1,
            "y": 5
          },
          {
            "x": 1,
            "y": 5
          }
        ],
        "head": {
          "x": 1,
          "y": 5
        },
        "length": 3,
        "shout": ""
      },
      {
        "id": "gs_rgXJxX8JXx9R4SYcxyQ8X64f",
        "name": "Jormungand 0.1.0",
        "latency": "",
        "health": 100,
        "body": [
          {
            "x": 1,
            "y": 1
          },
          {
            "x": 1,
            "y": 1
          },
          {
            "x": 1,
            "y": 1
          }
        ],
        "head": {
          "x": 1,
          "y": 1
        },
        "length": 3,
        "shout": ""
      }
    ],
    "food": [
      {
        "x": 2,
        "y": 4
      },
      {
        "x": 0,
        "y": 2
      },
      {
        "x": 5,
        "y": 5
      }
    ],
    "you": {
      "id": "gs_rgXJxX8JXx9R4SYcxyQ8X64f",
      "name": "Jormungand 0.1.0",
      "latency": "",
      "health": 100,
      "body": [
        {
          "x": 1,
          "y": 1
        },
        {
          "x": 1,
          "y": 1
        },
        {
          "x": 1,
          "y": 1
        }
      ],
      "head": {
        "x": 1,
        "y": 1
      },
      "length": 3,
      "shout": ""
    },
    "snakeId": "gs_rgXJxX8JXx9R4SYcxyQ8X64f",
    "name": "Jormungand 0.1.0",
    "latency": "",
    "health": 100,
    "body": [
      {
        "x": 1,
        "y": 1
      },
      {
        "x": 1,
        "y": 1
      },
      {
        "x": 1,
        "y": 1
      }
    ],
    "head": {
      "x": 1,
      "y": 1
    },
    "length": 3,
    "shout": ""
  },
  {
    "gameId": "a8c65048-63d6-47d4-b7cf-04af1d9de605",
    "ruleset": {
      "name": "standard",
      "version": "v1.0.17"
    },
    "timeout": 500,
    "turn": 0,
    "width": 11,
    "height": 11,
    "snakes": [
      {
        "id": "gs_qXVycjFgVcV3hB4W8CtHBKYQ",
        "name": "Purple Dragoony Snake",
        "latency": "",
        "health": 100,
        "body": [
          {
            "x": 1,
            "y": 5
          },
          {
            "x": 1,
            "y": 5
          },
          {
            "x": 1,
            "y": 5
          }
        ],
        "head": {
          "x": 1,
          "y": 5
        },
        "length": 3,
        "shout": ""
      },
      {
        "id": "gs_rgXJxX8JXx9R4SYcxyQ8X64f",
        "name": "Jormungand 0.1.0",
        "latency": "",
        "health": 100,
        "body": [
          {
            "x": 1,
            "y": 1
          },
          {
            "x": 1,
            "y": 1
          },
          {
            "x": 1,
            "y": 1
          }
        ],
        "head": {
          "x": 1,
          "y": 1
        },
        "length": 3,
        "shout": ""
      }
    ],
    "food": [
      {
        "x": 2,
        "y": 4
      },
      {
        "x": 0,
        "y": 2
      },
      {
        "x": 5,
        "y": 5
      }
    ],
    "you": {
      "id": "gs_rgXJxX8JXx9R4SYcxyQ8X64f",
      "name": "Jormungand 0.1.0",
      "latency": "",
      "health": 100,
      "body": [
        {
          "x": 1,
          "y": 1
        },
        {
          "x": 1,
          "y": 1
        },
        {
          "x": 1,
          "y": 1
        }
      ],
      "head": {
        "x": 1,
        "y": 1
      },
      "length": 3,
      "shout": ""
    },
    "snakeId": "gs_rgXJxX8JXx9R4SYcxyQ8X64f",
    "name": "Jormungand 0.1.0",
    "latency": "",
    "health": 100,
    "body": [
      {
        "x": 1,
        "y": 1
      },
      {
        "x": 1,
        "y": 1
      },
      {
        "x": 1,
        "y": 1
      }
    ],
    "head": {
      "x": 1,
      "y": 1
    },
    "length": 3,
    "shout": ""
  },
  {
    "gameId": "a8c65048-63d6-47d4-b7cf-04af1d9de605",
    "ruleset": {
      "name": "standard",
      "version": "v1.0.17"
    },
    "timeout": 500,
    "turn": 1,
    "width": 11,
    "height": 11,
    "snakes": [
      {
        "id": "gs_qXVycjFgVcV3hB4W8CtHBKYQ",
        "name": "Purple Dragoony Snake",
        "latency": "298",
        "health": 99,
        "body": [
          {
            "x": 1,
            "y": 6
          },
          {
            "x": 1,
            "y": 5
          },
          {
            "x": 1,
            "y": 5
          }
        ],
        "head": {
          "x": 1,
          "y": 6
        },
        "length": 3,
        "shout": ""
      },
      {
        "id": "gs_rgXJxX8JXx9R4SYcxyQ8X64f",
        "name": "Jormungand 0.1.0",
        "latency": "104",
        "health": 99,
        "body": [
          {
            "x": 1,
            "y": 0
          },
          {
            "x": 1,
            "y": 1
          },
          {
            "x": 1,
            "y": 1
          }
        ],
        "head": {
          "x": 1,
          "y": 0
        },
        "length": 3,
        "shout": "I am moving up!"
      }
    ],
    "food": [
      {
        "x": 2,
        "y": 4
      },
      {
        "x": 0,
        "y": 2
      },
      {
        "x": 5,
        "y": 5
      }
    ],
    "you": {
      "id": "gs_rgXJxX8JXx9R4SYcxyQ8X64f",
      "name": "Jormungand 0.1.0",
      "latency": "104",
      "health": 99,
      "body": [
        {
          "x": 1,
          "y": 0
        },
        {
          "x": 1,
          "y": 1
        },
        {
          "x": 1,
          "y": 1
        }
      ],
      "head": {
        "x": 1,
        "y": 0
      },
      "length": 3,
      "shout": "I am moving up!"
    },
    "snakeId": "gs_rgXJxX8JXx9R4SYcxyQ8X64f",
    "name": "Jormungand 0.1.0",
    "latency": "104",
    "health": 99,
    "body": [
      {
        "x": 1,
        "y": 0
      },
      {
        "x": 1,
        "y": 1
      },
      {
        "x": 1,
        "y": 1
      }
    ],
    "head": {
      "x": 1,
      "y": 0
    },
    "length": 3,
    "shout": "I am moving up!"
  },
  {
    "gameId": "a8c65048-63d6-47d4-b7cf-04af1d9de605",
    "ruleset": {
      "name": "standard",
      "version": "v1.0.17"
    },
    "timeout": 500,
    "turn": 2,
    "width": 11,
    "height": 11,
    "snakes": [
      {
        "id": "gs_qXVycjFgVcV3hB4W8CtHBKYQ",
        "name": "Purple Dragoony Snake",
        "latency": "296",
        "health": 98,
        "body": [
          {
            "x": 1,
            "y": 7
          },
          {
            "x": 1,
            "y": 6
          },
          {
            "x": 1,
            "y": 5
          }
        ],
        "head": {
          "x": 1,
          "y": 7
        },
        "length": 3,
        "shout": ""
      },
      {
        "id": "gs_rgXJxX8JXx9R4SYcxyQ8X64f",
        "name": "Jormungand 0.1.0",
        "latency": "49",
        "health": 98,
        "body": [
          {
            "x": 2,
            "y": 0
          },
          {
            "x": 1,
            "y": 0
          },
          {
            "x": 1,
            "y": 1
          }
        ],
        "head": {
          "x": 2,
          "y": 0
        },
        "length": 3,
        "shout": "I am moving up!"
      }
    ],
    "food": [
      {
        "x": 2,
        "y": 4
      },
      {
        "x": 0,
        "y": 2
      },
      {
        "x": 5,
        "y": 5
      }
    ],
    "you": {
      "id": "gs_rgXJxX8JXx9R4SYcxyQ8X64f",
      "name": "Jormungand 0.1.0",
      "latency": "49",
      "health": 98,
      "body": [
        {
          "x": 2,
          "y": 0
        },
        {
          "x": 1,
          "y": 0
        },
        {
          "x": 1,
          "y": 1
        }
      ],
      "head": {
        "x": 2,
        "y": 0
      },
      "length": 3,
      "shout": "I am moving up!"
    },
    "snakeId": "gs_rgXJxX8JXx9R4SYcxyQ8X64f",
    "name": "Jormungand 0.1.0",
    "latency": "49",
    "health": 98,
    "body": [
      {
        "x": 2,
        "y": 0
      },
      {
        "x": 1,
        "y": 0
      },
      {
        "x": 1,
        "y": 1
      }
    ],
    "head": {
      "x": 2,
      "y": 0
    },
    "length": 3,
    "shout": "I am moving up!"
  },
  {
    "gameId": "a8c65048-63d6-47d4-b7cf-04af1d9de605",
    "ruleset": {
      "name": "standard",
      "version": "v1.0.17"
    },
    "timeout": 500,
    "turn": 3,
    "width": 11,
    "height": 11,
    "snakes": [
      {
        "id": "gs_qXVycjFgVcV3hB4W8CtHBKYQ",
        "name": "Purple Dragoony Snake",
        "latency": "301",
        "health": 97,
        "body": [
          {
            "x": 1,
            "y": 8
          },
          {
            "x": 1,
            "y": 7
          },
          {
            "x": 1,
            "y": 6
          }
        ],
        "head": {
          "x": 1,
          "y": 8
        },
        "length": 3,
        "shout": ""
      },
      {
        "id": "gs_rgXJxX8JXx9R4SYcxyQ8X64f",
        "name": "Jormungand 0.1.0",
        "latency": "50",
        "health": 97,
        "body": [
          {
            "x": 2,
            "y": 1
          },
          {
            "x": 2,
            "y": 0
          },
          {
            "x": 1,
            "y": 0
          }
        ],
        "head": {
          "x": 2,
          "y": 1
        },
        "length": 3,
        "shout": "I am moving up!"
      }
    ],
    "food": [
      {
        "x": 2,
        "y": 4
      },
      {
        "x": 0,
        "y": 2
      },
      {
        "x": 5,
        "y": 5
      }
    ],
    "you": {
      "id": "gs_rgXJxX8JXx9R4SYcxyQ8X64f",
      "name": "Jormungand 0.1.0",
      "latency": "50",
      "health": 97,
      "body": [
        {
          "x": 2,
          "y": 1
        },
        {
          "x": 2,
          "y": 0
        },
        {
          "x": 1,
          "y": 0
        }
      ],
      "head": {
        "x": 2,
        "y": 1
      },
      "length": 3,
      "shout": "I am moving up!"
    },
    "snakeId": "gs_rgXJxX8JXx9R4SYcxyQ8X64f",
    "name": "Jormungand 0.1.0",
    "latency": "50",
    "health": 97,
    "body": [
      {
        "x": 2,
        "y": 1
      },
      {
        "x": 2,
        "y": 0
      },
      {
        "x": 1,
        "y": 0
      }
    ],
    "head": {
      "x": 2,
      "y": 1
    },
    "length": 3,
    "shout": "I am moving up!"
  },
  {
    "gameId": "a8c65048-63d6-47d4-b7cf-04af1d9de605",
    "ruleset": {
      "name": "standard",
      "version": "v1.0.17"
    },
    "timeout": 500,
    "turn": 4,
    "width": 11,
    "height": 11,
    "snakes": [
      {
        "id": "gs_qXVycjFgVcV3hB4W8CtHBKYQ",
        "name": "Purple Dragoony Snake",
        "latency": "299",
        "health": 96,
        "body": [
          {
            "x": 1,
            "y": 9
          },
          {
            "x": 1,
            "y": 8
          },
          {
            "x": 1,
            "y": 7
          }
        ],
        "head": {
          "x": 1,
          "y": 9
        },
        "length": 3,
        "shout": ""
      },
      {
        "id": "gs_rgXJxX8JXx9R4SYcxyQ8X64f",
        "name": "Jormungand 0.1.0",
        "latency": "50",
        "health": 96,
        "body": [
          {
            "x": 1,
            "y": 1
          },
          {
            "x": 2,
            "y": 1
          },
          {
            "x": 2,
            "y": 0
          }
        ],
        "head": {
          "x": 1,
          "y": 1
        },
        "length": 3,
        "shout": "I am moving up!"
      }
    ],
    "food": [
      {
        "x": 2,
        "y": 4
      },
      {
        "x": 0,
        "y": 2
      },
      {
        "x": 5,
        "y": 5
      }
    ],
    "you": {
      "id": "gs_rgXJxX8JXx9R4SYcxyQ8X64f",
      "name": "Jormungand 0.1.0",
      "latency": "50",
      "health": 96,
      "body": [
        {
          "x": 1,
          "y": 1
        },
        {
          "x": 2,
          "y": 1
        },
        {
          "x": 2,
          "y": 0
        }
      ],
      "head": {
        "x": 1,
        "y": 1
      },
      "length": 3,
      "shout": "I am moving up!"
    },
    "snakeId": "gs_rgXJxX8JXx9R4SYcxyQ8X64f",
    "name": "Jormungand 0.1.0",
    "latency": "50",
    "health": 96,
    "body": [
      {
        "x": 1,
        "y": 1
      },
      {
        "x": 2,
        "y": 1
      },
      {
        "x": 2,
        "y": 0
      }
    ],
    "head": {
      "x": 1,
      "y": 1
    },
    "length": 3,
    "shout": "I am moving up!"
  },
  {
    "gameId": "a8c65048-63d6-47d4-b7cf-04af1d9de605",
    "ruleset": {
      "name": "standard",
      "version": "v1.0.17"
    },
    "timeout": 500,
    "turn": 5,
    "width": 11,
    "height": 11,
    "snakes": [
      {
        "id": "gs_qXVycjFgVcV3hB4W8CtHBKYQ",
        "name": "Purple Dragoony Snake",
        "latency": "297",
        "health": 95,
        "body": [
          {
            "x": 1,
            "y": 10
          },
          {
            "x": 1,
            "y": 9
          },
          {
            "x": 1,
            "y": 8
          }
        ],
        "head": {
          "x": 1,
          "y": 10
        },
        "length": 3,
        "shout": ""
      },
      {
        "id": "gs_rgXJxX8JXx9R4SYcxyQ8X64f",
        "name": "Jormungand 0.1.0",
        "latency": "52",
        "health": 95,
        "body": [
          {
            "x": 1,
            "y": 2
          },
          {
            "x": 1,
            "y": 1
          },
          {
            "x": 2,
            "y": 1
          }
        ],
        "head": {
          "x": 1,
          "y": 2
        },
        "length": 3,
        "shout": "I am moving up!"
      }
    ],
    "food": [
      {
        "x": 2,
        "y": 4
      },
      {
        "x": 0,
        "y": 2
      },
      {
        "x": 5,
        "y": 5
      }
    ],
    "you": {
      "id": "gs_rgXJxX8JXx9R4SYcxyQ8X64f",
      "name": "Jormungand 0.1.0",
      "latency": "52",
      "health": 95,
      "body": [
        {
          "x": 1,
          "y": 2
        },
        {
          "x": 1,
          "y": 1
        },
        {
          "x": 2,
          "y": 1
        }
      ],
      "head": {
        "x": 1,
        "y": 2
      },
      "length": 3,
      "shout": "I am moving up!"
    },
    "snakeId": "gs_rgXJxX8JXx9R4SYcxyQ8X64f",
    "name": "Jormungand 0.1.0",
    "latency": "52",
    "health": 95,
    "body": [
      {
        "x": 1,
        "y": 2
      },
      {
        "x": 1,
        "y": 1
      },
      {
        "x": 2,
        "y": 1
      }
    ],
    "head": {
      "x": 1,
      "y": 2
    },
    "length": 3,
    "shout": "I am moving up!"
  }
]