[
  {
    "gameId": "d1d7c4e9-1b31-46ab-a372-47cebab1005d",
    "ruleset": {
      "name": "standard",
      "version": "v1.0.17"
    },
    "timeout": 500,
    "turn": 0,
    "width": 11,
    "height": 11,
    "snakes": [
      {
        "id": "gs_Pt3vk44JTWKmqHCjXYqcPH8G",
        "name": "Bushmaster2.0",
        "latency": "",
        "health": 100,
        "body": [
          {
            "x": 9,
            "y": 1
          },
          {
            "x": 9,
            "y": 1
          },
          {
            "x": 9,
            "y": 1
          }
        ],
        "head": {
          "x": 9,
          "y": 1
        },
        "length": 3,
        "shout": ""
      },
      {
        "id": "gs_DRPKY6ddGH8PXHYHjWp8qphK",
        "name": "Jormungand 0.1.0",
        "latency": "",
        "health": 100,
        "body": [
          {
            "x": 9,
            "y": 5
          },
          {
            "x": 9,
            "y": 5
          },
          {
            "x": 9,
            "y": 5
          }
        ],
        "head": {
          "x": 9,
          "y": 5
        },
        "length": 3,
        "shout": ""
      }
    ],
    "food": [
      {
        "x": 10,
        "y": 2
      },
      {
        "x": 10,
        "y": 4
      },
      {
        "x": 5,
        "y": 5
      }
    ],
    "you": {
      "id": "gs_DRPKY6ddGH8PXHYHjWp8qphK",
      "name": "Jormungand 0.1.0",
      "latency": "",
      "health": 100,
      "body": [
        {
          "x": 9,
          "y": 5
        },
        {
          "x": 9,
          "y": 5
        },
        {
          "x": 9,
          "y": 5
        }
      ],
      "head": {
        "x": 9,
        "y": 5
      },
      "length": 3,
      "shout": ""
    },
    "snakeId": "gs_DRPKY6ddGH8PXHYHjWp8qphK",
    "name": "Jormungand 0.1.0",
    "latency": "",
    "health": 100,
    "body": [
      {
        "x": 9,
        "y": 5
      },
      {
        "x": 9,
        "y": 5
      },
      {
        "x": 9,
        "y": 5
      }
    ],
    "head": {
      "x": 9,
      "y": 5
    },
    "length": 3,
    "shout": ""
  },
  {
    "gameId": "d1d7c4e9-1b31-46ab-a372-47cebab1005d",
    "ruleset": {
      "name": "standard",
      "version": "v1.0.17"
    },
    "timeout": 500,
    "turn": 0,
    "width": 11,
    "height": 11,
    "snakes": [
      {
        "id": "gs_Pt3vk44JTWKmqHCjXYqcPH8G",
        "name": "Bushmaster2.0",
        "latency": "",
        "health": 100,
        "body": [
          {
            "x": 9,
            "y": 1
          },
          {
            "x": 9,
            "y": 1
          },
          {
            "x": 9,
            "y": 1
          }
        ],
        "head": {
          "x": 9,
          "y": 1
        },
        "length": 3,
        "shout": ""
      },
      {
        "id": "gs_DRPKY6ddGH8PXHYHjWp8qphK",
        "name": "Jormungand 0.1.0",
        "latency": "",
        "health": 100,
        "body": [
          {
            "x": 9,
            "y": 5
          },
          {
            "x": 9,
            "y": 5
          },
          {
            "x": 9,
            "y": 5
          }
        ],
        "head": {
          "x": 9,
          "y": 5
        },
        "length": 3,
        "shout": ""
      }
    ],
    "food": [
      {
        "x": 10,
        "y": 2
      },
      {
        "x": 10,
        "y": 4
      },
      {
        "x": 5,
        "y": 5
      }
    ],
    "you": {
      "id": "gs_DRPKY6ddGH8PXHYHjWp8qphK",
      "name": "Jormungand 0.1.0",
      "latency": "",
      "health": 100,
      "body": [
        {
          "x": 9,
          "y": 5
        },
        {
          "x": 9,
          "y": 5
        },
        {
          "x": 9,
          "y": 5
        }
      ],
      "head": {
        "x": 9,
        "y": 5
      },
      "length": 3,
      "shout": ""
    },
    "snakeId": "gs_DRPKY6ddGH8PXHYHjWp8qphK",
    "name": "Jormungand 0.1.0",
    "latency": "",
    "health": 100,
    "body": [
      {
        "x": 9,
        "y": 5
      },
      {
        "x": 9,
        "y": 5
      },
      {
        "x": 9,
        "y": 5
      }
    ],
    "head": {
      "x": 9,
      "y": 5
    },
    "length": 3,
    "shout": ""
  },
  {
    "gameId": "d1d7c4e9-1b31-46ab-a372-47cebab1005d",
    "ruleset": {
      "name": "standard",
      "version": "v1.0.17"
    },
    "timeout": 500,
    "turn": 1,
    "width": 11,
    "height": 11,
    "snakes": [
      {
        "id": "gs_Pt3vk44JTWKmqHCjXYqcPH8G",
        "name": "Bushmaster2.0",
        "latency": "0",
        "health": 99,
        "body": [
          {
            "x": 9,
            "y": 2
          },
          {
            "x": 9,
            "y": 1
          },
          {
            "x": 9,
            "y": 1
          }
        ],
        "head": {
          "x": 9,
          "y": 2
        },
        "length": 3,
        "shout": ""
      },
      {
        "id": "gs_DRPKY6ddGH8PXHYHjWp8qphK",
        "name": "Jormungand 0.1.0",
        "latency": "107",
        "health": 99,
        "body": [
          {
            "x": 8,
            "y": 5
          },
          {
            "x": 9,
            "y": 5
          },
          {
            "x": 9,
            "y": 5
          }
        ],
        "head": {
          "x": 8,
          "y": 5
        },
        "length": 3,
        "shout": "I am moving up!"
      }
    ],
    "food": [
      {
        "x": 10,
        "y": 2
      },
      {
        "x": 10,
        "y": 4
      },
      {
        "x": 5,
        "y": 5
      }
    ],
    "you": {
      "id": "gs_DRPKY6ddGH8PXHYHjWp8qphK",
      "name": "Jormungand 0.1.0",
      "latency": "107",
      "health": 99,
      "body": [
        {
          "x": 8,
          "y": 5
        },
        {
          "x": 9,
          "y": 5
        },
        {
          "x": 9,
          "y": 5
        }
      ],
      "head": {
        "x": 8,
        "y": 5
      },
      "length": 3,
      "shout": "I am moving up!"
    },
    "snakeId": "gs_DRPKY6ddGH8PXHYHjWp8qphK",
    "name": "Jormungand 0.1.0",
    "latency": "107",
    "health": 99,
    "body": [
      {
        "x": 8,
        "y": 5
      },
      {
        "x": 9,
        "y": 5
      },
      {
        "x": 9,
        "y": 5
      }
    ],
    "head": {
      "x": 8,
      "y": 5
    },
    "length": 3,
    "shout": "I am moving up!"
  },
  {
    "gameId": "d1d7c4e9-1b31-46ab-a372-47cebab1005d",
    "ruleset": {
      "name": "standard",
      "version": "v1.0.17"
    },
    "timeout": 500,
    "turn": 2,
    "width": 11,
    "height": 11,
    "snakes": [
      {
        "id": "gs_Pt3vk44JTWKmqHCjXYqcPH8G",
        "name": "Bushmaster2.0",
        "latency": "0",
        "health": 98,
        "body": [
          {
            "x": 9,
            "y": 3
          },
          {
            "x": 9,
            "y": 2
          },
          {
            "x": 9,
            "y": 1
          }
        ],
        "head": {
          "x": 9,
          "y": 3
        },
        "length": 3,
        "shout": ""
      },
      {
        "id": "gs_DRPKY6ddGH8PXHYHjWp8qphK",
        "name": "Jormungand 0.1.0",
        "latency": "49",
        "health": 98,
        "body": [
          {
            "x": 8,
            "y": 4
          },
          {
            "x": 8,
            "y": 5
          },
          {
            "x": 9,
            "y": 5
          }
        ],
        "head": {
          "x": 8,
          "y": 4
        },
        "length": 3,
        "shout": "I am moving up!"
      }
    ],
    "food": [
      {
        "x": 10,
        "y": 2
      },
      {
        "x": 10,
        "y": 4
      },
      {
        "x": 5,
        "y": 5
      }
    ],
    "you": {
      "id": "gs_DRPKY6ddGH8PXHYHjWp8qphK",
      "name": "Jormungand 0.1.0",
      "latency": "49",
      "health": 98,
      "body": [
        {
          "x": 8,
          "y": 4
        },
        {
          "x": 8,
          "y": 5
        },
        {
          "x": 9,
          "y": 5
        }
      ],
      "head": {
        "x": 8,
        "y": 4
      },
      "length": 3,
      "shout": "I am moving up!"
    },
    "snakeId": "gs_DRPKY6ddGH8PXHYHjWp8qphK",
    "name": "Jormungand 0.1.0",
    "latency": "49",
    "health": 98,
    "body": [
      {
        "x": 8,
        "y": 4
      },
      {
        "x": 8,
        "y": 5
      },
      {
        "x": 9,
        "y": 5
      }
    ],
    "head": {
      "x": 8,
      "y": 4
    },
    "length": 3,
    "shout": "I am moving up!"
  },
  {
    "gameId": "d1d7c4e9-1b31-46ab-a372-47cebab1005d",
    "ruleset": {
      "name": "standard",
      "version": "v1.0.17"
    },
    "timeout": 500,
    "turn": 3,
    "width": 11,
    "height": 11,
    "snakes": [
      {
        "id": "gs_Pt3vk44JTWKmqHCjXYqcPH8G",
        "name": "Bushmaster2.0",
        "latency": "0",
        "health": 97,
        "body": [
          {
            "x": 9,
            "y": 4
          },
          {
            "x": 9,
            "y": 3
          },
          {
            "x": 9,
            "y": 2
          }
        ],
        "head": {
          "x": 9,
          "y": 4
        },
        "length": 3,
        "shout": ""
      },
      {
        "id": "gs_DRPKY6ddGH8PXHYHjWp8qphK",
        "name": "Jormungand 0.1.0",
        "latency": "49",
        "health": 97,
        "body": [
          {
            "x": 7,
            "y": 4
          },
          {
            "x": 8,
            "y": 4
          },
          {
            "x": 8,
            "y": 5
          }
        ],
        "head": {
          "x": 7,
          "y": 4
        },
        "length": 3,
        "shout": "I am moving up!"
      }
    ],
    "food": [
      {
        "x": 10,
        "y": 2
      },
      {
        "x": 10,
        "y": 4
      },
      {
        "x": 5,
        "y": 5
      }
    ],
    "you": {
      "id": "gs_DRPKY6ddGH8PXHYHjWp8qphK",
      "name": "Jormungand 0.1.0",
      "latency": "49",
      "health": 97,
      "body": [
        {
          "x": 7,
          "y": 4
        },
        {
          "x": 8,
          "y": 4
        },
        {
          "x": 8,
          "y": 5
        }
      ],
      "head": {
        "x": 7,
        "y": 4
      },
      "length": 3,
      "shout": "I am moving up!"
    },
    "snakeId": "gs_DRPKY6ddGH8PXHYHjWp8qphK",
    "name": "Jormungand 0.1.0",
    "latency": "49",
    "health": 97,
    "body": [
      {
        "x": 7,
        "y": 4
      },
      {
        "x": 8,
        "y": 4
      },
      {
        "x": 8,
        "y": 5
      }
    ],
    "head": {
      "x": 7,
      "y": 4
    },
    "length": 3,
    "shout": "I am moving up!"
  },
  {
    "gameId": "d1d7c4e9-1b31-46ab-a372-47cebab1005d",
    "ruleset": {
      "name": "standard",
      "version": "v1.0.17"
    },
    "timeout": 500,
    "turn": 4,
    "width": 11,
    "height": 11,
    "snakes": [
      {
        "id": "gs_Pt3vk44JTWKmqHCjXYqcPH8G",
        "name": "Bushmaster2.0",
        "latency": "0",
        "health": 96,
        "body": [
          {
            "x": 9,
            "y": 5
          },
          {
            "x": 9,
            "y": 4
          },
          {
            "x": 9,
            "y": 3
          }
        ],
        "head": {
          "x": 9,
          "y": 5
        },
        "length": 3,
        "shout": ""
      },
      {
        "id": "gs_DRPKY6ddGH8PXHYHjWp8qphK",
        "name": "Jormungand 0.1.0",
        "latency": "49",
        "health": 96,
        "body": [
          {
            "x": 7,
            "y": 3
          },
          {
            "x": 7,
            "y": 4
          },
          {
            "x": 8,
            "y": 4
          }
        ],
        "head": {
          "x": 7,
          "y": 3
        },
        "length": 3,
        "shout": "I am moving up!"
      }
    ],
    "food": [
      {
        "x": 10,
        "y": 2
      },
      {
        "x": 10,
        "y": 4
      },
      {
        "x": 5,
        "y": 5
      }
    ],
    "you": {
      "id": "gs_DRPKY6ddGH8PXHYHjWp8qphK",
      "name": "Jormungand 0.1.0",
      "latency": "49",
      "health": 96,
      "body": [
        {
          "x": 7,
          "y": 3
        },
        {
          "x": 7,
          "y": 4
        },
        {
          "x": 8,
          "y": 4
        }
      ],
      "head": {
        "x": 7,
        "y": 3
      },
      "length": 3,
      "shout": "I am moving up!"
    },
    "snakeId": "gs_DRPKY6ddGH8PXHYHjWp8qphK",
    "name": "Jormungand 0.1.0",
    "latency": "49",
    "health": 96,
    "body": [
      {
        "x": 7,
        "y": 3
      },
      {
        "x": 7,
        "y": 4
      },
      {
        "x": 8,
        "y": 4
      }
    ],
    "head": {
      "x": 7,
      "y": 3
    },
    "length": 3,
    "shout": "I am moving up!"
  },
  {
    "gameId": "d1d7c4e9-1b31-46ab-a372-47cebab1005d",
    "ruleset": {
      "name": "standard",
      "version": "v1.0.17"
    },
    "timeout": 500,
    "turn": 5,
    "width": 11,
    "height": 11,
    "snakes": [
      {
        "id": "gs_Pt3vk44JTWKmqHCjXYqcPH8G",
        "name": "Bushmaster2.0",
        "latency": "0",
        "health": 95,
        "body": [
          {
            "x": 9,
            "y": 6
          },
          {
            "x": 9,
            "y": 5
          },
          {
            "x": 9,
            "y": 4
          }
        ],
        "head": {
          "x": 9,
          "y": 6
        },
        "length": 3,
        "shout": ""
      },
      {
        "id": "gs_DRPKY6ddGH8PXHYHjWp8qphK",
        "name": "Jormungand 0.1.0",
        "latency": "49",
        "health": 95,
        "body": [
          {
            "x": 8,
            "y": 3
          },
          {
            "x": 7,
            "y": 3
          },
          {
            "x": 7,
            "y": 4
          }
        ],
        "head": {
          "x": 8,
          "y": 3
        },
        "length": 3,
        "shout": "I am moving up!"
      }
    ],
    "food": [
      {
        "x": 10,
        "y": 2
      },
      {
        "x": 10,
        "y": 4
      },
      {
        "x": 5,
        "y": 5
      },
      {
        "x": 7,
        "y": 8
      }
    ],
    "you": {
      "id": "gs_DRPKY6ddGH8PXHYHjWp8qphK",
      "name": "Jormungand 0.1.0",
      "latency": "49",
      "health": 95,
      "body": [
        {
          "x": 8,
          "y": 3
        },
        {
          "x": 7,
          "y": 3
        },
        {
          "x": 7,
          "y": 4
        }
      ],
      "head": {
        "x": 8,
        "y": 3
      },
      "length": 3,
      "shout": "I am moving up!"
    },
    "snakeId": "gs_DRPKY6ddGH8PXHYHjWp8qphK",
    "name": "Jormungand 0.1.0",
    "latency": "49",
    "health": 95,
    "body": [
      {
        "x": 8,
        "y": 3
      },
      {
        "x": 7,
        "y": 3
      },
      {
        "x": 7,
        "y": 4
      }
    ],
    "head": {
      "x": 8,
      "y": 3
    },
    "length": 3,
    "shout": "I am moving up!"
  },
  {
    "gameId": "d1d7c4e9-1b31-46ab-a372-47cebab1005d",
    "ruleset": {
      "name": "standard",
      "version": "v1.0.17"
    },
    "timeout": 500,
    "turn": 6,
    "width": 11,
    "height": 11,
    "snakes": [
      {
        "id": "gs_Pt3vk44JTWKmqHCjXYqcPH8G",
        "name": "Bushmaster2.0",
        "latency": "0",
        "health": 94,
        "body": [
          {
            "x": 9,
            "y": 7
          },
          {
            "x": 9,
            "y": 6
          },
          {
            "x": 9,
            "y": 5
          }
        ],
        "head": {
          "x": 9,
          "y": 7
        },
        "length": 3,
        "shout": ""
      },
      {
        "id": "gs_DRPKY6ddGH8PXHYHjWp8qphK",
        "name": "Jormungand 0.1.0",
        "latency": "49",
        "health": 94,
        "body": [
          {
            "x": 8,
            "y": 2
          },
          {
            "x": 8,
            "y": 3
          },
          {
            "x": 7,
            "y": 3
          }
        ],
        "head": {
          "x": 8,
          "y": 2
        },
        "length": 3,
        "shout": "I am moving up!"
      }
    ],
    "food": [
      {
        "x": 10,
        "y": 2
      },
      {
        "x": 10,
        "y": 4
      },
      {
        "x": 5,
        "y": 5
      },
      {
        "x": 7,
        "y": 8
      }
    ],
    "you": {
      "id": "gs_DRPKY6ddGH8PXHYHjWp8qphK",
      "name": "Jormungand 0.1.0",
      "latency": "49",
      "health": 94,
      "body": [
        {
          "x": 8,
          "y": 2
        },
        {
          "x": 8,
          "y": 3
        },
        {
          "x": 7,
          "y": 3
        }
      ],
      "head": {
        "x": 8,
        "y": 2
      },
      "length": 3,
      "shout": "I am moving up!"
    },
    "snakeId": "gs_DRPKY6ddGH8PXHYHjWp8qphK",
    "name": "Jormungand 0.1.0",
    "latency": "49",
    "health": 94,
    "body": [
      {
        "x": 8,
        "y": 2
      },
      {
        "x": 8,
        "y": 3
      },
      {
        "x": 7,
        "y": 3
      }
    ],
    "head": {
      "x": 8,
      "y": 2
    },
    "length": 3,
    "shout": "I am moving up!"
  },
  {
    "gameId": "d1d7c4e9-1b31-46ab-a372-47cebab1005d",
    "ruleset": {
      "name": "standard",
      "version": "v1.0.17"
    },
    "timeout": 500,
    "turn": 7,
    "width": 11,
    "height": 11,
    "snakes": [
      {
        "id": "gs_Pt3vk44JTWKmqHCjXYqcPH8G",
        "name": "Bushmaster2.0",
        "latency": "0",
        "health": 93,
        "body": [
          {
            "x": 9,
            "y": 8
          },
          {
            "x": 9,
            "y": 7
          },
          {
            "x": 9,
            "y": 6
          }
        ],
        "head": {
          "x": 9,
          "y": 8
        },
        "length": 3,
        "shout": ""
      },
      {
        "id": "gs_DRPKY6ddGH8PXHYHjWp8qphK",
        "name": "Jormungand 0.1.0",
        "latency": "49",
        "health": 93,
        "body": [
          {
            "x": 8,
            "y": 1
          },
          {
            "x": 8,
            "y": 2
          },
          {
            "x": 8,
            "y": 3
          }
        ],
        "head": {
          "x": 8,
          "y": 1
        },
        "length": 3,
        "shout": "I am moving up!"
      }
    ],
    "food": [
      {
        "x": 10,
        "y": 2
      },
      {
        "x": 10,
        "y": 4
      },
      {
        "x": 5,
        "y": 5
      },
      {
        "x": 7,
        "y": 8
      }
    ],
    "you": {
      "id": "gs_DRPKY6ddGH8PXHYHjWp8qphK",
      "name": "Jormungand 0.1.0",
      "latency": "49",
      "health": 93,
      "body": [
        {
          "x": 8,
          "y": 1
        },
        {
          "x": 8,
          "y": 2
        },
        {
          "x": 8,
          "y": 3
        }
      ],
      "head": {
        "x": 8,
        "y": 1
      },
      "length": 3,
      "shout": "I am moving up!"
    },
    "snakeId": "gs_DRPKY6ddGH8PXHYHjWp8qphK",
    "name": "Jormungand 0.1.0",
    "latency": "49",
    "health": 93,
    "body": [
      {
        "x": 8,
        "y": 1
      },
      {
        "x": 8,
        "y": 2
      },
      {
        "x": 8,
        "y": 3
      }
    ],
    "head": {
      "x": 8,
      "y": 1
    },
    "length": 3,
    "shout": "I am moving up!"
  },
  {
    "gameId": "d1d7c4e9-1b31-46ab-a372-47cebab1005d",
    "ruleset": {
      "name": "standard",
      "version": "v1.0.17"
    },
    "timeout": 500,
    "turn": 8,
    "width": 11,
    "height": 11,
    "snakes": [
      {
        "id": "gs_Pt3vk44JTWKmqHCjXYqcPH8G",
        "name": "Bushmaster2.0",
        "latency": "0",
        "health": 92,
        "body": [
          {
            "x": 9,
            "y": 9
          },
          {
            "x": 9,
            "y": 8
          },
          {
            "x": 9,
            "y": 7
          }
        ],
        "head": {
          "x": 9,
          "y": 9
        },
        "length": 3,
        "shout": ""
      },
      {
        "id": "gs_DRPKY6ddGH8PXHYHjWp8qphK",
        "name": "Jormungand 0.1.0",
        "latency": "49",
        "health": 92,
        "body": [
          {
            "x": 9,
            "y": 1
          },
          {
            "x": 8,
            "y": 1
          },
          {
            "x": 8,
            "y": 2
          }
        ],
        "head": {
          "x": 9,
          "y": 1
        },
        "length": 3,
        "shout": "I am moving up!"
      }
    ],
    "food": [
      {
        "x": 10,
        "y": 2
      },
      {
        "x": 10,
        "y": 4
      },
      {
        "x": 5,
        "y": 5
      },
      {
        "x": 7,
        "y": 8
      }
    ],
    "you": {
      "id": "gs_DRPKY6ddGH8PXHYHjWp8qphK",
      "name": "Jormungand 0.1.0",
      "latency": "49",
      "health": 92,
      "body": [
        {
          "x": 9,
          "y": 1
        },
        {
          "x": 8,
          "y": 1
        },
        {
          "x": 8,
          "y": 2
        }
      ],
      "head": {
        "x": 9,
        "y": 1
      },
      "length": 3,
      "shout": "I am moving up!"
    },
    "snakeId": "gs_DRPKY6ddGH8PXHYHjWp8qphK",
    "name": "Jormungand 0.1.0",
    "latency": "49",
    "health": 92,
    "body": [
      {
        "x": 9,
        "y": 1
      },
      {
        "x": 8,
        "y": 1
      },
      {
        "x": 8,
        "y": 2
      }
    ],
    "head": {
      "x": 9,
      "y": 1
    },
    "length": 3,
    "shout": "I am moving up!"
  },
  {
    "gameId": "d1d7c4e9-1b31-46ab-a372-47cebab1005d",
    "ruleset": {
      "name": "standard",
      "version": "v1.0.17"
    },
    "timeout": 500,
    "turn": 9,
    "width": 11,
    "height": 11,
    "snakes": [
      {
        "id": "gs_Pt3vk44JTWKmqHCjXYqcPH8G",
        "name": "Bushmaster2.0",
        "latency": "0",
        "health": 91,
        "body": [
          {
            "x": 9,
            "y": 10
          },
          {
            "x": 9,
            "y": 9
          },
          {
            "x": 9,
            "y": 8
          }
        ],
        "head": {
          "x": 9,
          "y": 10
        },
        "length": 3,
        "shout": ""
      },
      {
        "id": "gs_DRPKY6ddGH8PXHYHjWp8qphK",
        "name": "Jormungand 0.1.0",
        "latency": "49",
        "health": 91,
        "body": [
          {
            "x": 10,
            "y": 1
          },
          {
            "x": 9,
            "y": 1
          },
          {
            "x": 8,
            "y": 1
          }
        ],
        "head": {
          "x": 10,
          "y": 1
        },
        "length": 3,
        "shout": "I am moving up!"
      }
    ],
    "food": [
      {
        "x": 10,
        "y": 2
      },
      {
        "x": 10,
        "y": 4
      },
      {
        "x": 5,
        "y": 5
      },
      {
        "x": 7,
        "y": 8
      }
    ],
    "you": {
      "id": "gs_DRPKY6ddGH8PXHYHjWp8qphK",
      "name": "Jormungand 0.1.0",
      "latency": "49",
      "health": 91,
      "body": [
        {
          "x": 10,
          "y": 1
        },
        {
          "x": 9,
          "y": 1
        },
        {
          "x": 8,
          "y": 1
        }
      ],
      "head": {
        "x": 10,
        "y": 1
      },
      "length": 3,
      "shout": "I am moving up!"
    },
    "snakeId": "gs_DRPKY6ddGH8PXHYHjWp8qphK",
    "name": "Jormungand 0.1.0",
    "latency": "49",
    "health": 91,
    "body": [
      {
        "x": 10,
        "y": 1
      },
      {
        "x": 9,
        "y": 1
      },
      {
        "x": 8,
        "y": 1
      }
    ],
    "head": {
      "x": 10,
      "y": 1
    },
    "length": 3,
    "shout": "I am moving up!"
  }
]