[
  {
    "gameId": "d26950c3-4acd-4f99-a861-9323df4a1882",
    "ruleset": {
      "name": "royale",
      "version": "v1.0.17"
    },
    "timeout": 600,
    "turn": 0,
    "width": 11,
    "height": 11,
    "snakes": [
      {
        "id": "gs_CqP4dBmfSS4TGXPXC99vtK8c",
        "name": "Jormungand 0.1.0",
        "latency": "",
        "health": 100,
        "body": [
          {
            "x": 9,
            "y": 5
          },
          {
            "x": 9,
            "y": 5
          },
          {
            "x": 9,
            "y": 5
          }
        ],
        "head": {
          "x": 9,
          "y": 5
        },
        "length": 3,
        "shout": ""
      },
      {
        "id": "gs_XyVY43xgm9BvPDrd9HmJ8rbT",
        "name": "hhhotdaysssnake",
        "latency": "",
        "health": 100,
        "body": [
          {
            "x": 1,
            "y": 9
          },
          {
            "x": 1,
            "y": 9
          },
          {
            "x": 1,
            "y": 9
          }
        ],
        "head": {
          "x": 1,
          "y": 9
        },
        "length": 3,
        "shout": ""
      },
      {
        "id": "gs_pd7f9KYqgMdSRdDC8Dp7q4Td",
        "name": "nagraj",
        "latency": "",
        "health": 100,
        "body": [
          {
            "x": 5,
            "y": 9
          },
          {
            "x": 5,
            "y": 9
          },
          {
            "x": 5,
            "y": 9
          }
        ],
        "head": {
          "x": 5,
          "y": 9
        },
        "length": 3,
        "shout": ""
      },
      {
        "id": "gs_RvW7tcxJqF6Tbb7WYgVD7hxJ",
        "name": "Barry",
        "latency": "",
        "health": 100,
        "body": [
          {
            "x": 1,
            "y": 5
          },
          {
            "x": 1,
            "y": 5
          },
          {
            "x": 1,
            "y": 5
          }
        ],
        "head": {
          "x": 1,
          "y": 5
        },
        "length": 3,
        "shout": ""
      }
    ],
    "food": [
      {
        "x": 8,
        "y": 4
      },
      {
        "x": 2,
        "y": 8
      },
      {
        "x": 4,
        "y": 10
      },
      {
        "x": 2,
        "y": 6
      },
      {
        "x": 5,
        "y": 5
      }
    ],
    "you": {
      "id": "gs_CqP4dBmfSS4TGXPXC99vtK8c",
      "name": "Jormungand 0.1.0",
      "latency": "",
      "health": 100,
      "body": [
        {
          "x": 9,
          "y": 5
        },
        {
          "x": 9,
          "y": 5
        },
        {
          "x": 9,
          "y": 5
        }
      ],
      "head": {
        "x": 9,
        "y": 5
      },
      "length": 3,
      "shout": ""
    },
    "snakeId": "gs_CqP4dBmfSS4TGXPXC99vtK8c",
    "name": "Jormungand 0.1.0",
    "latency": "",
    "health": 100,
    "body": [
      {
        "x": 9,
        "y": 5
      },
      {
        "x": 9,
        "y": 5
      },
      {
        "x": 9,
        "y": 5
      }
    ],
    "head": {
      "x": 9,
      "y": 5
    },
    "length": 3,
    "shout": ""
  },
  {
    "gameId": "d26950c3-4acd-4f99-a861-9323df4a1882",
    "ruleset": {
      "name": "royale",
      "version": "v1.0.17"
    },
    "timeout": 600,
    "turn": 0,
    "width": 11,
    "height": 11,
    "snakes": [
      {
        "id": "gs_CqP4dBmfSS4TGXPXC99vtK8c",
        "name": "Jormungand 0.1.0",
        "latency": "",
        "health": 100,
        "body": [
          {
            "x": 9,
            "y": 5
          },
          {
            "x": 9,
            "y": 5
          },
          {
            "x": 9,
            "y": 5
          }
        ],
        "head": {
          "x": 9,
          "y": 5
        },
        "length": 3,
        "shout": ""
      },
      {
        "id": "gs_XyVY43xgm9BvPDrd9HmJ8rbT",
        "name": "hhhotdaysssnake",
        "latency": "",
        "health": 100,
        "body": [
          {
            "x": 1,
            "y": 9
          },
          {
            "x": 1,
            "y": 9
          },
          {
            "x": 1,
            "y": 9
          }
        ],
        "head": {
          "x": 1,
          "y": 9
        },
        "length": 3,
        "shout": ""
      },
      {
        "id": "gs_pd7f9KYqgMdSRdDC8Dp7q4Td",
        "name": "nagraj",
        "latency": "",
        "health": 100,
        "body": [
          {
            "x": 5,
            "y": 9
          },
          {
            "x": 5,
            "y": 9
          },
          {
            "x": 5,
            "y": 9
          }
        ],
        "head": {
          "x": 5,
          "y": 9
        },
        "length": 3,
        "shout": ""
      },
      {
        "id": "gs_RvW7tcxJqF6Tbb7WYgVD7hxJ",
        "name": "Barry",
        "latency": "",
        "health": 100,
        "body": [
          {
            "x": 1,
            "y": 5
          },
          {
            "x": 1,
            "y": 5
          },
          {
            "x": 1,
            "y": 5
          }
        ],
        "head": {
          "x": 1,
          "y": 5
        },
        "length": 3,
        "shout": ""
      }
    ],
    "food": [
      {
        "x": 8,
        "y": 4
      },
      {
        "x": 2,
        "y": 8
      },
      {
        "x": 4,
        "y": 10
      },
      {
        "x": 2,
        "y": 6
      },
      {
        "x": 5,
        "y": 5
      }
    ],
    "you": {
      "id": "gs_CqP4dBmfSS4TGXPXC99vtK8c",
      "name": "Jormungand 0.1.0",
      "latency": "",
      "health": 100,
      "body": [
        {
          "x": 9,
          "y": 5
        },
        {
          "x": 9,
          "y": 5
        },
        {
          "x": 9,
          "y": 5
        }
      ],
      "head": {
        "x": 9,
        "y": 5
      },
      "length": 3,
      "shout": ""
    },
    "snakeId": "gs_CqP4dBmfSS4TGXPXC99vtK8c",
    "name": "Jormungand 0.1.0",
    "latency": "",
    "health": 100,
    "body": [
      {
        "x": 9,
        "y": 5
      },
      {
        "x": 9,
        "y": 5
      },
      {
        "x": 9,
        "y": 5
      }
    ],
    "head": {
      "x": 9,
      "y": 5
    },
    "length": 3,
    "shout": ""
  },
  {
    "gameId": "d26950c3-4acd-4f99-a861-9323df4a1882",
    "ruleset": {
      "name": "royale",
      "version": "v1.0.17"
    },
    "timeout": 600,
    "turn": 1,
    "width": 11,
    "height": 11,
    "snakes": [
      {
        "id": "gs_CqP4dBmfSS4TGXPXC99vtK8c",
        "name": "Jormungand 0.1.0",
        "latency": "102",
        "health": 99,
        "body": [
          {
            "x": 9,
            "y": 6
          },
          {
            "x": 9,
            "y": 5
          },
          {
            "x": 9,
            "y": 5
          }
        ],
        "head": {
          "x": 9,
          "y": 6
        },
        "length": 3,
        "shout": "I am moving up!"
      },
      {
        "id": "gs_XyVY43xgm9BvPDrd9HmJ8rbT",
        "name": "hhhotdaysssnake",
        "latency": "0",
        "health": 99,
        "body": [
          {
            "x": 1,
            "y": 10
          },
          {
            "x": 1,
            "y": 9
          },
          {
            "x": 1,
            "y": 9
          }
        ],
        "head": {
          "x": 1,
          "y": 10
        },
        "length": 3,
        "shout": ""
      },
      {
        "id": "gs_pd7f9KYqgMdSRdDC8Dp7q4Td",
        "name": "nagraj",
        "latency": "89",
        "health": 99,
        "body": [
          {
            "x": 4,
            "y": 9
          },
          {
            "x": 5,
            "y": 9
          },
          {
            "x": 5,
            "y": 9
          }
        ],
        "head": {
          "x": 4,
          "y": 9
        },
        "length": 3,
        "shout": ""
      },
      {
        "id": "gs_RvW7tcxJqF6Tbb7WYgVD7hxJ",
        "name": "Barry",
        "latency": "104",
        "health": 99,
        "body": [
          {
            "x": 2,
            "y": 5
          },
          {
            "x": 1,
            "y": 5
          },
          {
            "x": 1,
            "y": 5
          }
        ],
        "head": {
          "x": 2,
          "y": 5
        },
        "length": 3,
        "shout": ""
      }
    ],
    "food": [
      {
        "x": 8,
        "y": 4
      },
      {
        "x": 2,
        "y": 8
      },
      {
        "x": 4,
        "y": 10
      },
      {
        "x": 2,
        "y": 6
      },
      {
        "x": 5,
        "y": 5
      }
    ],
    "you": {
      "id": "gs_CqP4dBmfSS4TGXPXC99vtK8c",
      "name": "Jormungand 0.1.0",
      "latency": "102",
      "health": 99,
      "body": [
        {
          "x": 9,
          "y": 6
        },
        {
          "x": 9,
          "y": 5
        },
        {
          "x": 9,
          "y": 5
        }
      ],
      "head": {
        "x": 9,
        "y": 6
      },
      "length": 3,
      "shout": "I am moving up!"
    },
    "snakeId": "gs_CqP4dBmfSS4TGXPXC99vtK8c",
    "name": "Jormungand 0.1.0",
    "latency": "102",
    "health": 99,
    "body": [
      {
        "x": 9,
        "y": 6
      },
      {
        "x": 9,
        "y": 5
      },
      {
        "x": 9,
        "y": 5
      }
    ],
    "head": {
      "x": 9,
      "y": 6
    },
    "length": 3,
    "shout": "I am moving up!"
  },
  {
    "gameId": "d26950c3-4acd-4f99-a861-9323df4a1882",
    "ruleset": {
      "name": "royale",
      "version": "v1.0.17"
    },
    "timeout": 600,
    "turn": 2,
    "width": 11,
    "height": 11,
    "snakes": [
      {
        "id": "gs_CqP4dBmfSS4TGXPXC99vtK8c",
        "name": "Jormungand 0.1.0",
        "latency": "50",
        "health": 98,
        "body": [
          {
            "x": 8,
            "y": 6
          },
          {
            "x": 9,
            "y": 6
          },
          {
            "x": 9,
            "y": 5
          }
        ],
        "head": {
          "x": 8,
          "y": 6
        },
        "length": 3,
        "shout": "I am moving up!"
      },
      {
        "id": "gs_XyVY43xgm9BvPDrd9HmJ8rbT",
        "name": "hhhotdaysssnake",
        "latency": "343",
        "health": 98,
        "body": [
          {
            "x": 2,
            "y": 10
          },
          {
            "x": 1,
            "y": 10
          },
          {
            "x": 1,
            "y": 9
          }
        ],
        "head": {
          "x": 2,
          "y": 10
        },
        "length": 3,
        "shout": "Make it"
      },
      {
        "id": "gs_pd7f9KYqgMdSRdDC8Dp7q4Td",
        "name": "nagraj",
        "latency": "62",
        "health": 100,
        "body": [
          {
            "x": 4,
            "y": 10
          },
          {
            "x": 4,
            "y": 9
          },
          {
            "x": 5,
            "y": 9
          },
          {
            "x": 5,
            "y": 9
          }
        ],
        "head": {
          "x": 4,
          "y": 10
        },
        "length": 4,
        "shout": ""
      },
      {
        "id": "gs_RvW7tcxJqF6Tbb7WYgVD7hxJ",
        "name": "Barry",
        "latency": "57",
        "health": 100,
        "body": [
          {
            "x": 2,
            "y": 6
          },
          {
            "x": 2,
            "y": 5
          },
          {
            "x": 1,
            "y": 5
          },
          {
            "x": 1,
            "y": 5
          }
        ],
        "head": {
          "x": 2,
          "y": 6
        },
        "length": 4,
        "shout": ""
      }
    ],
    "food": [
      {
        "x": 8,
        "y": 4
      },
      {
        "x": 2,
        "y": 8
      },
      {
        "x": 5,
        "y": 5
      },
      {
        "x": 1,
        "y": 7
      }
    ],
    "you": {
      "id": "gs_CqP4dBmfSS4TGXPXC99vtK8c",
      "name": "Jormungand 0.1.0",
      "latency": "50",
      "health": 98,
      "body": [
        {
          "x": 8,
          "y": 6
        },
        {
          "x": 9,
          "y": 6
        },
        {
          "x": 9,
          "y": 5
        }
      ],
      "head": {
        "x": 8,
        "y": 6
      },
      "length": 3,
      "shout": "I am moving up!"
    },
    "snakeId": "gs_CqP4dBmfSS4TGXPXC99vtK8c",
    "name": "Jormungand 0.1.0",
    "latency": "50",
    "health": 98,
    "body": [
      {
        "x": 8,
        "y": 6
      },
      {
        "x": 9,
        "y": 6
      },
      {
        "x": 9,
        "y": 5
      }
    ],
    "head": {
      "x": 8,
      "y": 6
    },
    "length": 3,
    "shout": "I am moving up!"
  },
  {
    "gameId": "d26950c3-4acd-4f99-a861-9323df4a1882",
    "ruleset": {
      "name": "royale",
      "version": "v1.0.17"
    },
    "timeout": 600,
    "turn": 3,
    "width": 11,
    "height": 11,
    "snakes": [
      {
        "id": "gs_CqP4dBmfSS4TGXPXC99vtK8c",
        "name": "Jormungand 0.1.0",
        "latency": "50",
        "health": 97,
        "body": [
          {
            "x": 8,
            "y": 5
          },
          {
            "x": 8,
            "y": 6
          },
          {
            "x": 9,
            "y": 6
          }
        ],
        "head": {
          "x": 8,
          "y": 5
        },
        "length": 3,
        "shout": "I am moving up!"
      },
      {
        "id": "gs_XyVY43xgm9BvPDrd9HmJ8rbT",
        "name": "hhhotdaysssnake",
        "latency": "91",
        "health": 97,
        "body": [
          {
            "x": 2,
            "y": 9
          },
          {
            "x": 2,
            "y": 10
          },
          {
            "x": 1,
            "y": 10
          }
        ],
        "head": {
          "x": 2,
          "y": 9
        },
        "length": 3,
        "shout": "Do it"
      },
      {
        "id": "gs_pd7f9KYqgMdSRdDC8Dp7q4Td",
        "name": "nagraj",
        "latency": "61",
        "health": 99,
        "body": [
          {
            "x": 3,
            "y": 10
          },
          {
            "x": 4,
            "y": 10
          },
          {
            "x": 4,
            "y": 9
          },
          {
            "x": 5,
            "y": 9
          }
        ],
        "head": {
          "x": 3,
          "y": 10
        },
        "length": 4,
        "shout": ""
      },
      {
        "id": "gs_RvW7tcxJqF6Tbb7WYgVD7hxJ",
        "name": "Barry",
        "latency": "55",
        "health": 99,
        "body": [
          {
            "x": 2,
            "y": 7
          },
          {
            "x": 2,
            "y": 6
          },
          {
            "x": 2,
            "y": 5
          },
          {
            "x": 1,
            "y": 5
          }
        ],
        "head": {
          "x": 2,
          "y": 7
        },
        "length": 4,
        "shout": ""
      }
    ],
    "food": [
      {
        "x": 8,
        "y": 4
      },
      {
        "x": 2,
        "y": 8
      },
      {
        "x": 5,
        "y": 5
      },
      {
        "x": 1,
        "y": 7
      }
    ],
    "you": {
      "id": "gs_CqP4dBmfSS4TGXPXC99vtK8c",
      "name": "Jormungand 0.1.0",
      "latency": "50",
      "health": 97,
      "body": [
        {
          "x": 8,
          "y": 5
        },
        {
          "x": 8,
          "y": 6
        },
        {
          "x": 9,
          "y": 6
        }
      ],
      "head": {
        "x": 8,
        "y": 5
      },
      "length": 3,
      "shout": "I am moving up!"
    },
    "snakeId": "gs_CqP4dBmfSS4TGXPXC99vtK8c",
    "name": "Jormungand 0.1.0",
    "latency": "50",
    "health": 97,
    "body": [
      {
        "x": 8,
        "y": 5
      },
      {
        "x": 8,
        "y": 6
      },
      {
        "x": 9,
        "y": 6
      }
    ],
    "head": {
      "x": 8,
      "y": 5
    },
    "length": 3,
    "shout": "I am moving up!"
  },
  {
    "gameId": "d26950c3-4acd-4f99-a861-9323df4a1882",
    "ruleset": {
      "name": "royale",
      "version": "v1.0.17"
    },
    "timeout": 600,
    "turn": 4,
    "width": 11,
    "height": 11,
    "snakes": [
      {
        "id": "gs_CqP4dBmfSS4TGXPXC99vtK8c",
        "name": "Jormungand 0.1.0",
        "latency": "50",
        "health": 96,
        "body": [
          {
            "x": 9,
            "y": 5
          },
          {
            "x": 8,
            "y": 5
          },
          {
            "x": 8,
            "y": 6
          }
        ],
        "head": {
          "x": 9,
          "y": 5
        },
        "length": 3,
        "shout": "I am moving up!"
      },
      {
        "id": "gs_XyVY43xgm9BvPDrd9HmJ8rbT",
        "name": "hhhotdaysssnake",
        "latency": "91",
        "health": 96,
        "body": [
          {
            "x": 1,
            "y": 9
          },
          {
            "x": 2,
            "y": 9
          },
          {
            "x": 2,
            "y": 10
          }
        ],
        "head": {
          "x": 1,
          "y": 9
        },
        "length": 3,
        "shout": "Makes us"
      },
      {
        "id": "gs_pd7f9KYqgMdSRdDC8Dp7q4Td",
        "name": "nagraj",
        "latency": "55",
        "health": 98,
        "body": [
          {
            "x": 3,
            "y": 9
          },
          {
            "x": 3,
            "y": 10
          },
          {
            "x": 4,
            "y": 10
          },
          {
            "x": 4,
            "y": 9
          }
        ],
        "head": {
          "x": 3,
          "y": 9
        },
        "length": 4,
        "shout": ""
      },
      {
        "id": "gs_RvW7tcxJqF6Tbb7WYgVD7hxJ",
        "name": "Barry",
        "latency": "54",
        "health": 100,
        "body": [
          {
            "x": 1,
            "y": 7
          },
          {
            "x": 2,
            "y": 7
          },
          {
            "x": 2,
            "y": 6
          },
          {
            "x": 2,
            "y": 5
          },
          {
            "x": 2,
            "y": 5
          }
        ],
        "head": {
          "x": 1,
          "y": 7
        },
        "length": 5,
        "shout": ""
      }
    ],
    "food": [
      {
        "x": 8,
        "y": 4
      },
      {
        "x": 2,
        "y": 8
      },
      {
        "x": 5,
        "y": 5
      }
    ],
    "you": {
      "id": "gs_CqP4dBmfSS4TGXPXC99vtK8c",
      "name": "Jormungand 0.1.0",
      "latency": "50",
      "health": 96,
      "body": [
        {
          "x": 9,
          "y": 5
        },
        {
          "x": 8,
          "y": 5
        },
        {
          "x": 8,
          "y": 6
        }
      ],
      "head": {
        "x": 9,
        "y": 5
      },
      "length": 3,
      "shout": "I am moving up!"
    },
    "snakeId": "gs_CqP4dBmfSS4TGXPXC99vtK8c",
    "name": "Jormungand 0.1.0",
    "latency": "50",
    "health": 96,
    "body": [
      {
        "x": 9,
        "y": 5
      },
      {
        "x": 8,
        "y": 5
      },
      {
        "x": 8,
        "y": 6
      }
    ],
    "head": {
      "x": 9,
      "y": 5
    },
    "length": 3,
    "shout": "I am moving up!"
  },
  {
    "gameId": "d26950c3-4acd-4f99-a861-9323df4a1882",
    "ruleset": {
      "name": "royale",
      "version": "v1.0.17"
    },
    "timeout": 600,
    "turn": 5,
    "width": 11,
    "height": 11,
    "snakes": [
      {
        "id": "gs_CqP4dBmfSS4TGXPXC99vtK8c",
        "name": "Jormungand 0.1.0",
        "latency": "50",
        "health": 95,
        "body": [
          {
            "x": 9,
            "y": 6
          },
          {
            "x": 9,
            "y": 5
          },
          {
            "x": 8,
            "y": 5
          }
        ],
        "head": {
          "x": 9,
          "y": 6
        },
        "length": 3,
        "shout": "I am moving up!"
      },
      {
        "id": "gs_XyVY43xgm9BvPDrd9HmJ8rbT",
        "name": "hhhotdaysssnake",
        "latency": "96",
        "health": 95,
        "body": [
          {
            "x": 0,
            "y": 9
          },
          {
            "x": 1,
            "y": 9
          },
          {
            "x": 2,
            "y": 9
          }
        ],
        "head": {
          "x": 0,
          "y": 9
        },
        "length": 3,
        "shout": "Harder"
      },
      {
        "id": "gs_pd7f9KYqgMdSRdDC8Dp7q4Td",
        "name": "nagraj",
        "latency": "53",
        "health": 97,
        "body": [
          {
            "x": 3,
            "y": 8
          },
          {
            "x": 3,
            "y": 9
          },
          {
            "x": 3,
            "y": 10
          },
          {
            "x": 4,
            "y": 10
          }
        ],
        "head": {
          "x": 3,
          "y": 8
        },
        "length": 4,
        "shout": ""
      },
      {
        "id": "gs_RvW7tcxJqF6Tbb7WYgVD7hxJ",
        "name": "Barry",
        "latency": "54",
        "health": 99,
        "body": [
          {
            "x": 1,
            "y": 8
          },
          {
            "x": 1,
            "y": 7
          },
          {
            "x": 2,
            "y": 7
          },
          {
            "x": 2,
            "y": 6
          },
          {
            "x": 2,
            "y": 5
          }
        ],
        "head": {
          "x": 1,
          "y": 8
        },
        "length": 5,
        "shout": ""
      }
    ],
    "food": [
      {
        "x": 8,
        "y": 4
      },
      {
        "x": 2,
        "y": 8
      },
      {
        "x": 5,
        "y": 5
      },
      {
        "x": 3,
        "y": 2
      }
    ],
    "you": {
      "id": "gs_CqP4dBmfSS4TGXPXC99vtK8c",
      "name": "Jormungand 0.1.0",
      "latency": "50",
      "health": 95,
      "body": [
        {
          "x": 9,
          "y": 6
        },
        {
          "x": 9,
          "y": 5
        },
        {
          "x": 8,
          "y": 5
        }
      ],
      "head": {
        "x": 9,
        "y": 6
      },
      "length": 3,
      "shout": "I am moving up!"
    },
    "snakeId": "gs_CqP4dBmfSS4TGXPXC99vtK8c",
    "name": "Jormungand 0.1.0",
    "latency": "50",
    "health": 95,
    "body": [
      {
        "x": 9,
        "y": 6
      },
      {
        "x": 9,
        "y": 5
      },
      {
        "x": 8,
        "y": 5
      }
    ],
    "head": {
      "x": 9,
      "y": 6
    },
    "length": 3,
    "shout": "I am moving up!"
  },
  {
    "gameId": "d26950c3-4acd-4f99-a861-9323df4a1882",
    "ruleset": {
      "name": "royale",
      "version": "v1.0.17"
    },
    "timeout": 600,
    "turn": 6,
    "width": 11,
    "height": 11,
    "snakes": [
      {
        "id": "gs_CqP4dBmfSS4TGXPXC99vtK8c",
        "name": "Jormungand 0.1.0",
        "latency": "50",
        "health": 94,
        "body": [
          {
            "x": 8,
            "y": 6
          },
          {
            "x": 9,
            "y": 6
          },
          {
            "x": 9,
            "y": 5
          }
        ],
        "head": {
          "x": 8,
          "y": 6
        },
        "length": 3,
        "shout": "I am moving up!"
      },
      {
        "id": "gs_XyVY43xgm9BvPDrd9HmJ8rbT",
        "name": "hhhotdaysssnake",
        "latency": "90",
        "health": 94,
        "body": [
          {
            "x": 0,
            "y": 10
          },
          {
            "x": 0,
            "y": 9
          },
          {
            "x": 1,
            "y": 9
          }
        ],
        "head": {
          "x": 0,
          "y": 10
        },
        "length": 3,
        "shout": "Better"
      },
      {
        "id": "gs_pd7f9KYqgMdSRdDC8Dp7q4Td",
        "name": "nagraj",
        "latency": "55",
        "health": 100,
        "body": [
          {
            "x": 2,
            "y": 8
          },
          {
            "x": 3,
            "y": 8
          },
          {
            "x": 3,
            "y": 9
          },
          {
            "x": 3,
            "y": 10
          },
          {
            "x": 3,
            "y": 10
          }
        ],
        "head": {
          "x": 2,
          "y": 8
        },
        "length": 5,
        "shout": ""
      },
      {
        "id": "gs_RvW7tcxJqF6Tbb7WYgVD7hxJ",
        "name": "Barry",
        "latency": "59",
        "health": 98,
        "body": [
          {
            "x": 0,
            "y": 8
          },
          {
            "x": 1,
            "y": 8
          },
          {
            "x": 1,
            "y": 7
          },
          {
            "x": 2,
            "y": 7
          },
          {
            "x": 2,
            "y": 6
          }
        ],
        "head": {
          "x": 0,
          "y": 8
        },
        "length": 5,
        "shout": ""
      }
    ],
    "food": [
      {
        "x": 8,
        "y": 4
      },
      {
        "x": 5,
        "y": 5
      },
      {
        "x": 3,
        "y": 2
      }
    ],
    "you": {
      "id": "gs_CqP4dBmfSS4TGXPXC99vtK8c",
      "name": "Jormungand 0.1.0",
      "latency": "50",
      "health": 94,
      "body": [
        {
          "x": 8,
          "y": 6
        },
        {
          "x": 9,
          "y": 6
        },
        {
          "x": 9,
          "y": 5
        }
      ],
      "head": {
        "x": 8,
        "y": 6
      },
      "length": 3,
      "shout": "I am moving up!"
    },
    "snakeId": "gs_CqP4dBmfSS4TGXPXC99vtK8c",
    "name": "Jormungand 0.1.0",
    "latency": "50",
    "health": 94,
    "body": [
      {
        "x": 8,
        "y": 6
      },
      {
        "x": 9,
        "y": 6
      },
      {
        "x": 9,
        "y": 5
      }
    ],
    "head": {
      "x": 8,
      "y": 6
    },
    "length": 3,
    "shout": "I am moving up!"
  },
  {
    "gameId": "d26950c3-4acd-4f99-a861-9323df4a1882",
    "ruleset": {
      "name": "royale",
      "version": "v1.0.17"
    },
    "timeout": 600,
    "turn": 7,
    "width": 11,
    "height": 11,
    "snakes": [
      {
        "id": "gs_CqP4dBmfSS4TGXPXC99vtK8c",
        "name": "Jormungand 0.1.0",
        "latency": "50",
        "health": 93,
        "body": [
          {
            "x": 8,
            "y": 7
          },
          {
            "x": 8,
            "y": 6
          },
          {
            "x": 9,
            "y": 6
          }
        ],
        "head": {
          "x": 8,
          "y": 7
        },
        "length": 3,
        "shout": "I am moving up!"
      },
      {
        "id": "gs_XyVY43xgm9BvPDrd9HmJ8rbT",
        "name": "hhhotdaysssnake",
        "latency": "91",
        "health": 93,
        "body": [
          {
            "x": 1,
            "y": 10
          },
          {
            "x": 0,
            "y": 10
          },
          {
            "x": 0,
            "y": 9
          }
        ],
        "head": {
          "x": 1,
          "y": 10
        },
        "length": 3,
        "shout": "Faster"
      },
      {
        "id": "gs_RvW7tcxJqF6Tbb7WYgVD7hxJ",
        "name": "Barry",
        "latency": "60",
        "health": 97,
        "body": [
          {
            "x": 0,
            "y": 7
          },
          {
            "x": 0,
            "y": 8
          },
          {
            "x": 1,
            "y": 8
          },
          {
            "x": 1,
            "y": 7
          },
          {
            "x": 2,
            "y": 7
          }
        ],
        "head": {
          "x": 0,
          "y": 7
        },
        "length": 5,
        "shout": ""
      }
    ],
    "food": [
      {
        "x": 8,
        "y": 4
      },
      {
        "x": 5,
        "y": 5
      },
      {
        "x": 3,
        "y": 2
      },
      {
        "x": 2,
        "y": 3
      }
    ],
    "you": {
      "id": "gs_CqP4dBmfSS4TGXPXC99vtK8c",
      "name": "Jormungand 0.1.0",
      "latency": "50",
      "health": 93,
      "body": [
        {
          "x": 8,
          "y": 7
        },
        {
          "x": 8,
          "y": 6
        },
        {
          "x": 9,
          "y": 6
        }
      ],
      "head": {
        "x": 8,
        "y": 7
      },
      "length": 3,
      "shout": "I am moving up!"
    },
    "snakeId": "gs_CqP4dBmfSS4TGXPXC99vtK8c",
    "name": "Jormungand 0.1.0",
    "latency": "50",
    "health": 93,
    "body": [
      {
        "x": 8,
        "y": 7
      },
      {
        "x": 8,
        "y": 6
      },
      {
        "x": 9,
        "y": 6
      }
    ],
    "head": {
      "x": 8,
      "y": 7
    },
    "length": 3,
    "shout": "I am moving up!"
  },
  {
    "gameId": "d26950c3-4acd-4f99-a861-9323df4a1882",
    "ruleset": {
      "name": "royale",
      "version": "v1.0.17"
    },
    "timeout": 600,
    "turn": 8,
    "width": 11,
    "height": 11,
    "snakes": [
      {
        "id": "gs_CqP4dBmfSS4TGXPXC99vtK8c",
        "name": "Jormungand 0.1.0",
        "latency": "50",
        "health": 92,
        "body": [
          {
            "x": 8,
            "y": 8
          },
          {
            "x": 8,
            "y": 7
          },
          {
            "x": 8,
            "y": 6
          }
        ],
        "head": {
          "x": 8,
          "y": 8
        },
        "length": 3,
        "shout": "I am moving up!"
      },
      {
        "id": "gs_XyVY43xgm9BvPDrd9HmJ8rbT",
        "name": "hhhotdaysssnake",
        "latency": "95",
        "health": 92,
        "body": [
          {
            "x": 2,
            "y": 10
          },
          {
            "x": 1,
            "y": 10
          },
          {
            "x": 0,
            "y": 10
          }
        ],
        "head": {
          "x": 2,
          "y": 10
        },
        "length": 3,
        "shout": "Stronger"
      },
      {
        "id": "gs_RvW7tcxJqF6Tbb7WYgVD7hxJ",
        "name": "Barry",
        "latency": "55",
        "health": 96,
        "body": [
          {
            "x": 0,
            "y": 6
          },
          {
            "x": 0,
            "y": 7
          },
          {
            "x": 0,
            "y": 8
          },
          {
            "x": 1,
            "y": 8
          },
          {
            "x": 1,
            "y": 7
          }
        ],
        "head": {
          "x": 0,
          "y": 6
        },
        "length": 5,
        "shout": ""
      }
    ],
    "food": [
      {
        "x": 8,
        "y": 4
      },
      {
        "x": 5,
        "y": 5
      },
      {
        "x": 3,
        "y": 2
      },
      {
        "x": 2,
        "y": 3
      }
    ],
    "you": {
      "id": "gs_CqP4dBmfSS4TGXPXC99vtK8c",
      "name": "Jormungand 0.1.0",
      "latency": "50",
      "health": 92,
      "body": [
        {
          "x": 8,
          "y": 8
        },
        {
          "x": 8,
          "y": 7
        },
        {
          "x": 8,
          "y": 6
        }
      ],
      "head": {
        "x": 8,
        "y": 8
      },
      "length": 3,
      "shout": "I am moving up!"
    },
    "snakeId": "gs_CqP4dBmfSS4TGXPXC99vtK8c",
    "name": "Jormungand 0.1.0",
    "latency": "50",
    "health": 92,
    "body": [
      {
        "x": 8,
        "y": 8
      },
      {
        "x": 8,
        "y": 7
      },
      {
        "x": 8,
        "y": 6
      }
    ],
    "head": {
      "x": 8,
      "y": 8
    },
    "length": 3,
    "shout": "I am moving up!"
  },
  {
    "gameId": "d26950c3-4acd-4f99-a861-9323df4a1882",
    "ruleset": {
      "name": "royale",
      "version": "v1.0.17"
    },
    "timeout": 600,
    "turn": 9,
    "width": 11,
    "height": 11,
    "snakes": [
      {
        "id": "gs_CqP4dBmfSS4TGXPXC99vtK8c",
        "name": "Jormungand 0.1.0",
        "latency": "50",
        "health": 91,
        "body": [
          {
            "x": 8,
            "y": 9
          },
          {
            "x": 8,
            "y": 8
          },
          {
            "x": 8,
            "y": 7
          }
        ],
        "head": {
          "x": 8,
          "y": 9
        },
        "length": 3,
        "shout": "I am moving up!"
      },
      {
        "id": "gs_XyVY43xgm9BvPDrd9HmJ8rbT",
        "name": "hhhotdaysssnake",
        "latency": "91",
        "health": 91,
        "body": [
          {
            "x": 2,
            "y": 9
          },
          {
            "x": 2,
            "y": 10
          },
          {
            "x": 1,
            "y": 10
          }
        ],
        "head": {
          "x": 2,
          "y": 9
        },
        "length": 3,
        "shout": "Work it"
      },
      {
        "id": "gs_RvW7tcxJqF6Tbb7WYgVD7hxJ",
        "name": "Barry",
        "latency": "53",
        "health": 95,
        "body": [
          {
            "x": 1,
            "y": 6
          },
          {
            "x": 0,
            "y": 6
          },
          {
            "x": 0,
            "y": 7
          },
          {
            "x": 0,
            "y": 8
          },
          {
            "x": 1,
            "y": 8
          }
        ],
        "head": {
          "x": 1,
          "y": 6
        },
        "length": 5,
        "shout": ""
      }
    ],
    "food": [
      {
        "x": 8,
        "y": 4
      },
      {
        "x": 5,
        "y": 5
      },
      {
        "x": 3,
        "y": 2
      },
      {
        "x": 2,
        "y": 3
      }
    ],
    "you": {
      "id": "gs_CqP4dBmfSS4TGXPXC99vtK8c",
      "name": "Jormungand 0.1.0",
      "latency": "50",
      "health": 91,
      "body": [
        {
          "x": 8,
          "y": 9
        },
        {
          "x": 8,
          "y": 8
        },
        {
          "x": 8,
          "y": 7
        }
      ],
      "head": {
        "x": 8,
        "y": 9
      },
      "length": 3,
      "shout": "I am moving up!"
    },
    "snakeId": "gs_CqP4dBmfSS4TGXPXC99vtK8c",
    "name": "Jormungand 0.1.0",
    "latency": "50",
    "health": 91,
    "body": [
      {
        "x": 8,
        "y": 9
      },
      {
        "x": 8,
        "y": 8
      },
      {
        "x": 8,
        "y": 7
      }
    ],
    "head": {
      "x": 8,
      "y": 9
    },
    "length": 3,
    "shout": "I am moving up!"
  },
  {
    "gameId": "d26950c3-4acd-4f99-a861-9323df4a1882",
    "ruleset": {
      "name": "royale",
      "version": "v1.0.17"
    },
    "timeout": 600,
    "turn": 10,
    "width": 11,
    "height": 11,
    "snakes": [
      {
        "id": "gs_CqP4dBmfSS4TGXPXC99vtK8c",
        "name": "Jormungand 0.1.0",
        "latency": "50",
        "health": 90,
        "body": [
          {
            "x": 7,
            "y": 9
          },
          {
            "x": 8,
            "y": 9
          },
          {
            "x": 8,
            "y": 8
          }
        ],
        "head": {
          "x": 7,
          "y": 9
        },
        "length": 3,
        "shout": "I am moving up!"
      },
      {
        "id": "gs_XyVY43xgm9BvPDrd9HmJ8rbT",
        "name": "hhhotdaysssnake",
        "latency": "91",
        "health": 90,
        "body": [
          {
            "x": 3,
            "y": 9
          },
          {
            "x": 2,
            "y": 9
          },
          {
            "x": 2,
            "y": 10
          }
        ],
        "head": {
          "x": 3,
          "y": 9
        },
        "length": 3,
        "shout": "Make it"
      },
      {
        "id": "gs_RvW7tcxJqF6Tbb7WYgVD7hxJ",
        "name": "Barry",
        "latency": "54",
        "health": 94,
        "body": [
          {
            "x": 2,
            "y": 6
          },
          {
            "x": 1,
            "y": 6
          },
          {
            "x": 0,
            "y": 6
          },
          {
            "x": 0,
            "y": 7
          },
          {
            "x": 0,
            "y": 8
          }
        ],
        "head": {
          "x": 2,
          "y": 6
        },
        "length": 5,
        "shout": ""
      }
    ],
    "food": [
      {
        "x": 8,
        "y": 4
      },
      {
        "x": 5,
        "y": 5
      },
      {
        "x": 3,
        "y": 2
      },
      {
        "x": 2,
        "y": 3
      }
    ],
    "you": {
      "id": "gs_CqP4dBmfSS4TGXPXC99vtK8c",
      "name": "Jormungand 0.1.0",
      "latency": "50",
      "health": 90,
      "body": [
        {
          "x": 7,
          "y": 9
        },
        {
          "x": 8,
          "y": 9
        },
        {
          "x": 8,
          "y": 8
        }
      ],
      "head": {
        "x": 7,
        "y": 9
      },
      "length": 3,
      "shout": "I am moving up!"
    },
    "snakeId": "gs_CqP4dBmfSS4TGXPXC99vtK8c",
    "name": "Jormungand 0.1.0",
    "latency": "50",
    "health": 90,
    "body": [
      {
        "x": 7,
        "y": 9
      },
      {
        "x": 8,
        "y": 9
      },
      {
        "x": 8,
        "y": 8
      }
    ],
    "head": {
      "x": 7,
      "y": 9
    },
    "length": 3,
    "shout": "I am moving up!"
  },
  {
    "gameId": "d26950c3-4acd-4f99-a861-9323df4a1882",
    "ruleset": {
      "name": "royale",
      "version": "v1.0.17"
    },
    "timeout": 600,
    "turn": 11,
    "width": 11,
    "height": 11,
    "snakes": [
      {
        "id": "gs_CqP4dBmfSS4TGXPXC99vtK8c",
        "name": "Jormungand 0.1.0",
        "latency": "50",
        "health": 89,
        "body": [
          {
            "x": 7,
            "y": 10
          },
          {
            "x": 7,
            "y": 9
          },
          {
            "x": 8,
            "y": 9
          }
        ],
        "head": {
          "x": 7,
          "y": 10
        },
        "length": 3,
        "shout": "I am moving up!"
      },
      {
        "id": "gs_XyVY43xgm9BvPDrd9HmJ8rbT",
        "name": "hhhotdaysssnake",
        "latency": "92",
        "health": 89,
        "body": [
          {
            "x": 4,
            "y": 9
          },
          {
            "x": 3,
            "y": 9
          },
          {
            "x": 2,
            "y": 9
          }
        ],
        "head": {
          "x": 4,
          "y": 9
        },
        "length": 3,
        "shout": "Do it"
      },
      {
        "id": "gs_RvW7tcxJqF6Tbb7WYgVD7hxJ",
        "name": "Barry",
        "latency": "56",
        "health": 93,
        "body": [
          {
            "x": 2,
            "y": 5
          },
          {
            "x": 2,
            "y": 6
          },
          {
            "x": 1,
            "y": 6
          },
          {
            "x": 0,
            "y": 6
          },
          {
            "x": 0,
            "y": 7
          }
        ],
        "head": {
          "x": 2,
          "y": 5
        },
        "length": 5,
        "shout": ""
      }
    ],
    "food": [
      {
        "x": 8,
        "y": 4
      },
      {
        "x": 5,
        "y": 5
      },
      {
        "x": 3,
        "y": 2
      },
      {
        "x": 2,
        "y": 3
      }
    ],
    "you": {
      "id": "gs_CqP4dBmfSS4TGXPXC99vtK8c",
      "name": "Jormungand 0.1.0",
      "latency": "50",
      "health": 89,
      "body": [
        {
          "x": 7,
          "y": 10
        },
        {
          "x": 7,
          "y": 9
        },
        {
          "x": 8,
          "y": 9
        }
      ],
      "head": {
        "x": 7,
        "y": 10
      },
      "length": 3,
      "shout": "I am moving up!"
    },
    "snakeId": "gs_CqP4dBmfSS4TGXPXC99vtK8c",
    "name": "Jormungand 0.1.0",
    "latency": "50",
    "health": 89,
    "body": [
      {
        "x": 7,
        "y": 10
      },
      {
        "x": 7,
        "y": 9
      },
      {
        "x": 8,
        "y": 9
      }
    ],
    "head": {
      "x": 7,
      "y": 10
    },
    "length": 3,
    "shout": "I am moving up!"
  },
  {
    "gameId": "d26950c3-4acd-4f99-a861-9323df4a1882",
    "ruleset": {
      "name": "royale",
      "version": "v1.0.17"
    },
    "timeout": 600,
    "turn": 12,
    "width": 11,
    "height": 11,
    "snakes": [
      {
        "id": "gs_CqP4dBmfSS4TGXPXC99vtK8c",
        "name": "Jormungand 0.1.0",
        "latency": "50",
        "health": 88,
        "body": [
          {
            "x": 6,
            "y": 10
          },
          {
            "x": 7,
            "y": 10
          },
          {
            "x": 7,
            "y": 9
          }
        ],
        "head": {
          "x": 6,
          "y": 10
        },
        "length": 3,
        "shout": "I am moving up!"
      },
      {
        "id": "gs_XyVY43xgm9BvPDrd9HmJ8rbT",
        "name": "hhhotdaysssnake",
        "latency": "98",
        "health": 88,
        "body": [
          {
            "x": 5,
            "y": 9
          },
          {
            "x": 4,
            "y": 9
          },
          {
            "x": 3,
            "y": 9
          }
        ],
        "head": {
          "x": 5,
          "y": 9
        },
        "length": 3,
        "shout": "Makes us"
      },
      {
        "id": "gs_RvW7tcxJqF6Tbb7WYgVD7hxJ",
        "name": "Barry",
        "latency": "66",
        "health": 92,
        "body": [
          {
            "x": 2,
            "y": 4
          },
          {
            "x": 2,
            "y": 5
          },
          {
            "x": 2,
            "y": 6
          },
          {
            "x": 1,
            "y": 6
          },
          {
            "x": 0,
            "y": 6
          }
        ],
        "head": {
          "x": 2,
          "y": 4
        },
        "length": 5,
        "shout": ""
      }
    ],
    "food": [
      {
        "x": 8,
        "y": 4
      },
      {
        "x": 5,
        "y": 5
      },
      {
        "x": 3,
        "y": 2
      },
      {
        "x": 2,
        "y": 3
      }
    ],
    "you": {
      "id": "gs_CqP4dBmfSS4TGXPXC99vtK8c",
      "name": "Jormungand 0.1.0",
      "latency": "50",
      "health": 88,
      "body": [
        {
          "x": 6,
          "y": 10
        },
        {
          "x": 7,
          "y": 10
        },
        {
          "x": 7,
          "y": 9
        }
      ],
      "head": {
        "x": 6,
        "y": 10
      },
      "length": 3,
      "shout": "I am moving up!"
    },
    "snakeId": "gs_CqP4dBmfSS4TGXPXC99vtK8c",
    "name": "Jormungand 0.1.0",
    "latency": "50",
    "health": 88,
    "body": [
      {
        "x": 6,
        "y": 10
      },
      {
        "x": 7,
        "y": 10
      },
      {
        "x": 7,
        "y": 9
      }
    ],
    "head": {
      "x": 6,
      "y": 10
    },
    "length": 3,
    "shout": "I am moving up!"
  }
]