[
  {
    "gameId": "da419312-18c8-4936-9ec8-1d34fa3580da",
    "ruleset": {
      "name": "standard",
      "version": "v1.0.17"
    },
    "timeout": 500,
    "turn": 0,
    "width": 11,
    "height": 11,
    "snakes": [
      {
        "id": "gs_9FMQYDpc8mMcYxBpgX7Vp8yY",
        "name": "Purple Dragoony Snake",
        "latency": "",
        "health": 100,
        "body": [
          {
            "x": 1,
            "y": 9
          },
          {
            "x": 1,
            "y": 9
          },
          {
            "x": 1,
            "y": 9
          }
        ],
        "head": {
          "x": 1,
          "y": 9
        },
        "length": 3,
        "shout": ""
      },
      {
        "id": "gs_6dhgQtMddhVPBbYjjff3xqCF",
        "name": "Jormungand 0.1.0",
        "latency": "",
        "health": 100,
        "body": [
          {
            "x": 9,
            "y": 5
          },
          {
            "x": 9,
            "y": 5
          },
          {
            "x": 9,
            "y": 5
          }
        ],
        "head": {
          "x": 9,
          "y": 5
        },
        "length": 3,
        "shout": ""
      }
    ],
    "food": [
      {
        "x": 2,
        "y": 8
      },
      {
        "x": 8,
        "y": 4
      },
      {
        "x": 5,
        "y": 5
      }
    ],
    "you": {
      "id": "gs_6dhgQtMddhVPBbYjjff3xqCF",
      "name": "Jormungand 0.1.0",
      "latency": "",
      "health": 100,
      "body": [
        {
          "x": 9,
          "y": 5
        },
        {
          "x": 9,
          "y": 5
        },
        {
          "x": 9,
          "y": 5
        }
      ],
      "head": {
        "x": 9,
        "y": 5
      },
      "length": 3,
      "shout": ""
    },
    "snakeId": "gs_6dhgQtMddhVPBbYjjff3xqCF",
    "name": "Jormungand 0.1.0",
    "latency": "",
    "health": 100,
    "body": [
      {
        "x": 9,
        "y": 5
      },
      {
        "x": 9,
        "y": 5
      },
      {
        "x": 9,
        "y": 5
      }
    ],
    "head": {
      "x": 9,
      "y": 5
    },
    "length": 3,
    "shout": ""
  },
  {
    "gameId": "da419312-18c8-4936-9ec8-1d34fa3580da",
    "ruleset": {
      "name": "standard",
      "version": "v1.0.17"
    },
    "timeout": 500,
    "turn": 0,
    "width": 11,
    "height": 11,
    "snakes": [
      {
        "id": "gs_9FMQYDpc8mMcYxBpgX7Vp8yY",
        "name": "Purple Dragoony Snake",
        "latency": "",
        "health": 100,
        "body": [
          {
            "x": 1,
            "y": 9
          },
          {
            "x": 1,
            "y": 9
          },
          {
            "x": 1,
            "y": 9
          }
        ],
        "head": {
          "x": 1,
          "y": 9
        },
        "length": 3,
        "shout": ""
      },
      {
        "id": "gs_6dhgQtMddhVPBbYjjff3xqCF",
        "name": "Jormungand 0.1.0",
        "latency": "",
        "health": 100,
        "body": [
          {
            "x": 9,
            "y": 5
          },
          {
            "x": 9,
            "y": 5
          },
          {
            "x": 9,
            "y": 5
          }
        ],
        "head": {
          "x": 9,
          "y": 5
        },
        "length": 3,
        "shout": ""
      }
    ],
    "food": [
      {
        "x": 2,
        "y": 8
      },
      {
        "x": 8,
        "y": 4
      },
      {
        "x": 5,
        "y": 5
      }
    ],
    "you": {
      "id": "gs_6dhgQtMddhVPBbYjjff3xqCF",
      "name": "Jormungand 0.1.0",
      "latency": "",
      "health": 100,
      "body": [
        {
          "x": 9,
          "y": 5
        },
        {
          "x": 9,
          "y": 5
        },
        {
          "x": 9,
          "y": 5
        }
      ],
      "head": {
        "x": 9,
        "y": 5
      },
      "length": 3,
      "shout": ""
    },
    "snakeId": "gs_6dhgQtMddhVPBbYjjff3xqCF",
    "name": "Jormungand 0.1.0",
    "latency": "",
    "health": 100,
    "body": [
      {
        "x": 9,
        "y": 5
      },
      {
        "x": 9,
        "y": 5
      },
      {
        "x": 9,
        "y": 5
      }
    ],
    "head": {
      "x": 9,
      "y": 5
    },
    "length": 3,
    "shout": ""
  },
  {
    "gameId": "da419312-18c8-4936-9ec8-1d34fa3580da",
    "ruleset": {
      "name": "standard",
      "version": "v1.0.17"
    },
    "timeout": 500,
    "turn": 1,
    "width": 11,
    "height": 11,
    "snakes": [
      {
        "id": "gs_9FMQYDpc8mMcYxBpgX7Vp8yY",
        "name": "Purple Dragoony Snake",
        "latency": "303",
        "health": 99,
        "body": [
          {
            "x": 1,
            "y": 10
          },
          {
            "x": 1,
            "y": 9
          },
          {
            "x": 1,
            "y": 9
          }
        ],
        "head": {
          "x": 1,
          "y": 10
        },
        "length": 3,
        "shout": ""
      },
      {
        "id": "gs_6dhgQtMddhVPBbYjjff3xqCF",
        "name": "Jormungand 0.1.0",
        "latency": "104",
        "health": 99,
        "body": [
          {
            "x": 8,
            "y": 5
          },
          {
            "x": 9,
            "y": 5
          },
          {
            "x": 9,
            "y": 5
          }
        ],
        "head": {
          "x": 8,
          "y": 5
        },
        "length": 3,
        "shout": "I am moving up!"
      }
    ],
    "food": [
      {
        "x": 2,
        "y": 8
      },
      {
        "x": 8,
        "y": 4
      },
      {
        "x": 5,
        "y": 5
      }
    ],
    "you": {
      "id": "gs_6dhgQtMddhVPBbYjjff3xqCF",
      "name": "Jormungand 0.1.0",
      "latency": "104",
      "health": 99,
      "body": [
        {
          "x": 8,
          "y": 5
        },
        {
          "x": 9,
          "y": 5
        },
        {
          "x": 9,
          "y": 5
        }
      ],
      "head": {
        "x": 8,
        "y": 5
      },
      "length": 3,
      "shout": "I am moving up!"
    },
    "snakeId": "gs_6dhgQtMddhVPBbYjjff3xqCF",
    "name": "Jormungand 0.1.0",
    "latency": "104",
    "health": 99,
    "body": [
      {
        "x": 8,
        "y": 5
      },
      {
        "x": 9,
        "y": 5
      },
      {
        "x": 9,
        "y": 5
      }
    ],
    "head": {
      "x": 8,
      "y": 5
    },
    "length": 3,
    "shout": "I am moving up!"
  }
]