[
  {
    "gameId": "ed80277b-56bf-4932-be53-65b16f630bac",
    "ruleset": {
      "name": "standard",
      "version": "v1.0.17"
    },
    "timeout": 500,
    "turn": 0,
    "width": 11,
    "height": 11,
    "snakes": [
      {
        "id": "gs_gdjmKT8MTwrpcHqVjtjrH4KR",
        "name": "Phil the Cheese Snek",
        "latency": "",
        "health": 100,
        "body": [
          {
            "x": 1,
            "y": 5
          },
          {
            "x": 1,
            "y": 5
          },
          {
            "x": 1,
            "y": 5
          }
        ],
        "head": {
          "x": 1,
          "y": 5
        },
        "length": 3,
        "shout": ""
      },
      {
        "id": "gs_HBG4CJMVpfdvgpwjQ3bDwJq4",
        "name": "Jormungand 0.1.0",
        "latency": "",
        "health": 100,
        "body": [
          {
            "x": 5,
            "y": 1
          },
          {
            "x": 5,
            "y": 1
          },
          {
            "x": 5,
            "y": 1
          }
        ],
        "head": {
          "x": 5,
          "y": 1
        },
        "length": 3,
        "shout": ""
      }
    ],
    "food": [
      {
        "x": 2,
        "y": 4
      },
      {
        "x": 4,
        "y": 2
      },
      {
        "x": 5,
        "y": 5
      }
    ],
    "you": {
      "id": "gs_HBG4CJMVpfdvgpwjQ3bDwJq4",
      "name": "Jormungand 0.1.0",
      "latency": "",
      "health": 100,
      "body": [
        {
          "x": 5,
          "y": 1
        },
        {
          "x": 5,
          "y": 1
        },
        {
          "x": 5,
          "y": 1
        }
      ],
      "head": {
        "x": 5,
        "y": 1
      },
      "length": 3,
      "shout": ""
    },
    "snakeId": "gs_HBG4CJMVpfdvgpwjQ3bDwJq4",
    "name": "Jormungand 0.1.0",
    "latency": "",
    "health": 100,
    "body": [
      {
        "x": 5,
        "y": 1
      },
      {
        "x": 5,
        "y": 1
      },
      {
        "x": 5,
        "y": 1
      }
    ],
    "head": {
      "x": 5,
      "y": 1
    },
    "length": 3,
    "shout": ""
  },
  {
    "gameId": "ed80277b-56bf-4932-be53-65b16f630bac",
    "ruleset": {
      "name": "standard",
      "version": "v1.0.17"
    },
    "timeout": 500,
    "turn": 0,
    "width": 11,
    "height": 11,
    "snakes": [
      {
        "id": "gs_gdjmKT8MTwrpcHqVjtjrH4KR",
        "name": "Phil the Cheese Snek",
        "latency": "",
        "health": 100,
        "body": [
          {
            "x": 1,
            "y": 5
          },
          {
            "x": 1,
            "y": 5
          },
          {
            "x": 1,
            "y": 5
          }
        ],
        "head": {
          "x": 1,
          "y": 5
        },
        "length": 3,
        "shout": ""
      },
      {
        "id": "gs_HBG4CJMVpfdvgpwjQ3bDwJq4",
        "name": "Jormungand 0.1.0",
        "latency": "",
        "health": 100,
        "body": [
          {
            "x": 5,
            "y": 1
          },
          {
            "x": 5,
            "y": 1
          },
          {
            "x": 5,
            "y": 1
          }
        ],
        "head": {
          "x": 5,
          "y": 1
        },
        "length": 3,
        "shout": ""
      }
    ],
    "food": [
      {
        "x": 2,
        "y": 4
      },
      {
        "x": 4,
        "y": 2
      },
      {
        "x": 5,
        "y": 5
      }
    ],
    "you": {
      "id": "gs_HBG4CJMVpfdvgpwjQ3bDwJq4",
      "name": "Jormungand 0.1.0",
      "latency": "",
      "health": 100,
      "body": [
        {
          "x": 5,
          "y": 1
        },
        {
          "x": 5,
          "y": 1
        },
        {
          "x": 5,
          "y": 1
        }
      ],
      "head": {
        "x": 5,
        "y": 1
      },
      "length": 3,
      "shout": ""
    },
    "snakeId": "gs_HBG4CJMVpfdvgpwjQ3bDwJq4",
    "name": "Jormungand 0.1.0",
    "latency": "",
    "health": 100,
    "body": [
      {
        "x": 5,
        "y": 1
      },
      {
        "x": 5,
        "y": 1
      },
      {
        "x": 5,
        "y": 1
      }
    ],
    "head": {
      "x": 5,
      "y": 1
    },
    "length": 3,
    "shout": ""
  },
  {
    "gameId": "ed80277b-56bf-4932-be53-65b16f630bac",
    "ruleset": {
      "name": "standard",
      "version": "v1.0.17"
    },
    "timeout": 500,
    "turn": 1,
    "width": 11,
    "height": 11,
    "snakes": [
      {
        "id": "gs_gdjmKT8MTwrpcHqVjtjrH4KR",
        "name": "Phil the Cheese Snek",
        "latency": "103",
        "health": 99,
        "body": [
          {
            "x": 1,
            "y": 6
          },
          {
            "x": 1,
            "y": 5
          },
          {
            "x": 1,
            "y": 5
          }
        ],
        "head": {
          "x": 1,
          "y": 6
        },
        "length": 3,
        "shout": ""
      },
      {
        "id": "gs_HBG4CJMVpfdvgpwjQ3bDwJq4",
        "name": "Jormungand 0.1.0",
        "latency": "103",
        "health": 99,
        "body": [
          {
            "x": 6,
            "y": 1
          },
          {
            "x": 5,
            "y": 1
          },
          {
            "x": 5,
            "y": 1
          }
        ],
        "head": {
          "x": 6,
          "y": 1
        },
        "length": 3,
        "shout": "I am moving up!"
      }
    ],
    "food": [
      {
        "x": 2,
        "y": 4
      },
      {
        "x": 4,
        "y": 2
      },
      {
        "x": 5,
        "y": 5
      }
    ],
    "you": {
      "id": "gs_HBG4CJMVpfdvgpwjQ3bDwJq4",
      "name": "Jormungand 0.1.0",
      "latency": "103",
      "health": 99,
      "body": [
        {
          "x": 6,
          "y": 1
        },
        {
          "x": 5,
          "y": 1
        },
        {
          "x": 5,
          "y": 1
        }
      ],
      "head": {
        "x": 6,
        "y": 1
      },
      "length": 3,
      "shout": "I am moving up!"
    },
    "snakeId": "gs_HBG4CJMVpfdvgpwjQ3bDwJq4",
    "name": "Jormungand 0.1.0",
    "latency": "103",
    "health": 99,
    "body": [
      {
        "x": 6,
        "y": 1
      },
      {
        "x": 5,
        "y": 1
      },
      {
        "x": 5,
        "y": 1
      }
    ],
    "head": {
      "x": 6,
      "y": 1
    },
    "length": 3,
    "shout": "I am moving up!"
  },
  {
    "gameId": "ed80277b-56bf-4932-be53-65b16f630bac",
    "ruleset": {
      "name": "standard",
      "version": "v1.0.17"
    },
    "timeout": 500,
    "turn": 2,
    "width": 11,
    "height": 11,
    "snakes": [
      {
        "id": "gs_gdjmKT8MTwrpcHqVjtjrH4KR",
        "name": "Phil the Cheese Snek",
        "latency": "103",
        "health": 98,
        "body": [
          {
            "x": 1,
            "y": 7
          },
          {
            "x": 1,
            "y": 6
          },
          {
            "x": 1,
            "y": 5
          }
        ],
        "head": {
          "x": 1,
          "y": 7
        },
        "length": 3,
        "shout": ""
      },
      {
        "id": "gs_HBG4CJMVpfdvgpwjQ3bDwJq4",
        "name": "Jormungand 0.1.0",
        "latency": "49",
        "health": 98,
        "body": [
          {
            "x": 7,
            "y": 1
          },
          {
            "x": 6,
            "y": 1
          },
          {
            "x": 5,
            "y": 1
          }
        ],
        "head": {
          "x": 7,
          "y": 1
        },
        "length": 3,
        "shout": "I am moving up!"
      }
    ],
    "food": [
      {
        "x": 2,
        "y": 4
      },
      {
        "x": 4,
        "y": 2
      },
      {
        "x": 5,
        "y": 5
      },
      {
        "x": 8,
        "y": 6
      }
    ],
    "you": {
      "id": "gs_HBG4CJMVpfdvgpwjQ3bDwJq4",
      "name": "Jormungand 0.1.0",
      "latency": "49",
      "health": 98,
      "body": [
        {
          "x": 7,
          "y": 1
        },
        {
          "x": 6,
          "y": 1
        },
        {
          "x": 5,
          "y": 1
        }
      ],
      "head": {
        "x": 7,
        "y": 1
      },
      "length": 3,
      "shout": "I am moving up!"
    },
    "snakeId": "gs_HBG4CJMVpfdvgpwjQ3bDwJq4",
    "name": "Jormungand 0.1.0",
    "latency": "49",
    "health": 98,
    "body": [
      {
        "x": 7,
        "y": 1
      },
      {
        "x": 6,
        "y": 1
      },
      {
        "x": 5,
        "y": 1
      }
    ],
    "head": {
      "x": 7,
      "y": 1
    },
    "length": 3,
    "shout": "I am moving up!"
  },
  {
    "gameId": "ed80277b-56bf-4932-be53-65b16f630bac",
    "ruleset": {
      "name": "standard",
      "version": "v1.0.17"
    },
    "timeout": 500,
    "turn": 3,
    "width": 11,
    "height": 11,
    "snakes": [
      {
        "id": "gs_gdjmKT8MTwrpcHqVjtjrH4KR",
        "name": "Phil the Cheese Snek",
        "latency": "102",
        "health": 97,
        "body": [
          {
            "x": 1,
            "y": 8
          },
          {
            "x": 1,
            "y": 7
          },
          {
            "x": 1,
            "y": 6
          }
        ],
        "head": {
          "x": 1,
          "y": 8
        },
        "length": 3,
        "shout": ""
      },
      {
        "id": "gs_HBG4CJMVpfdvgpwjQ3bDwJq4",
        "name": "Jormungand 0.1.0",
        "latency": "49",
        "health": 97,
        "body": [
          {
            "x": 8,
            "y": 1
          },
          {
            "x": 7,
            "y": 1
          },
          {
            "x": 6,
            "y": 1
          }
        ],
        "head": {
          "x": 8,
          "y": 1
        },
        "length": 3,
        "shout": "I am moving up!"
      }
    ],
    "food": [
      {
        "x": 2,
        "y": 4
      },
      {
        "x": 4,
        "y": 2
      },
      {
        "x": 5,
        "y": 5
      },
      {
        "x": 8,
        "y": 6
      }
    ],
    "you": {
      "id": "gs_HBG4CJMVpfdvgpwjQ3bDwJq4",
      "name": "Jormungand 0.1.0",
      "latency": "49",
      "health": 97,
      "body": [
        {
          "x": 8,
          "y": 1
        },
        {
          "x": 7,
          "y": 1
        },
        {
          "x": 6,
          "y": 1
        }
      ],
      "head": {
        "x": 8,
        "y": 1
      },
      "length": 3,
      "shout": "I am moving up!"
    },
    "snakeId": "gs_HBG4CJMVpfdvgpwjQ3bDwJq4",
    "name": "Jormungand 0.1.0",
    "latency": "49",
    "health": 97,
    "body": [
      {
        "x": 8,
        "y": 1
      },
      {
        "x": 7,
        "y": 1
      },
      {
        "x": 6,
        "y": 1
      }
    ],
    "head": {
      "x": 8,
      "y": 1
    },
    "length": 3,
    "shout": "I am moving up!"
  },
  {
    "gameId": "ed80277b-56bf-4932-be53-65b16f630bac",
    "ruleset": {
      "name": "standard",
      "version": "v1.0.17"
    },
    "timeout": 500,
    "turn": 4,
    "width": 11,
    "height": 11,
    "snakes": [
      {
        "id": "gs_gdjmKT8MTwrpcHqVjtjrH4KR",
        "name": "Phil the Cheese Snek",
        "latency": "102",
        "health": 96,
        "body": [
          {
            "x": 1,
            "y": 9
          },
          {
            "x": 1,
            "y": 8
          },
          {
            "x": 1,
            "y": 7
          }
        ],
        "head": {
          "x": 1,
          "y": 9
        },
        "length": 3,
        "shout": ""
      },
      {
        "id": "gs_HBG4CJMVpfdvgpwjQ3bDwJq4",
        "name": "Jormungand 0.1.0",
        "latency": "49",
        "health": 96,
        "body": [
          {
            "x": 8,
            "y": 2
          },
          {
            "x": 8,
            "y": 1
          },
          {
            "x": 7,
            "y": 1
          }
        ],
        "head": {
          "x": 8,
          "y": 2
        },
        "length": 3,
        "shout": "I am moving up!"
      }
    ],
    "food": [
      {
        "x": 2,
        "y": 4
      },
      {
        "x": 4,
        "y": 2
      },
      {
        "x": 5,
        "y": 5
      },
      {
        "x": 8,
        "y": 6
      }
    ],
    "you": {
      "id": "gs_HBG4CJMVpfdvgpwjQ3bDwJq4",
      "name": "Jormungand 0.1.0",
      "latency": "49",
      "health": 96,
      "body": [
        {
          "x": 8,
          "y": 2
        },
        {
          "x": 8,
          "y": 1
        },
        {
          "x": 7,
          "y": 1
        }
      ],
      "head": {
        "x": 8,
        "y": 2
      },
      "length": 3,
      "shout": "I am moving up!"
    },
    "snakeId": "gs_HBG4CJMVpfdvgpwjQ3bDwJq4",
    "name": "Jormungand 0.1.0",
    "latency": "49",
    "health": 96,
    "body": [
      {
        "x": 8,
        "y": 2
      },
      {
        "x": 8,
        "y": 1
      },
      {
        "x": 7,
        "y": 1
      }
    ],
    "head": {
      "x": 8,
      "y": 2
    },
    "length": 3,
    "shout": "I am moving up!"
  },
  {
    "gameId": "ed80277b-56bf-4932-be53-65b16f630bac",
    "ruleset": {
      "name": "standard",
      "version": "v1.0.17"
    },
    "timeout": 500,
    "turn": 5,
    "width": 11,
    "height": 11,
    "snakes": [
      {
        "id": "gs_gdjmKT8MTwrpcHqVjtjrH4KR",
        "name": "Phil the Cheese Snek",
        "latency": "103",
        "health": 95,
        "body": [
          {
            "x": 1,
            "y": 10
          },
          {
            "x": 1,
            "y": 9
          },
          {
            "x": 1,
            "y": 8
          }
        ],
        "head": {
          "x": 1,
          "y": 10
        },
        "length": 3,
        "shout": ""
      },
      {
        "id": "gs_HBG4CJMVpfdvgpwjQ3bDwJq4",
        "name": "Jormungand 0.1.0",
        "latency": "49",
        "health": 95,
        "body": [
          {
            "x": 9,
            "y": 2
          },
          {
            "x": 8,
            "y": 2
          },
          {
            "x": 8,
            "y": 1
          }
        ],
        "head": {
          "x": 9,
          "y": 2
        },
        "length": 3,
        "shout": "I am moving up!"
      }
    ],
    "food": [
      {
        "x": 2,
        "y": 4
      },
      {
        "x": 4,
        "y": 2
      },
      {
        "x": 5,
        "y": 5
      },
      {
        "x": 8,
        "y": 6
      }
    ],
    "you": {
      "id": "gs_HBG4CJMVpfdvgpwjQ3bDwJq4",
      "name": "Jormungand 0.1.0",
      "latency": "49",
      "health": 95,
      "body": [
        {
          "x": 9,
          "y": 2
        },
        {
          "x": 8,
          "y": 2
        },
        {
          "x": 8,
          "y": 1
        }
      ],
      "head": {
        "x": 9,
        "y": 2
      },
      "length": 3,
      "shout": "I am moving up!"
    },
    "snakeId": "gs_HBG4CJMVpfdvgpwjQ3bDwJq4",
    "name": "Jormungand 0.1.0",
    "latency": "49",
    "health": 95,
    "body": [
      {
        "x": 9,
        "y": 2
      },
      {
        "x": 8,
        "y": 2
      },
      {
        "x": 8,
        "y": 1
      }
    ],
    "head": {
      "x": 9,
      "y": 2
    },
    "length": 3,
    "shout": "I am moving up!"
  }
]