[
  {
    "gameId": "f58a5fcc-f67a-4d48-877a-a25fa553d173",
    "ruleset": {
      "name": "royale",
      "version": "v1.0.17"
    },
    "timeout": 600,
    "turn": 0,
    "width": 11,
    "height": 11,
    "snakes": [
      {
        "id": "gs_c73BKQydwkCJgfyMvftttgFb",
        "name": "Jormungand 0.1.0",
        "latency": "",
        "health": 100,
        "body": [
          {
            "x": 1,
            "y": 1
          },
          {
            "x": 1,
            "y": 1
          },
          {
            "x": 1,
            "y": 1
          }
        ],
        "head": {
          "x": 1,
          "y": 1
        },
        "length": 3,
        "shout": ""
      },
      {
        "id": "gs_7cQHxjxHWWjyX7rttqHSC9VH",
        "name": "ninemo",
        "latency": "",
        "health": 100,
        "body": [
          {
            "x": 1,
            "y": 9
          },
          {
            "x": 1,
            "y": 9
          },
          {
            "x": 1,
            "y": 9
          }
        ],
        "head": {
          "x": 1,
          "y": 9
        },
        "length": 3,
        "shout": ""
      },
      {
        "id": "gs_bP8HKC9gfxpXdxDPvbVXVjFF",
        "name": "Nagini",
        "latency": "",
        "health": 100,
        "body": [
          {
            "x": 9,
            "y": 9
          },
          {
            "x": 9,
            "y": 9
          },
          {
            "x": 9,
            "y": 9
          }
        ],
        "head": {
          "x": 9,
          "y": 9
        },
        "length": 3,
        "shout": ""
      },
      {
        "id": "gs_DfSFtW78CWgwcMQvSCJjjJxC",
        "name": "lucky",
        "latency": "",
        "health": 100,
        "body": [
          {
            "x": 1,
            "y": 5
          },
          {
            "x": 1,
            "y": 5
          },
          {
            "x": 1,
            "y": 5
          }
        ],
        "head": {
          "x": 1,
          "y": 5
        },
        "length": 3,
        "shout": ""
      }
    ],
    "food": [
      {
        "x": 2,
        "y": 0
      },
      {
        "x": 0,
        "y": 10
      },
      {
        "x": 10,
        "y": 10
      },
      {
        "x": 0,
        "y": 4
      },
      {
        "x": 5,
        "y": 5
      }
    ],
    "you": {
      "id": "gs_c73BKQydwkCJgfyMvftttgFb",
      "name": "Jormungand 0.1.0",
      "latency": "",
      "health": 100,
      "body": [
        {
          "x": 1,
          "y": 1
        },
        {
          "x": 1,
          "y": 1
        },
        {
          "x": 1,
          "y": 1
        }
      ],
      "head": {
        "x": 1,
        "y": 1
      },
      "length": 3,
      "shout": ""
    },
    "snakeId": "gs_c73BKQydwkCJgfyMvftttgFb",
    "name": "Jormungand 0.1.0",
    "latency": "",
    "health": 100,
    "body": [
      {
        "x": 1,
        "y": 1
      },
      {
        "x": 1,
        "y": 1
      },
      {
        "x": 1,
        "y": 1
      }
    ],
    "head": {
      "x": 1,
      "y": 1
    },
    "length": 3,
    "shout": ""
  },
  {
    "gameId": "f58a5fcc-f67a-4d48-877a-a25fa553d173",
    "ruleset": {
      "name": "royale",
      "version": "v1.0.17"
    },
    "timeout": 600,
    "turn": 0,
    "width": 11,
    "height": 11,
    "snakes": [
      {
        "id": "gs_c73BKQydwkCJgfyMvftttgFb",
        "name": "Jormungand 0.1.0",
        "latency": "",
        "health": 100,
        "body": [
          {
            "x": 1,
            "y": 1
          },
          {
            "x": 1,
            "y": 1
          },
          {
            "x": 1,
            "y": 1
          }
        ],
        "head": {
          "x": 1,
          "y": 1
        },
        "length": 3,
        "shout": ""
      },
      {
        "id": "gs_7cQHxjxHWWjyX7rttqHSC9VH",
        "name": "ninemo",
        "latency": "",
        "health": 100,
        "body": [
          {
            "x": 1,
            "y": 9
          },
          {
            "x": 1,
            "y": 9
          },
          {
            "x": 1,
            "y": 9
          }
        ],
        "head": {
          "x": 1,
          "y": 9
        },
        "length": 3,
        "shout": ""
      },
      {
        "id": "gs_bP8HKC9gfxpXdxDPvbVXVjFF",
        "name": "Nagini",
        "latency": "",
        "health": 100,
        "body": [
          {
            "x": 9,
            "y": 9
          },
          {
            "x": 9,
            "y": 9
          },
          {
            "x": 9,
            "y": 9
          }
        ],
        "head": {
          "x": 9,
          "y": 9
        },
        "length": 3,
        "shout": ""
      },
      {
        "id": "gs_DfSFtW78CWgwcMQvSCJjjJxC",
        "name": "lucky",
        "latency": "",
        "health": 100,
        "body": [
          {
            "x": 1,
            "y": 5
          },
          {
            "x": 1,
            "y": 5
          },
          {
            "x": 1,
            "y": 5
          }
        ],
        "head": {
          "x": 1,
          "y": 5
        },
        "length": 3,
        "shout": ""
      }
    ],
    "food": [
      {
        "x": 2,
        "y": 0
      },
      {
        "x": 0,
        "y": 10
      },
      {
        "x": 10,
        "y": 10
      },
      {
        "x": 0,
        "y": 4
      },
      {
        "x": 5,
        "y": 5
      }
    ],
    "you": {
      "id": "gs_c73BKQydwkCJgfyMvftttgFb",
      "name": "Jormungand 0.1.0",
      "latency": "",
      "health": 100,
      "body": [
        {
          "x": 1,
          "y": 1
        },
        {
          "x": 1,
          "y": 1
        },
        {
          "x": 1,
          "y": 1
        }
      ],
      "head": {
        "x": 1,
        "y": 1
      },
      "length": 3,
      "shout": ""
    },
    "snakeId": "gs_c73BKQydwkCJgfyMvftttgFb",
    "name": "Jormungand 0.1.0",
    "latency": "",
    "health": 100,
    "body": [
      {
        "x": 1,
        "y": 1
      },
      {
        "x": 1,
        "y": 1
      },
      {
        "x": 1,
        "y": 1
      }
    ],
    "head": {
      "x": 1,
      "y": 1
    },
    "length": 3,
    "shout": ""
  },
  {
    "gameId": "f58a5fcc-f67a-4d48-877a-a25fa553d173",
    "ruleset": {
      "name": "royale",
      "version": "v1.0.17"
    },
    "timeout": 600,
    "turn": 1,
    "width": 11,
    "height": 11,
    "snakes": [
      {
        "id": "gs_c73BKQydwkCJgfyMvftttgFb",
        "name": "Jormungand 0.1.0",
        "latency": "50",
        "health": 99,
        "body": [
          {
            "x": 0,
            "y": 1
          },
          {
            "x": 1,
            "y": 1
          },
          {
            "x": 1,
            "y": 1
          }
        ],
        "head": {
          "x": 0,
          "y": 1
        },
        "length": 3,
        "shout": "I am moving up!"
      },
      {
        "id": "gs_7cQHxjxHWWjyX7rttqHSC9VH",
        "name": "ninemo",
        "latency": "343",
        "health": 99,
        "body": [
          {
            "x": 0,
            "y": 9
          },
          {
            "x": 1,
            "y": 9
          },
          {
            "x": 1,
            "y": 9
          }
        ],
        "head": {
          "x": 0,
          "y": 9
        },
        "length": 3,
        "shout": ""
      },
      {
        "id": "gs_bP8HKC9gfxpXdxDPvbVXVjFF",
        "name": "Nagini",
        "latency": "274",
        "health": 99,
        "body": [
          {
            "x": 9,
            "y": 10
          },
          {
            "x": 9,
            "y": 9
          },
          {
            "x": 9,
            "y": 9
          }
        ],
        "head": {
          "x": 9,
          "y": 10
        },
        "length": 3,
        "shout": ""
      },
      {
        "id": "gs_DfSFtW78CWgwcMQvSCJjjJxC",
        "name": "lucky",
        "latency": "258",
        "health": 99,
        "body": [
          {
            "x": 2,
            "y": 5
          },
          {
            "x": 1,
            "y": 5
          },
          {
            "x": 1,
            "y": 5
          }
        ],
        "head": {
          "x": 2,
          "y": 5
        },
        "length": 3,
        "shout": ""
      }
    ],
    "food": [
      {
        "x": 2,
        "y": 0
      },
      {
        "x": 0,
        "y": 10
      },
      {
        "x": 10,
        "y": 10
      },
      {
        "x": 0,
        "y": 4
      },
      {
        "x": 5,
        "y": 5
      }
    ],
    "you": {
      "id": "gs_c73BKQydwkCJgfyMvftttgFb",
      "name": "Jormungand 0.1.0",
      "latency": "50",
      "health": 99,
      "body": [
        {
          "x": 0,
          "y": 1
        },
        {
          "x": 1,
          "y": 1
        },
        {
          "x": 1,
          "y": 1
        }
      ],
      "head": {
        "x": 0,
        "y": 1
      },
      "length": 3,
      "shout": "I am moving up!"
    },
    "snakeId": "gs_c73BKQydwkCJgfyMvftttgFb",
    "name": "Jormungand 0.1.0",
    "latency": "50",
    "health": 99,
    "body": [
      {
        "x": 0,
        "y": 1
      },
      {
        "x": 1,
        "y": 1
      },
      {
        "x": 1,
        "y": 1
      }
    ],
    "head": {
      "x": 0,
      "y": 1
    },
    "length": 3,
    "shout": "I am moving up!"
  },
  {
    "gameId": "f58a5fcc-f67a-4d48-877a-a25fa553d173",
    "ruleset": {
      "name": "royale",
      "version": "v1.0.17"
    },
    "timeout": 600,
    "turn": 2,
    "width": 11,
    "height": 11,
    "snakes": [
      {
        "id": "gs_c73BKQydwkCJgfyMvftttgFb",
        "name": "Jormungand 0.1.0",
        "latency": "50",
        "health": 98,
        "body": [
          {
            "x": 0,
            "y": 2
          },
          {
            "x": 0,
            "y": 1
          },
          {
            "x": 1,
            "y": 1
          }
        ],
        "head": {
          "x": 0,
          "y": 2
        },
        "length": 3,
        "shout": "I am moving up!"
      },
      {
        "id": "gs_7cQHxjxHWWjyX7rttqHSC9VH",
        "name": "ninemo",
        "latency": "87",
        "health": 100,
        "body": [
          {
            "x": 0,
            "y": 10
          },
          {
            "x": 0,
            "y": 9
          },
          {
            "x": 1,
            "y": 9
          },
          {
            "x": 1,
            "y": 9
          }
        ],
        "head": {
          "x": 0,
          "y": 10
        },
        "length": 4,
        "shout": ""
      },
      {
        "id": "gs_bP8HKC9gfxpXdxDPvbVXVjFF",
        "name": "Nagini",
        "latency": "194",
        "health": 100,
        "body": [
          {
            "x": 10,
            "y": 10
          },
          {
            "x": 9,
            "y": 10
          },
          {
            "x": 9,
            "y": 9
          },
          {
            "x": 9,
            "y": 9
          }
        ],
        "head": {
          "x": 10,
          "y": 10
        },
        "length": 4,
        "shout": ""
      },
      {
        "id": "gs_DfSFtW78CWgwcMQvSCJjjJxC",
        "name": "lucky",
        "latency": "83",
        "health": 98,
        "body": [
          {
            "x": 3,
            "y": 5
          },
          {
            "x": 2,
            "y": 5
          },
          {
            "x": 1,
            "y": 5
          }
        ],
        "head": {
          "x": 3,
          "y": 5
        },
        "length": 3,
        "shout": ""
      }
    ],
    "food": [
      {
        "x": 2,
        "y": 0
      },
      {
        "x": 0,
        "y": 4
      },
      {
        "x": 5,
        "y": 5
      }
    ],
    "you": {
      "id": "gs_c73BKQydwkCJgfyMvftttgFb",
      "name": "Jormungand 0.1.0",
      "latency": "50",
      "health": 98,
      "body": [
        {
          "x": 0,
          "y": 2
        },
        {
          "x": 0,
          "y": 1
        },
        {
          "x": 1,
          "y": 1
        }
      ],
      "head": {
        "x": 0,
        "y": 2
      },
      "length": 3,
      "shout": "I am moving up!"
    },
    "snakeId": "gs_c73BKQydwkCJgfyMvftttgFb",
    "name": "Jormungand 0.1.0",
    "latency": "50",
    "health": 98,
    "body": [
      {
        "x": 0,
        "y": 2
      },
      {
        "x": 0,
        "y": 1
      },
      {
        "x": 1,
        "y": 1
      }
    ],
    "head": {
      "x": 0,
      "y": 2
    },
    "length": 3,
    "shout": "I am moving up!"
  },
  {
    "gameId": "f58a5fcc-f67a-4d48-877a-a25fa553d173",
    "ruleset": {
      "name": "royale",
      "version": "v1.0.17"
    },
    "timeout": 600,
    "turn": 3,
    "width": 11,
    "height": 11,
    "snakes": [
      {
        "id": "gs_c73BKQydwkCJgfyMvftttgFb",
        "name": "Jormungand 0.1.0",
        "latency": "50",
        "health": 97,
        "body": [
          {
            "x": 1,
            "y": 2
          },
          {
            "x": 0,
            "y": 2
          },
          {
            "x": 0,
            "y": 1
          }
        ],
        "head": {
          "x": 1,
          "y": 2
        },
        "length": 3,
        "shout": "I am moving up!"
      },
      {
        "id": "gs_7cQHxjxHWWjyX7rttqHSC9VH",
        "name": "ninemo",
        "latency": "86",
        "health": 99,
        "body": [
          {
            "x": 1,
            "y": 10
          },
          {
            "x": 0,
            "y": 10
          },
          {
            "x": 0,
            "y": 9
          },
          {
            "x": 1,
            "y": 9
          }
        ],
        "head": {
          "x": 1,
          "y": 10
        },
        "length": 4,
        "shout": ""
      },
      {
        "id": "gs_bP8HKC9gfxpXdxDPvbVXVjFF",
        "name": "Nagini",
        "latency": "189",
        "health": 99,
        "body": [
          {
            "x": 10,
            "y": 9
          },
          {
            "x": 10,
            "y": 10
          },
          {
            "x": 9,
            "y": 10
          },
          {
            "x": 9,
            "y": 9
          }
        ],
        "head": {
          "x": 10,
          "y": 9
        },
        "length": 4,
        "shout": ""
      },
      {
        "id": "gs_DfSFtW78CWgwcMQvSCJjjJxC",
        "name": "lucky",
        "latency": "83",
        "health": 97,
        "body": [
          {
            "x": 4,
            "y": 5
          },
          {
            "x": 3,
            "y": 5
          },
          {
            "x": 2,
            "y": 5
          }
        ],
        "head": {
          "x": 4,
          "y": 5
        },
        "length": 3,
        "shout": ""
      }
    ],
    "food": [
      {
        "x": 2,
        "y": 0
      },
      {
        "x": 0,
        "y": 4
      },
      {
        "x": 5,
        "y": 5
      }
    ],
    "you": {
      "id": "gs_c73BKQydwkCJgfyMvftttgFb",
      "name": "Jormungand 0.1.0",
      "latency": "50",
      "health": 97,
      "body": [
        {
          "x": 1,
          "y": 2
        },
        {
          "x": 0,
          "y": 2
        },
        {
          "x": 0,
          "y": 1
        }
      ],
      "head": {
        "x": 1,
        "y": 2
      },
      "length": 3,
      "shout": "I am moving up!"
    },
    "snakeId": "gs_c73BKQydwkCJgfyMvftttgFb",
    "name": "Jormungand 0.1.0",
    "latency": "50",
    "health": 97,
    "body": [
      {
        "x": 1,
        "y": 2
      },
      {
        "x": 0,
        "y": 2
      },
      {
        "x": 0,
        "y": 1
      }
    ],
    "head": {
      "x": 1,
      "y": 2
    },
    "length": 3,
    "shout": "I am moving up!"
  },
  {
    "gameId": "f58a5fcc-f67a-4d48-877a-a25fa553d173",
    "ruleset": {
      "name": "royale",
      "version": "v1.0.17"
    },
    "timeout": 600,
    "turn": 4,
    "width": 11,
    "height": 11,
    "snakes": [
      {
        "id": "gs_c73BKQydwkCJgfyMvftttgFb",
        "name": "Jormungand 0.1.0",
        "latency": "50",
        "health": 96,
        "body": [
          {
            "x": 1,
            "y": 3
          },
          {
            "x": 1,
            "y": 2
          },
          {
            "x": 0,
            "y": 2
          }
        ],
        "head": {
          "x": 1,
          "y": 3
        },
        "length": 3,
        "shout": "I am moving up!"
      },
      {
        "id": "gs_7cQHxjxHWWjyX7rttqHSC9VH",
        "name": "ninemo",
        "latency": "88",
        "health": 98,
        "body": [
          {
            "x": 1,
            "y": 9
          },
          {
            "x": 1,
            "y": 10
          },
          {
            "x": 0,
            "y": 10
          },
          {
            "x": 0,
            "y": 9
          }
        ],
        "head": {
          "x": 1,
          "y": 9
        },
        "length": 4,
        "shout": ""
      },
      {
        "id": "gs_bP8HKC9gfxpXdxDPvbVXVjFF",
        "name": "Nagini",
        "latency": "208",
        "health": 98,
        "body": [
          {
            "x": 10,
            "y": 8
          },
          {
            "x": 10,
            "y": 9
          },
          {
            "x": 10,
            "y": 10
          },
          {
            "x": 9,
            "y": 10
          }
        ],
        "head": {
          "x": 10,
          "y": 8
        },
        "length": 4,
        "shout": ""
      },
      {
        "id": "gs_DfSFtW78CWgwcMQvSCJjjJxC",
        "name": "lucky",
        "latency": "80",
        "health": 100,
        "body": [
          {
            "x": 5,
            "y": 5
          },
          {
            "x": 4,
            "y": 5
          },
          {
            "x": 3,
            "y": 5
          },
          {
            "x": 3,
            "y": 5
          }
        ],
        "head": {
          "x": 5,
          "y": 5
        },
        "length": 4,
        "shout": ""
      }
    ],
    "food": [
      {
        "x": 2,
        "y": 0
      },
      {
        "x": 0,
        "y": 4
      }
    ],
    "you": {
      "id": "gs_c73BKQydwkCJgfyMvftttgFb",
      "name": "Jormungand 0.1.0",
      "latency": "50",
      "health": 96,
      "body": [
        {
          "x": 1,
          "y": 3
        },
        {
          "x": 1,
          "y": 2
        },
        {
          "x": 0,
          "y": 2
        }
      ],
      "head": {
        "x": 1,
        "y": 3
      },
      "length": 3,
      "shout": "I am moving up!"
    },
    "snakeId": "gs_c73BKQydwkCJgfyMvftttgFb",
    "name": "Jormungand 0.1.0",
    "latency": "50",
    "health": 96,
    "body": [
      {
        "x": 1,
        "y": 3
      },
      {
        "x": 1,
        "y": 2
      },
      {
        "x": 0,
        "y": 2
      }
    ],
    "head": {
      "x": 1,
      "y": 3
    },
    "length": 3,
    "shout": "I am moving up!"
  },
  {
    "gameId": "f58a5fcc-f67a-4d48-877a-a25fa553d173",
    "ruleset": {
      "name": "royale",
      "version": "v1.0.17"
    },
    "timeout": 600,
    "turn": 5,
    "width": 11,
    "height": 11,
    "snakes": [
      {
        "id": "gs_c73BKQydwkCJgfyMvftttgFb",
        "name": "Jormungand 0.1.0",
        "latency": "50",
        "health": 95,
        "body": [
          {
            "x": 2,
            "y": 3
          },
          {
            "x": 1,
            "y": 3
          },
          {
            "x": 1,
            "y": 2
          }
        ],
        "head": {
          "x": 2,
          "y": 3
        },
        "length": 3,
        "shout": "I am moving up!"
      },
      {
        "id": "gs_7cQHxjxHWWjyX7rttqHSC9VH",
        "name": "ninemo",
        "latency": "87",
        "health": 97,
        "body": [
          {
            "x": 0,
            "y": 9
          },
          {
            "x": 1,
            "y": 9
          },
          {
            "x": 1,
            "y": 10
          },
          {
            "x": 0,
            "y": 10
          }
        ],
        "head": {
          "x": 0,
          "y": 9
        },
        "length": 4,
        "shout": ""
      },
      {
        "id": "gs_bP8HKC9gfxpXdxDPvbVXVjFF",
        "name": "Nagini",
        "latency": "221",
        "health": 97,
        "body": [
          {
            "x": 9,
            "y": 8
          },
          {
            "x": 10,
            "y": 8
          },
          {
            "x": 10,
            "y": 9
          },
          {
            "x": 10,
            "y": 10
          }
        ],
        "head": {
          "x": 9,
          "y": 8
        },
        "length": 4,
        "shout": ""
      },
      {
        "id": "gs_DfSFtW78CWgwcMQvSCJjjJxC",
        "name": "lucky",
        "latency": "80",
        "health": 99,
        "body": [
          {
            "x": 5,
            "y": 4
          },
          {
            "x": 5,
            "y": 5
          },
          {
            "x": 4,
            "y": 5
          },
          {
            "x": 3,
            "y": 5
          }
        ],
        "head": {
          "x": 5,
          "y": 4
        },
        "length": 4,
        "shout": ""
      }
    ],
    "food": [
      {
        "x": 2,
        "y": 0
      },
      {
        "x": 0,
        "y": 4
      },
      {
        "x": 3,
        "y": 9
      }
    ],
    "you": {
      "id": "gs_c73BKQydwkCJgfyMvftttgFb",
      "name": "Jormungand 0.1.0",
      "latency": "50",
      "health": 95,
      "body": [
        {
          "x": 2,
          "y": 3
        },
        {
          "x": 1,
          "y": 3
        },
        {
          "x": 1,
          "y": 2
        }
      ],
      "head": {
        "x": 2,
        "y": 3
      },
      "length": 3,
      "shout": "I am moving up!"
    },
    "snakeId": "gs_c73BKQydwkCJgfyMvftttgFb",
    "name": "Jormungand 0.1.0",
    "latency": "50",
    "health": 95,
    "body": [
      {
        "x": 2,
        "y": 3
      },
      {
        "x": 1,
        "y": 3
      },
      {
        "x": 1,
        "y": 2
      }
    ],
    "head": {
      "x": 2,
      "y": 3
    },
    "length": 3,
    "shout": "I am moving up!"
  },
  {
    "gameId": "f58a5fcc-f67a-4d48-877a-a25fa553d173",
    "ruleset": {
      "name": "royale",
      "version": "v1.0.17"
    },
    "timeout": 600,
    "turn": 6,
    "width": 11,
    "height": 11,
    "snakes": [
      {
        "id": "gs_c73BKQydwkCJgfyMvftttgFb",
        "name": "Jormungand 0.1.0",
        "latency": "50",
        "health": 94,
        "body": [
          {
            "x": 2,
            "y": 4
          },
          {
            "x": 2,
            "y": 3
          },
          {
            "x": 1,
            "y": 3
          }
        ],
        "head": {
          "x": 2,
          "y": 4
        },
        "length": 3,
        "shout": "I am moving up!"
      },
      {
        "id": "gs_7cQHxjxHWWjyX7rttqHSC9VH",
        "name": "ninemo",
        "latency": "90",
        "health": 96,
        "body": [
          {
            "x": 0,
            "y": 8
          },
          {
            "x": 0,
            "y": 9
          },
          {
            "x": 1,
            "y": 9
          },
          {
            "x": 1,
            "y": 10
          }
        ],
        "head": {
          "x": 0,
          "y": 8
        },
        "length": 4,
        "shout": ""
      },
      {
        "id": "gs_bP8HKC9gfxpXdxDPvbVXVjFF",
        "name": "Nagini",
        "latency": "186",
        "health": 96,
        "body": [
          {
            "x": 8,
            "y": 8
          },
          {
            "x": 9,
            "y": 8
          },
          {
            "x": 10,
            "y": 8
          },
          {
            "x": 10,
            "y": 9
          }
        ],
        "head": {
          "x": 8,
          "y": 8
        },
        "length": 4,
        "shout": ""
      },
      {
        "id": "gs_DfSFtW78CWgwcMQvSCJjjJxC",
        "name": "lucky",
        "latency": "79",
        "health": 98,
        "body": [
          {
            "x": 6,
            "y": 4
          },
          {
            "x": 5,
            "y": 4
          },
          {
            "x": 5,
            "y": 5
          },
          {
            "x": 4,
            "y": 5
          }
        ],
        "head": {
          "x": 6,
          "y": 4
        },
        "length": 4,
        "shout": ""
      }
    ],
    "food": [
      {
        "x": 2,
        "y": 0
      },
      {
        "x": 0,
        "y": 4
      },
      {
        "x": 3,
        "y": 9
      }
    ],
    "you": {
      "id": "gs_c73BKQydwkCJgfyMvftttgFb",
      "name": "Jormungand 0.1.0",
      "latency": "50",
      "health": 94,
      "body": [
        {
          "x": 2,
          "y": 4
        },
        {
          "x": 2,
          "y": 3
        },
        {
          "x": 1,
          "y": 3
        }
      ],
      "head": {
        "x": 2,
        "y": 4
      },
      "length": 3,
      "shout": "I am moving up!"
    },
    "snakeId": "gs_c73BKQydwkCJgfyMvftttgFb",
    "name": "Jormungand 0.1.0",
    "latency": "50",
    "health": 94,
    "body": [
      {
        "x": 2,
        "y": 4
      },
      {
        "x": 2,
        "y": 3
      },
      {
        "x": 1,
        "y": 3
      }
    ],
    "head": {
      "x": 2,
      "y": 4
    },
    "length": 3,
    "shout": "I am moving up!"
  },
  {
    "gameId": "f58a5fcc-f67a-4d48-877a-a25fa553d173",
    "ruleset": {
      "name": "royale",
      "version": "v1.0.17"
    },
    "timeout": 600,
    "turn": 7,
    "width": 11,
    "height": 11,
    "snakes": [
      {
        "id": "gs_c73BKQydwkCJgfyMvftttgFb",
        "name": "Jormungand 0.1.0",
        "latency": "51",
        "health": 93,
        "body": [
          {
            "x": 1,
            "y": 4
          },
          {
            "x": 2,
            "y": 4
          },
          {
            "x": 2,
            "y": 3
          }
        ],
        "head": {
          "x": 1,
          "y": 4
        },
        "length": 3,
        "shout": "I am moving up!"
      },
      {
        "id": "gs_7cQHxjxHWWjyX7rttqHSC9VH",
        "name": "ninemo",
        "latency": "88",
        "health": 95,
        "body": [
          {
            "x": 1,
            "y": 8
          },
          {
            "x": 0,
            "y": 8
          },
          {
            "x": 0,
            "y": 9
          },
          {
            "x": 1,
            "y": 9
          }
        ],
        "head": {
          "x": 1,
          "y": 8
        },
        "length": 4,
        "shout": ""
      },
      {
        "id": "gs_bP8HKC9gfxpXdxDPvbVXVjFF",
        "name": "Nagini",
        "latency": "214",
        "health": 95,
        "body": [
          {
            "x": 7,
            "y": 8
          },
          {
            "x": 8,
            "y": 8
          },
          {
            "x": 9,
            "y": 8
          },
          {
            "x": 10,
            "y": 8
          }
        ],
        "head": {
          "x": 7,
          "y": 8
        },
        "length": 4,
        "shout": ""
      },
      {
        "id": "gs_DfSFtW78CWgwcMQvSCJjjJxC",
        "name": "lucky",
        "latency": "79",
        "health": 97,
        "body": [
          {
            "x": 6,
            "y": 5
          },
          {
            "x": 6,
            "y": 4
          },
          {
            "x": 5,
            "y": 4
          },
          {
            "x": 5,
            "y": 5
          }
        ],
        "head": {
          "x": 6,
          "y": 5
        },
        "length": 4,
        "shout": ""
      }
    ],
    "food": [
      {
        "x": 2,
        "y": 0
      },
      {
        "x": 0,
        "y": 4
      },
      {
        "x": 3,
        "y": 9
      },
      {
        "x": 10,
        "y": 7
      }
    ],
    "you": {
      "id": "gs_c73BKQydwkCJgfyMvftttgFb",
      "name": "Jormungand 0.1.0",
      "latency": "51",
      "health": 93,
      "body": [
        {
          "x": 1,
          "y": 4
        },
        {
          "x": 2,
          "y": 4
        },
        {
          "x": 2,
          "y": 3
        }
      ],
      "head": {
        "x": 1,
        "y": 4
      },
      "length": 3,
      "shout": "I am moving up!"
    },
    "snakeId": "gs_c73BKQydwkCJgfyMvftttgFb",
    "name": "Jormungand 0.1.0",
    "latency": "51",
    "health": 93,
    "body": [
      {
        "x": 1,
        "y": 4
      },
      {
        "x": 2,
        "y": 4
      },
      {
        "x": 2,
        "y": 3
      }
    ],
    "head": {
      "x": 1,
      "y": 4
    },
    "length": 3,
    "shout": "I am moving up!"
  },
  {
    "gameId": "f58a5fcc-f67a-4d48-877a-a25fa553d173",
    "ruleset": {
      "name": "royale",
      "version": "v1.0.17"
    },
    "timeout": 600,
    "turn": 8,
    "width": 11,
    "height": 11,
    "snakes": [
      {
        "id": "gs_c73BKQydwkCJgfyMvftttgFb",
        "name": "Jormungand 0.1.0",
        "latency": "50",
        "health": 92,
        "body": [
          {
            "x": 1,
            "y": 3
          },
          {
            "x": 1,
            "y": 4
          },
          {
            "x": 2,
            "y": 4
          }
        ],
        "head": {
          "x": 1,
          "y": 3
        },
        "length": 3,
        "shout": "I am moving up!"
      },
      {
        "id": "gs_7cQHxjxHWWjyX7rttqHSC9VH",
        "name": "ninemo",
        "latency": "86",
        "health": 94,
        "body": [
          {
            "x": 2,
            "y": 8
          },
          {
            "x": 1,
            "y": 8
          },
          {
            "x": 0,
            "y": 8
          },
          {
            "x": 0,
            "y": 9
          }
        ],
        "head": {
          "x": 2,
          "y": 8
        },
        "length": 4,
        "shout": ""
      },
      {
        "id": "gs_bP8HKC9gfxpXdxDPvbVXVjFF",
        "name": "Nagini",
        "latency": "188",
        "health": 94,
        "body": [
          {
            "x": 7,
            "y": 7
          },
          {
            "x": 7,
            "y": 8
          },
          {
            "x": 8,
            "y": 8
          },
          {
            "x": 9,
            "y": 8
          }
        ],
        "head": {
          "x": 7,
          "y": 7
        },
        "length": 4,
        "shout": ""
      },
      {
        "id": "gs_DfSFtW78CWgwcMQvSCJjjJxC",
        "name": "lucky",
        "latency": "80",
        "health": 96,
        "body": [
          {
            "x": 6,
            "y": 6
          },
          {
            "x": 6,
            "y": 5
          },
          {
            "x": 6,
            "y": 4
          },
          {
            "x": 5,
            "y": 4
          }
        ],
        "head": {
          "x": 6,
          "y": 6
        },
        "length": 4,
        "shout": ""
      }
    ],
    "food": [
      {
        "x": 2,
        "y": 0
      },
      {
        "x": 0,
        "y": 4
      },
      {
        "x": 3,
        "y": 9
      },
      {
        "x": 10,
        "y": 7
      },
      {
        "x": 10,
        "y": 0
      }
    ],
    "you": {
      "id": "gs_c73BKQydwkCJgfyMvftttgFb",
      "name": "Jormungand 0.1.0",
      "latency": "50",
      "health": 92,
      "body": [
        {
          "x": 1,
          "y": 3
        },
        {
          "x": 1,
          "y": 4
        },
        {
          "x": 2,
          "y": 4
        }
      ],
      "head": {
        "x": 1,
        "y": 3
      },
      "length": 3,
      "shout": "I am moving up!"
    },
    "snakeId": "gs_c73BKQydwkCJgfyMvftttgFb",
    "name": "Jormungand 0.1.0",
    "latency": "50",
    "health": 92,
    "body": [
      {
        "x": 1,
        "y": 3
      },
      {
        "x": 1,
        "y": 4
      },
      {
        "x": 2,
        "y": 4
      }
    ],
    "head": {
      "x": 1,
      "y": 3
    },
    "length": 3,
    "shout": "I am moving up!"
  },
  {
    "gameId": "f58a5fcc-f67a-4d48-877a-a25fa553d173",
    "ruleset": {
      "name": "royale",
      "version": "v1.0.17"
    },
    "timeout": 600,
    "turn": 9,
    "width": 11,
    "height": 11,
    "snakes": [
      {
        "id": "gs_c73BKQydwkCJgfyMvftttgFb",
        "name": "Jormungand 0.1.0",
        "latency": "50",
        "health": 91,
        "body": [
          {
            "x": 0,
            "y": 3
          },
          {
            "x": 1,
            "y": 3
          },
          {
            "x": 1,
            "y": 4
          }
        ],
        "head": {
          "x": 0,
          "y": 3
        },
        "length": 3,
        "shout": "I am moving up!"
      },
      {
        "id": "gs_7cQHxjxHWWjyX7rttqHSC9VH",
        "name": "ninemo",
        "latency": "86",
        "health": 93,
        "body": [
          {
            "x": 3,
            "y": 8
          },
          {
            "x": 2,
            "y": 8
          },
          {
            "x": 1,
            "y": 8
          },
          {
            "x": 0,
            "y": 8
          }
        ],
        "head": {
          "x": 3,
          "y": 8
        },
        "length": 4,
        "shout": ""
      },
      {
        "id": "gs_bP8HKC9gfxpXdxDPvbVXVjFF",
        "name": "Nagini",
        "latency": "194",
        "health": 93,
        "body": [
          {
            "x": 8,
            "y": 7
          },
          {
            "x": 7,
            "y": 7
          },
          {
            "x": 7,
            "y": 8
          },
          {
            "x": 8,
            "y": 8
          }
        ],
        "head": {
          "x": 8,
          "y": 7
        },
        "length": 4,
        "shout": ""
      },
      {
        "id": "gs_DfSFtW78CWgwcMQvSCJjjJxC",
        "name": "lucky",
        "latency": "79",
        "health": 95,
        "body": [
          {
            "x": 5,
            "y": 6
          },
          {
            "x": 6,
            "y": 6
          },
          {
            "x": 6,
            "y": 5
          },
          {
            "x": 6,
            "y": 4
          }
        ],
        "head": {
          "x": 5,
          "y": 6
        },
        "length": 4,
        "shout": ""
      }
    ],
    "food": [
      {
        "x": 2,
        "y": 0
      },
      {
        "x": 0,
        "y": 4
      },
      {
        "x": 3,
        "y": 9
      },
      {
        "x": 10,
        "y": 7
      },
      {
        "x": 10,
        "y": 0
      }
    ],
    "you": {
      "id": "gs_c73BKQydwkCJgfyMvftttgFb",
      "name": "Jormungand 0.1.0",
      "latency": "50",
      "health": 91,
      "body": [
        {
          "x": 0,
          "y": 3
        },
        {
          "x": 1,
          "y": 3
        },
        {
          "x": 1,
          "y": 4
        }
      ],
      "head": {
        "x": 0,
        "y": 3
      },
      "length": 3,
      "shout": "I am moving up!"
    },
    "snakeId": "gs_c73BKQydwkCJgfyMvftttgFb",
    "name": "Jormungand 0.1.0",
    "latency": "50",
    "health": 91,
    "body": [
      {
        "x": 0,
        "y": 3
      },
      {
        "x": 1,
        "y": 3
      },
      {
        "x": 1,
        "y": 4
      }
    ],
    "head": {
      "x": 0,
      "y": 3
    },
    "length": 3,
    "shout": "I am moving up!"
  },
  {
    "gameId": "f58a5fcc-f67a-4d48-877a-a25fa553d173",
    "ruleset": {
      "name": "royale",
      "version": "v1.0.17"
    },
    "timeout": 600,
    "turn": 10,
    "width": 11,
    "height": 11,
    "snakes": [
      {
        "id": "gs_c73BKQydwkCJgfyMvftttgFb",
        "name": "Jormungand 0.1.0",
        "latency": "50",
        "health": 100,
        "body": [
          {
            "x": 0,
            "y": 4
          },
          {
            "x": 0,
            "y": 3
          },
          {
            "x": 1,
            "y": 3
          },
          {
            "x": 1,
            "y": 3
          }
        ],
        "head": {
          "x": 0,
          "y": 4
        },
        "length": 4,
        "shout": "I am moving up!"
      },
      {
        "id": "gs_7cQHxjxHWWjyX7rttqHSC9VH",
        "name": "ninemo",
        "latency": "86",
        "health": 100,
        "body": [
          {
            "x": 3,
            "y": 9
          },
          {
            "x": 3,
            "y": 8
          },
          {
            "x": 2,
            "y": 8
          },
          {
            "x": 1,
            "y": 8
          },
          {
            "x": 1,
            "y": 8
          }
        ],
        "head": {
          "x": 3,
          "y": 9
        },
        "length": 5,
        "shout": ""
      },
      {
        "id": "gs_bP8HKC9gfxpXdxDPvbVXVjFF",
        "name": "Nagini",
        "latency": "197",
        "health": 92,
        "body": [
          {
            "x": 9,
            "y": 7
          },
          {
            "x": 8,
            "y": 7
          },
          {
            "x": 7,
            "y": 7
          },
          {
            "x": 7,
            "y": 8
          }
        ],
        "head": {
          "x": 9,
          "y": 7
        },
        "length": 4,
        "shout": ""
      },
      {
        "id": "gs_DfSFtW78CWgwcMQvSCJjjJxC",
        "name": "lucky",
        "latency": "80",
        "health": 94,
        "body": [
          {
            "x": 5,
            "y": 5
          },
          {
            "x": 5,
            "y": 6
          },
          {
            "x": 6,
            "y": 6
          },
          {
            "x": 6,
            "y": 5
          }
        ],
        "head": {
          "x": 5,
          "y": 5
        },
        "length": 4,
        "shout": ""
      }
    ],
    "food": [
      {
        "x": 2,
        "y": 0
      },
      {
        "x": 10,
        "y": 7
      },
      {
        "x": 10,
        "y": 0
      }
    ],
    "you": {
      "id": "gs_c73BKQydwkCJgfyMvftttgFb",
      "name": "Jormungand 0.1.0",
      "latency": "50",
      "health": 100,
      "body": [
        {
          "x": 0,
          "y": 4
        },
        {
          "x": 0,
          "y": 3
        },
        {
          "x": 1,
          "y": 3
        },
        {
          "x": 1,
          "y": 3
        }
      ],
      "head": {
        "x": 0,
        "y": 4
      },
      "length": 4,
      "shout": "I am moving up!"
    },
    "snakeId": "gs_c73BKQydwkCJgfyMvftttgFb",
    "name": "Jormungand 0.1.0",
    "latency": "50",
    "health": 100,
    "body": [
      {
        "x": 0,
        "y": 4
      },
      {
        "x": 0,
        "y": 3
      },
      {
        "x": 1,
        "y": 3
      },
      {
        "x": 1,
        "y": 3
      }
    ],
    "head": {
      "x": 0,
      "y": 4
    },
    "length": 4,
    "shout": "I am moving up!"
  },
  {
    "gameId": "f58a5fcc-f67a-4d48-877a-a25fa553d173",
    "ruleset": {
      "name": "royale",
      "version": "v1.0.17"
    },
    "timeout": 600,
    "turn": 11,
    "width": 11,
    "height": 11,
    "snakes": [
      {
        "id": "gs_c73BKQydwkCJgfyMvftttgFb",
        "name": "Jormungand 0.1.0",
        "latency": "50",
        "health": 99,
        "body": [
          {
            "x": 1,
            "y": 4
          },
          {
            "x": 0,
            "y": 4
          },
          {
            "x": 0,
            "y": 3
          },
          {
            "x": 1,
            "y": 3
          }
        ],
        "head": {
          "x": 1,
          "y": 4
        },
        "length": 4,
        "shout": "I am moving up!"
      },
      {
        "id": "gs_7cQHxjxHWWjyX7rttqHSC9VH",
        "name": "ninemo",
        "latency": "87",
        "health": 99,
        "body": [
          {
            "x": 4,
            "y": 9
          },
          {
            "x": 3,
            "y": 9
          },
          {
            "x": 3,
            "y": 8
          },
          {
            "x": 2,
            "y": 8
          },
          {
            "x": 1,
            "y": 8
          }
        ],
        "head": {
          "x": 4,
          "y": 9
        },
        "length": 5,
        "shout": ""
      },
      {
        "id": "gs_bP8HKC9gfxpXdxDPvbVXVjFF",
        "name": "Nagini",
        "latency": "224",
        "health": 100,
        "body": [
          {
            "x": 10,
            "y": 7
          },
          {
            "x": 9,
            "y": 7
          },
          {
            "x": 8,
            "y": 7
          },
          {
            "x": 7,
            "y": 7
          },
          {
            "x": 7,
            "y": 7
          }
        ],
        "head": {
          "x": 10,
          "y": 7
        },
        "length": 5,
        "shout": ""
      },
      {
        "id": "gs_DfSFtW78CWgwcMQvSCJjjJxC",
        "name": "lucky",
        "latency": "80",
        "health": 93,
        "body": [
          {
            "x": 5,
            "y": 4
          },
          {
            "x": 5,
            "y": 5
          },
          {
            "x": 5,
            "y": 6
          },
          {
            "x": 6,
            "y": 6
          }
        ],
        "head": {
          "x": 5,
          "y": 4
        },
        "length": 4,
        "shout": ""
      }
    ],
    "food": [
      {
        "x": 2,
        "y": 0
      },
      {
        "x": 10,
        "y": 0
      }
    ],
    "you": {
      "id": "gs_c73BKQydwkCJgfyMvftttgFb",
      "name": "Jormungand 0.1.0",
      "latency": "50",
      "health": 99,
      "body": [
        {
          "x": 1,
          "y": 4
        },
        {
          "x": 0,
          "y": 4
        },
        {
          "x": 0,
          "y": 3
        },
        {
          "x": 1,
          "y": 3
        }
      ],
      "head": {
        "x": 1,
        "y": 4
      },
      "length": 4,
      "shout": "I am moving up!"
    },
    "snakeId": "gs_c73BKQydwkCJgfyMvftttgFb",
    "name": "Jormungand 0.1.0",
    "latency": "50",
    "health": 99,
    "body": [
      {
        "x": 1,
        "y": 4
      },
      {
        "x": 0,
        "y": 4
      },
      {
        "x": 0,
        "y": 3
      },
      {
        "x": 1,
        "y": 3
      }
    ],
    "head": {
      "x": 1,
      "y": 4
    },
    "length": 4,
    "shout": "I am moving up!"
  },
  {
    "gameId": "f58a5fcc-f67a-4d48-877a-a25fa553d173",
    "ruleset": {
      "name": "royale",
      "version": "v1.0.17"
    },
    "timeout": 600,
    "turn": 12,
    "width": 11,
    "height": 11,
    "snakes": [
      {
        "id": "gs_c73BKQydwkCJgfyMvftttgFb",
        "name": "Jormungand 0.1.0",
        "latency": "50",
        "health": 98,
        "body": [
          {
            "x": 2,
            "y": 4
          },
          {
            "x": 1,
            "y": 4
          },
          {
            "x": 0,
            "y": 4
          },
          {
            "x": 0,
            "y": 3
          }
        ],
        "head": {
          "x": 2,
          "y": 4
        },
        "length": 4,
        "shout": "I am moving up!"
      },
      {
        "id": "gs_7cQHxjxHWWjyX7rttqHSC9VH",
        "name": "ninemo",
        "latency": "87",
        "health": 98,
        "body": [
          {
            "x": 4,
            "y": 8
          },
          {
            "x": 4,
            "y": 9
          },
          {
            "x": 3,
            "y": 9
          },
          {
            "x": 3,
            "y": 8
          },
          {
            "x": 2,
            "y": 8
          }
        ],
        "head": {
          "x": 4,
          "y": 8
        },
        "length": 5,
        "shout": ""
      },
      {
        "id": "gs_bP8HKC9gfxpXdxDPvbVXVjFF",
        "name": "Nagini",
        "latency": "202",
        "health": 99,
        "body": [
          {
            "x": 10,
            "y": 6
          },
          {
            "x": 10,
            "y": 7
          },
          {
            "x": 9,
            "y": 7
          },
          {
            "x": 8,
            "y": 7
          },
          {
            "x": 7,
            "y": 7
          }
        ],
        "head": {
          "x": 10,
          "y": 6
        },
        "length": 5,
        "shout": ""
      },
      {
        "id": "gs_DfSFtW78CWgwcMQvSCJjjJxC",
        "name": "lucky",
        "latency": "79",
        "health": 92,
        "body": [
          {
            "x": 4,
            "y": 4
          },
          {
            "x": 5,
            "y": 4
          },
          {
            "x": 5,
            "y": 5
          },
          {
            "x": 5,
            "y": 6
          }
        ],
        "head": {
          "x": 4,
          "y": 4
        },
        "length": 4,
        "shout": ""
      }
    ],
    "food": [
      {
        "x": 2,
        "y": 0
      },
      {
        "x": 10,
        "y": 0
      },
      {
        "x": 4,
        "y": 10
      }
    ],
    "you": {
      "id": "gs_c73BKQydwkCJgfyMvftttgFb",
      "name": "Jormungand 0.1.0",
      "latency": "50",
      "health": 98,
      "body": [
        {
          "x": 2,
          "y": 4
        },
        {
          "x": 1,
          "y": 4
        },
        {
          "x": 0,
          "y": 4
        },
        {
          "x": 0,
          "y": 3
        }
      ],
      "head": {
        "x": 2,
        "y": 4
      },
      "length": 4,
      "shout": "I am moving up!"
    },
    "snakeId": "gs_c73BKQydwkCJgfyMvftttgFb",
    "name": "Jormungand 0.1.0",
    "latency": "50",
    "health": 98,
    "body": [
      {
        "x": 2,
        "y": 4
      },
      {
        "x": 1,
        "y": 4
      },
      {
        "x": 0,
        "y": 4
      },
      {
        "x": 0,
        "y": 3
      }
    ],
    "head": {
      "x": 2,
      "y": 4
    },
    "length": 4,
    "shout": "I am moving up!"
  },
  {
    "gameId": "f58a5fcc-f67a-4d48-877a-a25fa553d173",
    "ruleset": {
      "name": "royale",
      "version": "v1.0.17"
    },
    "timeout": 600,
    "turn": 13,
    "width": 11,
    "height": 11,
    "snakes": [
      {
        "id": "gs_c73BKQydwkCJgfyMvftttgFb",
        "name": "Jormungand 0.1.0",
        "latency": "50",
        "health": 97,
        "body": [
          {
            "x": 2,
            "y": 3
          },
          {
            "x": 2,
            "y": 4
          },
          {
            "x": 1,
            "y": 4
          },
          {
            "x": 0,
            "y": 4
          }
        ],
        "head": {
          "x": 2,
          "y": 3
        },
        "length": 4,
        "shout": "I am moving up!"
      },
      {
        "id": "gs_7cQHxjxHWWjyX7rttqHSC9VH",
        "name": "ninemo",
        "latency": "86",
        "health": 97,
        "body": [
          {
            "x": 4,
            "y": 7
          },
          {
            "x": 4,
            "y": 8
          },
          {
            "x": 4,
            "y": 9
          },
          {
            "x": 3,
            "y": 9
          },
          {
            "x": 3,
            "y": 8
          }
        ],
        "head": {
          "x": 4,
          "y": 7
        },
        "length": 5,
        "shout": ""
      },
      {
        "id": "gs_bP8HKC9gfxpXdxDPvbVXVjFF",
        "name": "Nagini",
        "latency": "187",
        "health": 98,
        "body": [
          {
            "x": 10,
            "y": 5
          },
          {
            "x": 10,
            "y": 6
          },
          {
            "x": 10,
            "y": 7
          },
          {
            "x": 9,
            "y": 7
          },
          {
            "x": 8,
            "y": 7
          }
        ],
        "head": {
          "x": 10,
          "y": 5
        },
        "length": 5,
        "shout": ""
      },
      {
        "id": "gs_DfSFtW78CWgwcMQvSCJjjJxC",
        "name": "lucky",
        "latency": "79",
        "health": 91,
        "body": [
          {
            "x": 4,
            "y": 3
          },
          {
            "x": 4,
            "y": 4
          },
          {
            "x": 5,
            "y": 4
          },
          {
            "x": 5,
            "y": 5
          }
        ],
        "head": {
          "x": 4,
          "y": 3
        },
        "length": 4,
        "shout": ""
      }
    ],
    "food": [
      {
        "x": 2,
        "y": 0
      },
      {
        "x": 10,
        "y": 0
      },
      {
        "x": 4,
        "y": 10
      }
    ],
    "you": {
      "id": "gs_c73BKQydwkCJgfyMvftttgFb",
      "name": "Jormungand 0.1.0",
      "latency": "50",
      "health": 97,
      "body": [
        {
          "x": 2,
          "y": 3
        },
        {
          "x": 2,
          "y": 4
        },
        {
          "x": 1,
          "y": 4
        },
        {
          "x": 0,
          "y": 4
        }
      ],
      "head": {
        "x": 2,
        "y": 3
      },
      "length": 4,
      "shout": "I am moving up!"
    },
    "snakeId": "gs_c73BKQydwkCJgfyMvftttgFb",
    "name": "Jormungand 0.1.0",
    "latency": "50",
    "health": 97,
    "body": [
      {
        "x": 2,
        "y": 3
      },
      {
        "x": 2,
        "y": 4
      },
      {
        "x": 1,
        "y": 4
      },
      {
        "x": 0,
        "y": 4
      }
    ],
    "head": {
      "x": 2,
      "y": 3
    },
    "length": 4,
    "shout": "I am moving up!"
  },
  {
    "gameId": "f58a5fcc-f67a-4d48-877a-a25fa553d173",
    "ruleset": {
      "name": "royale",
      "version": "v1.0.17"
    },
    "timeout": 600,
    "turn": 14,
    "width": 11,
    "height": 11,
    "snakes": [
      {
        "id": "gs_c73BKQydwkCJgfyMvftttgFb",
        "name": "Jormungand 0.1.0",
        "latency": "53",
        "health": 96,
        "body": [
          {
            "x": 1,
            "y": 3
          },
          {
            "x": 2,
            "y": 3
          },
          {
            "x": 2,
            "y": 4
          },
          {
            "x": 1,
            "y": 4
          }
        ],
        "head": {
          "x": 1,
          "y": 3
        },
        "length": 4,
        "shout": "I am moving up!"
      },
      {
        "id": "gs_7cQHxjxHWWjyX7rttqHSC9VH",
        "name": "ninemo",
        "latency": "88",
        "health": 96,
        "body": [
          {
            "x": 4,
            "y": 6
          },
          {
            "x": 4,
            "y": 7
          },
          {
            "x": 4,
            "y": 8
          },
          {
            "x": 4,
            "y": 9
          },
          {
            "x": 3,
            "y": 9
          }
        ],
        "head": {
          "x": 4,
          "y": 6
        },
        "length": 5,
        "shout": ""
      },
      {
        "id": "gs_bP8HKC9gfxpXdxDPvbVXVjFF",
        "name": "Nagini",
        "latency": "201",
        "health": 97,
        "body": [
          {
            "x": 10,
            "y": 4
          },
          {
            "x": 10,
            "y": 5
          },
          {
            "x": 10,
            "y": 6
          },
          {
            "x": 10,
            "y": 7
          },
          {
            "x": 9,
            "y": 7
          }
        ],
        "head": {
          "x": 10,
          "y": 4
        },
        "length": 5,
        "shout": ""
      },
      {
        "id": "gs_DfSFtW78CWgwcMQvSCJjjJxC",
        "name": "lucky",
        "latency": "79",
        "health": 90,
        "body": [
          {
            "x": 4,
            "y": 2
          },
          {
            "x": 4,
            "y": 3
          },
          {
            "x": 4,
            "y": 4
          },
          {
            "x": 5,
            "y": 4
          }
        ],
        "head": {
          "x": 4,
          "y": 2
        },
        "length": 4,
        "shout": ""
      }
    ],
    "food": [
      {
        "x": 2,
        "y": 0
      },
      {
        "x": 10,
        "y": 0
      },
      {
        "x": 4,
        "y": 10
      }
    ],
    "you": {
      "id": "gs_c73BKQydwkCJgfyMvftttgFb",
      "name": "Jormungand 0.1.0",
      "latency": "53",
      "health": 96,
      "body": [
        {
          "x": 1,
          "y": 3
        },
        {
          "x": 2,
          "y": 3
        },
        {
          "x": 2,
          "y": 4
        },
        {
          "x": 1,
          "y": 4
        }
      ],
      "head": {
        "x": 1,
        "y": 3
      },
      "length": 4,
      "shout": "I am moving up!"
    },
    "snakeId": "gs_c73BKQydwkCJgfyMvftttgFb",
    "name": "Jormungand 0.1.0",
    "latency": "53",
    "health": 96,
    "body": [
      {
        "x": 1,
        "y": 3
      },
      {
        "x": 2,
        "y": 3
      },
      {
        "x": 2,
        "y": 4
      },
      {
        "x": 1,
        "y": 4
      }
    ],
    "head": {
      "x": 1,
      "y": 3
    },
    "length": 4,
    "shout": "I am moving up!"
  },
  {
    "gameId": "f58a5fcc-f67a-4d48-877a-a25fa553d173",
    "ruleset": {
      "name": "royale",
      "version": "v1.0.17"
    },
    "timeout": 600,
    "turn": 15,
    "width": 11,
    "height": 11,
    "snakes": [
      {
        "id": "gs_c73BKQydwkCJgfyMvftttgFb",
        "name": "Jormungand 0.1.0",
        "latency": "50",
        "health": 95,
        "body": [
          {
            "x": 1,
            "y": 2
          },
          {
            "x": 1,
            "y": 3
          },
          {
            "x": 2,
            "y": 3
          },
          {
            "x": 2,
            "y": 4
          }
        ],
        "head": {
          "x": 1,
          "y": 2
        },
        "length": 4,
        "shout": "I am moving up!"
      },
      {
        "id": "gs_7cQHxjxHWWjyX7rttqHSC9VH",
        "name": "ninemo",
        "latency": "90",
        "health": 95,
        "body": [
          {
            "x": 4,
            "y": 5
          },
          {
            "x": 4,
            "y": 6
          },
          {
            "x": 4,
            "y": 7
          },
          {
            "x": 4,
            "y": 8
          },
          {
            "x": 4,
            "y": 9
          }
        ],
        "head": {
          "x": 4,
          "y": 5
        },
        "length": 5,
        "shout": ""
      },
      {
        "id": "gs_bP8HKC9gfxpXdxDPvbVXVjFF",
        "name": "Nagini",
        "latency": "187",
        "health": 96,
        "body": [
          {
            "x": 10,
            "y": 3
          },
          {
            "x": 10,
            "y": 4
          },
          {
            "x": 10,
            "y": 5
          },
          {
            "x": 10,
            "y": 6
          },
          {
            "x": 10,
            "y": 7
          }
        ],
        "head": {
          "x": 10,
          "y": 3
        },
        "length": 5,
        "shout": ""
      },
      {
        "id": "gs_DfSFtW78CWgwcMQvSCJjjJxC",
        "name": "lucky",
        "latency": "79",
        "health": 89,
        "body": [
          {
            "x": 4,
            "y": 1
          },
          {
            "x": 4,
            "y": 2
          },
          {
            "x": 4,
            "y": 3
          },
          {
            "x": 4,
            "y": 4
          }
        ],
        "head": {
          "x": 4,
          "y": 1
        },
        "length": 4,
        "shout": ""
      }
    ],
    "food": [
      {
        "x": 2,
        "y": 0
      },
      {
        "x": 10,
        "y": 0
      },
      {
        "x": 4,
        "y": 10
      }
    ],
    "you": {
      "id": "gs_c73BKQydwkCJgfyMvftttgFb",
      "name": "Jormungand 0.1.0",
      "latency": "50",
      "health": 95,
      "body": [
        {
          "x": 1,
          "y": 2
        },
        {
          "x": 1,
          "y": 3
        },
        {
          "x": 2,
          "y": 3
        },
        {
          "x": 2,
          "y": 4
        }
      ],
      "head": {
        "x": 1,
        "y": 2
      },
      "length": 4,
      "shout": "I am moving up!"
    },
    "snakeId": "gs_c73BKQydwkCJgfyMvftttgFb",
    "name": "Jormungand 0.1.0",
    "latency": "50",
    "health": 95,
    "body": [
      {
        "x": 1,
        "y": 2
      },
      {
        "x": 1,
        "y": 3
      },
      {
        "x": 2,
        "y": 3
      },
      {
        "x": 2,
        "y": 4
      }
    ],
    "head": {
      "x": 1,
      "y": 2
    },
    "length": 4,
    "shout": "I am moving up!"
  },
  {
    "gameId": "f58a5fcc-f67a-4d48-877a-a25fa553d173",
    "ruleset": {
      "name": "royale",
      "version": "v1.0.17"
    },
    "timeout": 600,
    "turn": 16,
    "width": 11,
    "height": 11,
    "snakes": [
      {
        "id": "gs_c73BKQydwkCJgfyMvftttgFb",
        "name": "Jormungand 0.1.0",
        "latency": "50",
        "health": 94,
        "body": [
          {
            "x": 2,
            "y": 2
          },
          {
            "x": 1,
            "y": 2
          },
          {
            "x": 1,
            "y": 3
          },
          {
            "x": 2,
            "y": 3
          }
        ],
        "head": {
          "x": 2,
          "y": 2
        },
        "length": 4,
        "shout": "I am moving up!"
      },
      {
        "id": "gs_7cQHxjxHWWjyX7rttqHSC9VH",
        "name": "ninemo",
        "latency": "90",
        "health": 94,
        "body": [
          {
            "x": 4,
            "y": 4
          },
          {
            "x": 4,
            "y": 5
          },
          {
            "x": 4,
            "y": 6
          },
          {
            "x": 4,
            "y": 7
          },
          {
            "x": 4,
            "y": 8
          }
        ],
        "head": {
          "x": 4,
          "y": 4
        },
        "length": 5,
        "shout": ""
      },
      {
        "id": "gs_bP8HKC9gfxpXdxDPvbVXVjFF",
        "name": "Nagini",
        "latency": "191",
        "health": 95,
        "body": [
          {
            "x": 10,
            "y": 2
          },
          {
            "x": 10,
            "y": 3
          },
          {
            "x": 10,
            "y": 4
          },
          {
            "x": 10,
            "y": 5
          },
          {
            "x": 10,
            "y": 6
          }
        ],
        "head": {
          "x": 10,
          "y": 2
        },
        "length": 5,
        "shout": ""
      },
      {
        "id": "gs_DfSFtW78CWgwcMQvSCJjjJxC",
        "name": "lucky",
        "latency": "80",
        "health": 88,
        "body": [
          {
            "x": 3,
            "y": 1
          },
          {
            "x": 4,
            "y": 1
          },
          {
            "x": 4,
            "y": 2
          },
          {
            "x": 4,
            "y": 3
          }
        ],
        "head": {
          "x": 3,
          "y": 1
        },
        "length": 4,
        "shout": ""
      }
    ],
    "food": [
      {
        "x": 2,
        "y": 0
      },
      {
        "x": 10,
        "y": 0
      },
      {
        "x": 4,
        "y": 10
      }
    ],
    "you": {
      "id": "gs_c73BKQydwkCJgfyMvftttgFb",
      "name": "Jormungand 0.1.0",
      "latency": "50",
      "health": 94,
      "body": [
        {
          "x": 2,
          "y": 2
        },
        {
          "x": 1,
          "y": 2
        },
        {
          "x": 1,
          "y": 3
        },
        {
          "x": 2,
          "y": 3
        }
      ],
      "head": {
        "x": 2,
        "y": 2
      },
      "length": 4,
      "shout": "I am moving up!"
    },
    "snakeId": "gs_c73BKQydwkCJgfyMvftttgFb",
    "name": "Jormungand 0.1.0",
    "latency": "50",
    "health": 94,
    "body": [
      {
        "x": 2,
        "y": 2
      },
      {
        "x": 1,
        "y": 2
      },
      {
        "x": 1,
        "y": 3
      },
      {
        "x": 2,
        "y": 3
      }
    ],
    "head": {
      "x": 2,
      "y": 2
    },
    "length": 4,
    "shout": "I am moving up!"
  },
  {
    "gameId": "f58a5fcc-f67a-4d48-877a-a25fa553d173",
    "ruleset": {
      "name": "royale",
      "version": "v1.0.17"
    },
    "timeout": 600,
    "turn": 17,
    "width": 11,
    "height": 11,
    "snakes": [
      {
        "id": "gs_c73BKQydwkCJgfyMvftttgFb",
        "name": "Jormungand 0.1.0",
        "latency": "50",
        "health": 93,
        "body": [
          {
            "x": 3,
            "y": 2
          },
          {
            "x": 2,
            "y": 2
          },
          {
            "x": 1,
            "y": 2
          },
          {
            "x": 1,
            "y": 3
          }
        ],
        "head": {
          "x": 3,
          "y": 2
        },
        "length": 4,
        "shout": "I am moving up!"
      },
      {
        "id": "gs_7cQHxjxHWWjyX7rttqHSC9VH",
        "name": "ninemo",
        "latency": "86",
        "health": 93,
        "body": [
          {
            "x": 3,
            "y": 4
          },
          {
            "x": 4,
            "y": 4
          },
          {
            "x": 4,
            "y": 5
          },
          {
            "x": 4,
            "y": 6
          },
          {
            "x": 4,
            "y": 7
          }
        ],
        "head": {
          "x": 3,
          "y": 4
        },
        "length": 5,
        "shout": ""
      },
      {
        "id": "gs_bP8HKC9gfxpXdxDPvbVXVjFF",
        "name": "Nagini",
        "latency": "192",
        "health": 94,
        "body": [
          {
            "x": 10,
            "y": 1
          },
          {
            "x": 10,
            "y": 2
          },
          {
            "x": 10,
            "y": 3
          },
          {
            "x": 10,
            "y": 4
          },
          {
            "x": 10,
            "y": 5
          }
        ],
        "head": {
          "x": 10,
          "y": 1
        },
        "length": 5,
        "shout": ""
      },
      {
        "id": "gs_DfSFtW78CWgwcMQvSCJjjJxC",
        "name": "lucky",
        "latency": "79",
        "health": 87,
        "body": [
          {
            "x": 3,
            "y": 0
          },
          {
            "x": 3,
            "y": 1
          },
          {
            "x": 4,
            "y": 1
          },
          {
            "x": 4,
            "y": 2
          }
        ],
        "head": {
          "x": 3,
          "y": 0
        },
        "length": 4,
        "shout": ""
      }
    ],
    "food": [
      {
        "x": 2,
        "y": 0
      },
      {
        "x": 10,
        "y": 0
      },
      {
        "x": 4,
        "y": 10
      }
    ],
    "you": {
      "id": "gs_c73BKQydwkCJgfyMvftttgFb",
      "name": "Jormungand 0.1.0",
      "latency": "50",
      "health": 93,
      "body": [
        {
          "x": 3,
          "y": 2
        },
        {
          "x": 2,
          "y": 2
        },
        {
          "x": 1,
          "y": 2
        },
        {
          "x": 1,
          "y": 3
        }
      ],
      "head": {
        "x": 3,
        "y": 2
      },
      "length": 4,
      "shout": "I am moving up!"
    },
    "snakeId": "gs_c73BKQydwkCJgfyMvftttgFb",
    "name": "Jormungand 0.1.0",
    "latency": "50",
    "health": 93,
    "body": [
      {
        "x": 3,
        "y": 2
      },
      {
        "x": 2,
        "y": 2
      },
      {
        "x": 1,
        "y": 2
      },
      {
        "x": 1,
        "y": 3
      }
    ],
    "head": {
      "x": 3,
      "y": 2
    },
    "length": 4,
    "shout": "I am moving up!"
  },
  {
    "gameId": "f58a5fcc-f67a-4d48-877a-a25fa553d173",
    "ruleset": {
      "name": "royale",
      "version": "v1.0.17"
    },
    "timeout": 600,
    "turn": 18,
    "width": 11,
    "height": 11,
    "snakes": [
      {
        "id": "gs_c73BKQydwkCJgfyMvftttgFb",
        "name": "Jormungand 0.1.0",
        "latency": "50",
        "health": 92,
        "body": [
          {
            "x": 4,
            "y": 2
          },
          {
            "x": 3,
            "y": 2
          },
          {
            "x": 2,
            "y": 2
          },
          {
            "x": 1,
            "y": 2
          }
        ],
        "head": {
          "x": 4,
          "y": 2
        },
        "length": 4,
        "shout": "I am moving up!"
      },
      {
        "id": "gs_7cQHxjxHWWjyX7rttqHSC9VH",
        "name": "ninemo",
        "latency": "86",
        "health": 92,
        "body": [
          {
            "x": 3,
            "y": 3
          },
          {
            "x": 3,
            "y": 4
          },
          {
            "x": 4,
            "y": 4
          },
          {
            "x": 4,
            "y": 5
          },
          {
            "x": 4,
            "y": 6
          }
        ],
        "head": {
          "x": 3,
          "y": 3
        },
        "length": 5,
        "shout": ""
      },
      {
        "id": "gs_bP8HKC9gfxpXdxDPvbVXVjFF",
        "name": "Nagini",
        "latency": "188",
        "health": 100,
        "body": [
          {
            "x": 10,
            "y": 0
          },
          {
            "x": 10,
            "y": 1
          },
          {
            "x": 10,
            "y": 2
          },
          {
            "x": 10,
            "y": 3
          },
          {
            "x": 10,
            "y": 4
          },
          {
            "x": 10,
            "y": 4
          }
        ],
        "head": {
          "x": 10,
          "y": 0
        },
        "length": 6,
        "shout": ""
      },
      {
        "id": "gs_DfSFtW78CWgwcMQvSCJjjJxC",
        "name": "lucky",
        "latency": "79",
        "health": 100,
        "body": [
          {
            "x": 2,
            "y": 0
          },
          {
            "x": 3,
            "y": 0
          },
          {
            "x": 3,
            "y": 1
          },
          {
            "x": 4,
            "y": 1
          },
          {
            "x": 4,
            "y": 1
          }
        ],
        "head": {
          "x": 2,
          "y": 0
        },
        "length": 5,
        "shout": ""
      }
    ],
    "food": [
      {
        "x": 4,
        "y": 10
      }
    ],
    "you": {
      "id": "gs_c73BKQydwkCJgfyMvftttgFb",
      "name": "Jormungand 0.1.0",
      "latency": "50",
      "health": 92,
      "body": [
        {
          "x": 4,
          "y": 2
        },
        {
          "x": 3,
          "y": 2
        },
        {
          "x": 2,
          "y": 2
        },
        {
          "x": 1,
          "y": 2
        }
      ],
      "head": {
        "x": 4,
        "y": 2
      },
      "length": 4,
      "shout": "I am moving up!"
    },
    "snakeId": "gs_c73BKQydwkCJgfyMvftttgFb",
    "name": "Jormungand 0.1.0",
    "latency": "50",
    "health": 92,
    "body": [
      {
        "x": 4,
        "y": 2
      },
      {
        "x": 3,
        "y": 2
      },
      {
        "x": 2,
        "y": 2
      },
      {
        "x": 1,
        "y": 2
      }
    ],
    "head": {
      "x": 4,
      "y": 2
    },
    "length": 4,
    "shout": "I am moving up!"
  },
  {
    "gameId": "f58a5fcc-f67a-4d48-877a-a25fa553d173",
    "ruleset": {
      "name": "royale",
      "version": "v1.0.17"
    },
    "timeout": 600,
    "turn": 19,
    "width": 11,
    "height": 11,
    "snakes": [
      {
        "id": "gs_c73BKQydwkCJgfyMvftttgFb",
        "name": "Jormungand 0.1.0",
        "latency": "50",
        "health": 91,
        "body": [
          {
            "x": 5,
            "y": 2
          },
          {
            "x": 4,
            "y": 2
          },
          {
            "x": 3,
            "y": 2
          },
          {
            "x": 2,
            "y": 2
          }
        ],
        "head": {
          "x": 5,
          "y": 2
        },
        "length": 4,
        "shout": "I am moving up!"
      },
      {
        "id": "gs_7cQHxjxHWWjyX7rttqHSC9VH",
        "name": "ninemo",
        "latency": "86",
        "health": 91,
        "body": [
          {
            "x": 4,
            "y": 3
          },
          {
            "x": 3,
            "y": 3
          },
          {
            "x": 3,
            "y": 4
          },
          {
            "x": 4,
            "y": 4
          },
          {
            "x": 4,
            "y": 5
          }
        ],
        "head": {
          "x": 4,
          "y": 3
        },
        "length": 5,
        "shout": ""
      },
      {
        "id": "gs_bP8HKC9gfxpXdxDPvbVXVjFF",
        "name": "Nagini",
        "latency": "194",
        "health": 99,
        "body": [
          {
            "x": 9,
            "y": 0
          },
          {
            "x": 10,
            "y": 0
          },
          {
            "x": 10,
            "y": 1
          },
          {
            "x": 10,
            "y": 2
          },
          {
            "x": 10,
            "y": 3
          },
          {
            "x": 10,
            "y": 4
          }
        ],
        "head": {
          "x": 9,
          "y": 0
        },
        "length": 6,
        "shout": ""
      },
      {
        "id": "gs_DfSFtW78CWgwcMQvSCJjjJxC",
        "name": "lucky",
        "latency": "78",
        "health": 99,
        "body": [
          {
            "x": 1,
            "y": 0
          },
          {
            "x": 2,
            "y": 0
          },
          {
            "x": 3,
            "y": 0
          },
          {
            "x": 3,
            "y": 1
          },
          {
            "x": 4,
            "y": 1
          }
        ],
        "head": {
          "x": 1,
          "y": 0
        },
        "length": 5,
        "shout": ""
      }
    ],
    "food": [
      {
        "x": 4,
        "y": 10
      }
    ],
    "you": {
      "id": "gs_c73BKQydwkCJgfyMvftttgFb",
      "name": "Jormungand 0.1.0",
      "latency": "50",
      "health": 91,
      "body": [
        {
          "x": 5,
          "y": 2
        },
        {
          "x": 4,
          "y": 2
        },
        {
          "x": 3,
          "y": 2
        },
        {
          "x": 2,
          "y": 2
        }
      ],
      "head": {
        "x": 5,
        "y": 2
      },
      "length": 4,
      "shout": "I am moving up!"
    },
    "snakeId": "gs_c73BKQydwkCJgfyMvftttgFb",
    "name": "Jormungand 0.1.0",
    "latency": "50",
    "health": 91,
    "body": [
      {
        "x": 5,
        "y": 2
      },
      {
        "x": 4,
        "y": 2
      },
      {
        "x": 3,
        "y": 2
      },
      {
        "x": 2,
        "y": 2
      }
    ],
    "head": {
      "x": 5,
      "y": 2
    },
    "length": 4,
    "shout": "I am moving up!"
  },
  {
    "gameId": "f58a5fcc-f67a-4d48-877a-a25fa553d173",
    "ruleset": {
      "name": "royale",
      "version": "v1.0.17"
    },
    "timeout": 600,
    "turn": 20,
    "width": 11,
    "height": 11,
    "snakes": [
      {
        "id": "gs_c73BKQydwkCJgfyMvftttgFb",
        "name": "Jormungand 0.1.0",
        "latency": "50",
        "health": 90,
        "body": [
          {
            "x": 6,
            "y": 2
          },
          {
            "x": 5,
            "y": 2
          },
          {
            "x": 4,
            "y": 2
          },
          {
            "x": 3,
            "y": 2
          }
        ],
        "head": {
          "x": 6,
          "y": 2
        },
        "length": 4,
        "shout": "I am moving up!"
      },
      {
        "id": "gs_7cQHxjxHWWjyX7rttqHSC9VH",
        "name": "ninemo",
        "latency": "85",
        "health": 90,
        "body": [
          {
            "x": 5,
            "y": 3
          },
          {
            "x": 4,
            "y": 3
          },
          {
            "x": 3,
            "y": 3
          },
          {
            "x": 3,
            "y": 4
          },
          {
            "x": 4,
            "y": 4
          }
        ],
        "head": {
          "x": 5,
          "y": 3
        },
        "length": 5,
        "shout": ""
      },
      {
        "id": "gs_bP8HKC9gfxpXdxDPvbVXVjFF",
        "name": "Nagini",
        "latency": "191",
        "health": 98,
        "body": [
          {
            "x": 8,
            "y": 0
          },
          {
            "x": 9,
            "y": 0
          },
          {
            "x": 10,
            "y": 0
          },
          {
            "x": 10,
            "y": 1
          },
          {
            "x": 10,
            "y": 2
          },
          {
            "x": 10,
            "y": 3
          }
        ],
        "head": {
          "x": 8,
          "y": 0
        },
        "length": 6,
        "shout": ""
      },
      {
        "id": "gs_DfSFtW78CWgwcMQvSCJjjJxC",
        "name": "lucky",
        "latency": "79",
        "health": 98,
        "body": [
          {
            "x": 1,
            "y": 1
          },
          {
            "x": 1,
            "y": 0
          },
          {
            "x": 2,
            "y": 0
          },
          {
            "x": 3,
            "y": 0
          },
          {
            "x": 3,
            "y": 1
          }
        ],
        "head": {
          "x": 1,
          "y": 1
        },
        "length": 5,
        "shout": ""
      }
    ],
    "food": [
      {
        "x": 4,
        "y": 10
      }
    ],
    "you": {
      "id": "gs_c73BKQydwkCJgfyMvftttgFb",
      "name": "Jormungand 0.1.0",
      "latency": "50",
      "health": 90,
      "body": [
        {
          "x": 6,
          "y": 2
        },
        {
          "x": 5,
          "y": 2
        },
        {
          "x": 4,
          "y": 2
        },
        {
          "x": 3,
          "y": 2
        }
      ],
      "head": {
        "x": 6,
        "y": 2
      },
      "length": 4,
      "shout": "I am moving up!"
    },
    "snakeId": "gs_c73BKQydwkCJgfyMvftttgFb",
    "name": "Jormungand 0.1.0",
    "latency": "50",
    "health": 90,
    "body": [
      {
        "x": 6,
        "y": 2
      },
      {
        "x": 5,
        "y": 2
      },
      {
        "x": 4,
        "y": 2
      },
      {
        "x": 3,
        "y": 2
      }
    ],
    "head": {
      "x": 6,
      "y": 2
    },
    "length": 4,
    "shout": "I am moving up!"
  },
  {
    "gameId": "f58a5fcc-f67a-4d48-877a-a25fa553d173",
    "ruleset": {
      "name": "royale",
      "version": "v1.0.17"
    },
    "timeout": 600,
    "turn": 21,
    "width": 11,
    "height": 11,
    "snakes": [
      {
        "id": "gs_c73BKQydwkCJgfyMvftttgFb",
        "name": "Jormungand 0.1.0",
        "latency": "50",
        "health": 89,
        "body": [
          {
            "x": 7,
            "y": 2
          },
          {
            "x": 6,
            "y": 2
          },
          {
            "x": 5,
            "y": 2
          },
          {
            "x": 4,
            "y": 2
          }
        ],
        "head": {
          "x": 7,
          "y": 2
        },
        "length": 4,
        "shout": "I am moving up!"
      },
      {
        "id": "gs_7cQHxjxHWWjyX7rttqHSC9VH",
        "name": "ninemo",
        "latency": "88",
        "health": 89,
        "body": [
          {
            "x": 6,
            "y": 3
          },
          {
            "x": 5,
            "y": 3
          },
          {
            "x": 4,
            "y": 3
          },
          {
            "x": 3,
            "y": 3
          },
          {
            "x": 3,
            "y": 4
          }
        ],
        "head": {
          "x": 6,
          "y": 3
        },
        "length": 5,
        "shout": ""
      },
      {
        "id": "gs_bP8HKC9gfxpXdxDPvbVXVjFF",
        "name": "Nagini",
        "latency": "193",
        "health": 97,
        "body": [
          {
            "x": 8,
            "y": 1
          },
          {
            "x": 8,
            "y": 0
          },
          {
            "x": 9,
            "y": 0
          },
          {
            "x": 10,
            "y": 0
          },
          {
            "x": 10,
            "y": 1
          },
          {
            "x": 10,
            "y": 2
          }
        ],
        "head": {
          "x": 8,
          "y": 1
        },
        "length": 6,
        "shout": ""
      },
      {
        "id": "gs_DfSFtW78CWgwcMQvSCJjjJxC",
        "name": "lucky",
        "latency": "79",
        "health": 97,
        "body": [
          {
            "x": 1,
            "y": 2
          },
          {
            "x": 1,
            "y": 1
          },
          {
            "x": 1,
            "y": 0
          },
          {
            "x": 2,
            "y": 0
          },
          {
            "x": 3,
            "y": 0
          }
        ],
        "head": {
          "x": 1,
          "y": 2
        },
        "length": 5,
        "shout": ""
      }
    ],
    "food": [
      {
        "x": 4,
        "y": 10
      }
    ],
    "you": {
      "id": "gs_c73BKQydwkCJgfyMvftttgFb",
      "name": "Jormungand 0.1.0",
      "latency": "50",
      "health": 89,
      "body": [
        {
          "x": 7,
          "y": 2
        },
        {
          "x": 6,
          "y": 2
        },
        {
          "x": 5,
          "y": 2
        },
        {
          "x": 4,
          "y": 2
        }
      ],
      "head": {
        "x": 7,
        "y": 2
      },
      "length": 4,
      "shout": "I am moving up!"
    },
    "snakeId": "gs_c73BKQydwkCJgfyMvftttgFb",
    "name": "Jormungand 0.1.0",
    "latency": "50",
    "health": 89,
    "body": [
      {
        "x": 7,
        "y": 2
      },
      {
        "x": 6,
        "y": 2
      },
      {
        "x": 5,
        "y": 2
      },
      {
        "x": 4,
        "y": 2
      }
    ],
    "head": {
      "x": 7,
      "y": 2
    },
    "length": 4,
    "shout": "I am moving up!"
  },
  {
    "gameId": "f58a5fcc-f67a-4d48-877a-a25fa553d173",
    "ruleset": {
      "name": "royale",
      "version": "v1.0.17"
    },
    "timeout": 600,
    "turn": 22,
    "width": 11,
    "height": 11,
    "snakes": [
      {
        "id": "gs_c73BKQydwkCJgfyMvftttgFb",
        "name": "Jormungand 0.1.0",
        "latency": "50",
        "health": 88,
        "body": [
          {
            "x": 8,
            "y": 2
          },
          {
            "x": 7,
            "y": 2
          },
          {
            "x": 6,
            "y": 2
          },
          {
            "x": 5,
            "y": 2
          }
        ],
        "head": {
          "x": 8,
          "y": 2
        },
        "length": 4,
        "shout": "I am moving up!"
      },
      {
        "id": "gs_7cQHxjxHWWjyX7rttqHSC9VH",
        "name": "ninemo",
        "latency": "87",
        "health": 88,
        "body": [
          {
            "x": 7,
            "y": 3
          },
          {
            "x": 6,
            "y": 3
          },
          {
            "x": 5,
            "y": 3
          },
          {
            "x": 4,
            "y": 3
          },
          {
            "x": 3,
            "y": 3
          }
        ],
        "head": {
          "x": 7,
          "y": 3
        },
        "length": 5,
        "shout": ""
      },
      {
        "id": "gs_bP8HKC9gfxpXdxDPvbVXVjFF",
        "name": "Nagini",
        "latency": "188",
        "health": 96,
        "body": [
          {
            "x": 9,
            "y": 1
          },
          {
            "x": 8,
            "y": 1
          },
          {
            "x": 8,
            "y": 0
          },
          {
            "x": 9,
            "y": 0
          },
          {
            "x": 10,
            "y": 0
          },
          {
            "x": 10,
            "y": 1
          }
        ],
        "head": {
          "x": 9,
          "y": 1
        },
        "length": 6,
        "shout": ""
      },
      {
        "id": "gs_DfSFtW78CWgwcMQvSCJjjJxC",
        "name": "lucky",
        "latency": "80",
        "health": 96,
        "body": [
          {
            "x": 1,
            "y": 3
          },
          {
            "x": 1,
            "y": 2
          },
          {
            "x": 1,
            "y": 1
          },
          {
            "x": 1,
            "y": 0
          },
          {
            "x": 2,
            "y": 0
          }
        ],
        "head": {
          "x": 1,
          "y": 3
        },
        "length": 5,
        "shout": ""
      }
    ],
    "food": [
      {
        "x": 4,
        "y": 10
      }
    ],
    "you": {
      "id": "gs_c73BKQydwkCJgfyMvftttgFb",
      "name": "Jormungand 0.1.0",
      "latency": "50",
      "health": 88,
      "body": [
        {
          "x": 8,
          "y": 2
        },
        {
          "x": 7,
          "y": 2
        },
        {
          "x": 6,
          "y": 2
        },
        {
          "x": 5,
          "y": 2
        }
      ],
      "head": {
        "x": 8,
        "y": 2
      },
      "length": 4,
      "shout": "I am moving up!"
    },
    "snakeId": "gs_c73BKQydwkCJgfyMvftttgFb",
    "name": "Jormungand 0.1.0",
    "latency": "50",
    "health": 88,
    "body": [
      {
        "x": 8,
        "y": 2
      },
      {
        "x": 7,
        "y": 2
      },
      {
        "x": 6,
        "y": 2
      },
      {
        "x": 5,
        "y": 2
      }
    ],
    "head": {
      "x": 8,
      "y": 2
    },
    "length": 4,
    "shout": "I am moving up!"
  },
  {
    "gameId": "f58a5fcc-f67a-4d48-877a-a25fa553d173",
    "ruleset": {
      "name": "royale",
      "version": "v1.0.17"
    },
    "timeout": 600,
    "turn": 23,
    "width": 11,
    "height": 11,
    "snakes": [
      {
        "id": "gs_c73BKQydwkCJgfyMvftttgFb",
        "name": "Jormungand 0.1.0",
        "latency": "50",
        "health": 87,
        "body": [
          {
            "x": 9,
            "y": 2
          },
          {
            "x": 8,
            "y": 2
          },
          {
            "x": 7,
            "y": 2
          },
          {
            "x": 6,
            "y": 2
          }
        ],
        "head": {
          "x": 9,
          "y": 2
        },
        "length": 4,
        "shout": "I am moving up!"
      },
      {
        "id": "gs_7cQHxjxHWWjyX7rttqHSC9VH",
        "name": "ninemo",
        "latency": "86",
        "health": 87,
        "body": [
          {
            "x": 8,
            "y": 3
          },
          {
            "x": 7,
            "y": 3
          },
          {
            "x": 6,
            "y": 3
          },
          {
            "x": 5,
            "y": 3
          },
          {
            "x": 4,
            "y": 3
          }
        ],
        "head": {
          "x": 8,
          "y": 3
        },
        "length": 5,
        "shout": ""
      },
      {
        "id": "gs_bP8HKC9gfxpXdxDPvbVXVjFF",
        "name": "Nagini",
        "latency": "192",
        "health": 95,
        "body": [
          {
            "x": 10,
            "y": 1
          },
          {
            "x": 9,
            "y": 1
          },
          {
            "x": 8,
            "y": 1
          },
          {
            "x": 8,
            "y": 0
          },
          {
            "x": 9,
            "y": 0
          },
          {
            "x": 10,
            "y": 0
          }
        ],
        "head": {
          "x": 10,
          "y": 1
        },
        "length": 6,
        "shout": ""
      },
      {
        "id": "gs_DfSFtW78CWgwcMQvSCJjjJxC",
        "name": "lucky",
        "latency": "82",
        "health": 95,
        "body": [
          {
            "x": 1,
            "y": 4
          },
          {
            "x": 1,
            "y": 3
          },
          {
            "x": 1,
            "y": 2
          },
          {
            "x": 1,
            "y": 1
          },
          {
            "x": 1,
            "y": 0
          }
        ],
        "head": {
          "x": 1,
          "y": 4
        },
        "length": 5,
        "shout": ""
      }
    ],
    "food": [
      {
        "x": 4,
        "y": 10
      },
      {
        "x": 7,
        "y": 10
      }
    ],
    "you": {
      "id": "gs_c73BKQydwkCJgfyMvftttgFb",
      "name": "Jormungand 0.1.0",
      "latency": "50",
      "health": 87,
      "body": [
        {
          "x": 9,
          "y": 2
        },
        {
          "x": 8,
          "y": 2
        },
        {
          "x": 7,
          "y": 2
        },
        {
          "x": 6,
          "y": 2
        }
      ],
      "head": {
        "x": 9,
        "y": 2
      },
      "length": 4,
      "shout": "I am moving up!"
    },
    "snakeId": "gs_c73BKQydwkCJgfyMvftttgFb",
    "name": "Jormungand 0.1.0",
    "latency": "50",
    "health": 87,
    "body": [
      {
        "x": 9,
        "y": 2
      },
      {
        "x": 8,
        "y": 2
      },
      {
        "x": 7,
        "y": 2
      },
      {
        "x": 6,
        "y": 2
      }
    ],
    "head": {
      "x": 9,
      "y": 2
    },
    "length": 4,
    "shout": "I am moving up!"
  },
  {
    "gameId": "f58a5fcc-f67a-4d48-877a-a25fa553d173",
    "ruleset": {
      "name": "royale",
      "version": "v1.0.17"
    },
    "timeout": 600,
    "turn": 24,
    "width": 11,
    "height": 11,
    "snakes": [
      {
        "id": "gs_c73BKQydwkCJgfyMvftttgFb",
        "name": "Jormungand 0.1.0",
        "latency": "50",
        "health": 86,
        "body": [
          {
            "x": 10,
            "y": 2
          },
          {
            "x": 9,
            "y": 2
          },
          {
            "x": 8,
            "y": 2
          },
          {
            "x": 7,
            "y": 2
          }
        ],
        "head": {
          "x": 10,
          "y": 2
        },
        "length": 4,
        "shout": "I am moving up!"
      },
      {
        "id": "gs_7cQHxjxHWWjyX7rttqHSC9VH",
        "name": "ninemo",
        "latency": "90",
        "health": 86,
        "body": [
          {
            "x": 9,
            "y": 3
          },
          {
            "x": 8,
            "y": 3
          },
          {
            "x": 7,
            "y": 3
          },
          {
            "x": 6,
            "y": 3
          },
          {
            "x": 5,
            "y": 3
          }
        ],
        "head": {
          "x": 9,
          "y": 3
        },
        "length": 5,
        "shout": ""
      },
      {
        "id": "gs_bP8HKC9gfxpXdxDPvbVXVjFF",
        "name": "Nagini",
        "latency": "216",
        "health": 94,
        "body": [
          {
            "x": 10,
            "y": 0
          },
          {
            "x": 10,
            "y": 1
          },
          {
            "x": 9,
            "y": 1
          },
          {
            "x": 8,
            "y": 1
          },
          {
            "x": 8,
            "y": 0
          },
          {
            "x": 9,
            "y": 0
          }
        ],
        "head": {
          "x": 10,
          "y": 0
        },
        "length": 6,
        "shout": ""
      },
      {
        "id": "gs_DfSFtW78CWgwcMQvSCJjjJxC",
        "name": "lucky",
        "latency": "82",
        "health": 94,
        "body": [
          {
            "x": 2,
            "y": 4
          },
          {
            "x": 1,
            "y": 4
          },
          {
            "x": 1,
            "y": 3
          },
          {
            "x": 1,
            "y": 2
          },
          {
            "x": 1,
            "y": 1
          }
        ],
        "head": {
          "x": 2,
          "y": 4
        },
        "length": 5,
        "shout": ""
      }
    ],
    "food": [
      {
        "x": 4,
        "y": 10
      },
      {
        "x": 7,
        "y": 10
      }
    ],
    "you": {
      "id": "gs_c73BKQydwkCJgfyMvftttgFb",
      "name": "Jormungand 0.1.0",
      "latency": "50",
      "health": 86,
      "body": [
        {
          "x": 10,
          "y": 2
        },
        {
          "x": 9,
          "y": 2
        },
        {
          "x": 8,
          "y": 2
        },
        {
          "x": 7,
          "y": 2
        }
      ],
      "head": {
        "x": 10,
        "y": 2
      },
      "length": 4,
      "shout": "I am moving up!"
    },
    "snakeId": "gs_c73BKQydwkCJgfyMvftttgFb",
    "name": "Jormungand 0.1.0",
    "latency": "50",
    "health": 86,
    "body": [
      {
        "x": 10,
        "y": 2
      },
      {
        "x": 9,
        "y": 2
      },
      {
        "x": 8,
        "y": 2
      },
      {
        "x": 7,
        "y": 2
      }
    ],
    "head": {
      "x": 10,
      "y": 2
    },
    "length": 4,
    "shout": "I am moving up!"
  }
]