[
  {
    "gameId": "6be7642b-ea98-4ec7-bcae-fb5890335b1a",
    "ruleset": {
      "name": "standard",
      "version": "v1.0.17"
    },
    "timeout": 500,
    "turn": 0,
    "width": 11,
    "height": 11,
    "snakes": [
      {
        "id": "gs_tPHxRKfpKFjpSVHxSCBSfXP8",
        "name": "Medusa",
        "latency": "",
        "health": 100,
        "body": [
          {
            "x": 1,
            "y": 5
          },
          {
            "x": 1,
            "y": 5
          },
          {
            "x": 1,
            "y": 5
          }
        ],
        "head": {
          "x": 1,
          "y": 5
        },
        "length": 3,
        "shout": ""
      },
      {
        "id": "gs_j6F3gyxGy7VqP4RdJ9xqt674",
        "name": "Jormungand 0.1.0",
        "latency": "",
        "health": 100,
        "body": [
          {
            "x": 9,
            "y": 1
          },
          {
            "x": 9,
            "y": 1
          },
          {
            "x": 9,
            "y": 1
          }
        ],
        "head": {
          "x": 9,
          "y": 1
        },
        "length": 3,
        "shout": ""
      }
    ],
    "food": [
      {
        "x": 2,
        "y": 4
      },
      {
        "x": 8,
        "y": 0
      },
      {
        "x": 5,
        "y": 5
      }
    ],
    "you": {
      "id": "gs_j6F3gyxGy7VqP4RdJ9xqt674",
      "name": "Jormungand 0.1.0",
      "latency": "",
      "health": 100,
      "body": [
        {
          "x": 9,
          "y": 1
        },
        {
          "x": 9,
          "y": 1
        },
        {
          "x": 9,
          "y": 1
        }
      ],
      "head": {
        "x": 9,
        "y": 1
      },
      "length": 3,
      "shout": ""
    },
    "snakeId": "gs_j6F3gyxGy7VqP4RdJ9xqt674",
    "name": "Jormungand 0.1.0",
    "latency": "",
    "health": 100,
    "body": [
      {
        "x": 9,
        "y": 1
      },
      {
        "x": 9,
        "y": 1
      },
      {
        "x": 9,
        "y": 1
      }
    ],
    "head": {
      "x": 9,
      "y": 1
    },
    "length": 3,
    "shout": ""
  },
  {
    "gameId": "6be7642b-ea98-4ec7-bcae-fb5890335b1a",
    "ruleset": {
      "name": "standard",
      "version": "v1.0.17"
    },
    "timeout": 500,
    "turn": 0,
    "width": 11,
    "height": 11,
    "snakes": [
      {
        "id": "gs_tPHxRKfpKFjpSVHxSCBSfXP8",
        "name": "Medusa",
        "latency": "",
        "health": 100,
        "body": [
          {
            "x": 1,
            "y": 5
          },
          {
            "x": 1,
            "y": 5
          },
          {
            "x": 1,
            "y": 5
          }
        ],
        "head": {
          "x": 1,
          "y": 5
        },
        "length": 3,
        "shout": ""
      },
      {
        "id": "gs_j6F3gyxGy7VqP4RdJ9xqt674",
        "name": "Jormungand 0.1.0",
        "latency": "",
        "health": 100,
        "body": [
          {
            "x": 9,
            "y": 1
          },
          {
            "x": 9,
            "y": 1
          },
          {
            "x": 9,
            "y": 1
          }
        ],
        "head": {
          "x": 9,
          "y": 1
        },
        "length": 3,
        "shout": ""
      }
    ],
    "food": [
      {
        "x": 2,
        "y": 4
      },
      {
        "x": 8,
        "y": 0
      },
      {
        "x": 5,
        "y": 5
      }
    ],
    "you": {
      "id": "gs_j6F3gyxGy7VqP4RdJ9xqt674",
      "name": "Jormungand 0.1.0",
      "latency": "",
      "health": 100,
      "body": [
        {
          "x": 9,
          "y": 1
        },
        {
          "x": 9,
          "y": 1
        },
        {
          "x": 9,
          "y": 1
        }
      ],
      "head": {
        "x": 9,
        "y": 1
      },
      "length": 3,
      "shout": ""
    },
    "snakeId": "gs_j6F3gyxGy7VqP4RdJ9xqt674",
    "name": "Jormungand 0.1.0",
    "latency": "",
    "health": 100,
    "body": [
      {
        "x": 9,
        "y": 1
      },
      {
        "x": 9,
        "y": 1
      },
      {
        "x": 9,
        "y": 1
      }
    ],
    "head": {
      "x": 9,
      "y": 1
    },
    "length": 3,
    "shout": ""
  },
  {
    "gameId": "6be7642b-ea98-4ec7-bcae-fb5890335b1a",
    "ruleset": {
      "name": "standard",
      "version": "v1.0.17"
    },
    "timeout": 500,
    "turn": 1,
    "width": 11,
    "height": 11,
    "snakes": [
      {
        "id": "gs_tPHxRKfpKFjpSVHxSCBSfXP8",
        "name": "Medusa",
        "latency": "106",
        "health": 99,
        "body": [
          {
            "x": 1,
            "y": 4
          },
          {
            "x": 1,
            "y": 5
          },
          {
            "x": 1,
            "y": 5
          }
        ],
        "head": {
          "x": 1,
          "y": 4
        },
        "length": 3,
        "shout": "go right! Avoiding the wall!"
      },
      {
        "id": "gs_j6F3gyxGy7VqP4RdJ9xqt674",
        "name": "Jormungand 0.1.0",
        "latency": "104",
        "health": 99,
        "body": [
          {
            "x": 9,
            "y": 0
          },
          {
            "x": 9,
            "y": 1
          },
          {
            "x": 9,
            "y": 1
          }
        ],
        "head": {
          "x": 9,
          "y": 0
        },
        "length": 3,
        "shout": "I am moving up!"
      }
    ],
    "food": [
      {
        "x": 2,
        "y": 4
      },
      {
        "x": 8,
        "y": 0
      },
      {
        "x": 5,
        "y": 5
      }
    ],
    "you": {
      "id": "gs_j6F3gyxGy7VqP4RdJ9xqt674",
      "name": "Jormungand 0.1.0",
      "latency": "104",
      "health": 99,
      "body": [
        {
          "x": 9,
          "y": 0
        },
        {
          "x": 9,
          "y": 1
        },
        {
          "x": 9,
          "y": 1
        }
      ],
      "head": {
        "x": 9,
        "y": 0
      },
      "length": 3,
      "shout": "I am moving up!"
    },
    "snakeId": "gs_j6F3gyxGy7VqP4RdJ9xqt674",
    "name": "Jormungand 0.1.0",
    "latency": "104",
    "health": 99,
    "body": [
      {
        "x": 9,
        "y": 0
      },
      {
        "x": 9,
        "y": 1
      },
      {
        "x": 9,
        "y": 1
      }
    ],
    "head": {
      "x": 9,
      "y": 0
    },
    "length": 3,
    "shout": "I am moving up!"
  },
  {
    "gameId": "6be7642b-ea98-4ec7-bcae-fb5890335b1a",
    "ruleset": {
      "name": "standard",
      "version": "v1.0.17"
    },
    "timeout": 500,
    "turn": 2,
    "width": 11,
    "height": 11,
    "snakes": [
      {
        "id": "gs_tPHxRKfpKFjpSVHxSCBSfXP8",
        "name": "Medusa",
        "latency": "50",
        "health": 100,
        "body": [
          {
            "x": 2,
            "y": 4
          },
          {
            "x": 1,
            "y": 4
          },
          {
            "x": 1,
            "y": 5
          },
          {
            "x": 1,
            "y": 5
          }
        ],
        "head": {
          "x": 2,
          "y": 4
        },
        "length": 4,
        "shout": "go right! Avoiding the wall!"
      },
      {
        "id": "gs_j6F3gyxGy7VqP4RdJ9xqt674",
        "name": "Jormungand 0.1.0",
        "latency": "52",
        "health": 100,
        "body": [
          {
            "x": 8,
            "y": 0
          },
          {
            "x": 9,
            "y": 0
          },
          {
            "x": 9,
            "y": 1
          },
          {
            "x": 9,
            "y": 1
          }
        ],
        "head": {
          "x": 8,
          "y": 0
        },
        "length": 4,
        "shout": "I am moving up!"
      }
    ],
    "food": [
      {
        "x": 5,
        "y": 5
      }
    ],
    "you": {
      "id": "gs_j6F3gyxGy7VqP4RdJ9xqt674",
      "name": "Jormungand 0.1.0",
      "latency": "52",
      "health": 100,
      "body": [
        {
          "x": 8,
          "y": 0
        },
        {
          "x": 9,
          "y": 0
        },
        {
          "x": 9,
          "y": 1
        },
        {
          "x": 9,
          "y": 1
        }
      ],
      "head": {
        "x": 8,
        "y": 0
      },
      "length": 4,
      "shout": "I am moving up!"
    },
    "snakeId": "gs_j6F3gyxGy7VqP4RdJ9xqt674",
    "name": "Jormungand 0.1.0",
    "latency": "52",
    "health": 100,
    "body": [
      {
        "x": 8,
        "y": 0
      },
      {
        "x": 9,
        "y": 0
      },
      {
        "x": 9,
        "y": 1
      },
      {
        "x": 9,
        "y": 1
      }
    ],
    "head": {
      "x": 8,
      "y": 0
    },
    "length": 4,
    "shout": "I am moving up!"
  },
  {
    "gameId": "6be7642b-ea98-4ec7-bcae-fb5890335b1a",
    "ruleset": {
      "name": "standard",
      "version": "v1.0.17"
    },
    "timeout": 500,
    "turn": 3,
    "width": 11,
    "height": 11,
    "snakes": [
      {
        "id": "gs_tPHxRKfpKFjpSVHxSCBSfXP8",
        "name": "Medusa",
        "latency": "53",
        "health": 99,
        "body": [
          {
            "x": 3,
            "y": 4
          },
          {
            "x": 2,
            "y": 4
          },
          {
            "x": 1,
            "y": 4
          },
          {
            "x": 1,
            "y": 5
          }
        ],
        "head": {
          "x": 3,
          "y": 4
        },
        "length": 4,
        "shout": "cannot go left! I am in the way!"
      },
      {
        "id": "gs_j6F3gyxGy7VqP4RdJ9xqt674",
        "name": "Jormungand 0.1.0",
        "latency": "53",
        "health": 99,
        "body": [
          {
            "x": 7,
            "y": 0
          },
          {
            "x": 8,
            "y": 0
          },
          {
            "x": 9,
            "y": 0
          },
          {
            "x": 9,
            "y": 1
          }
        ],
        "head": {
          "x": 7,
          "y": 0
        },
        "length": 4,
        "shout": "I am moving up!"
      }
    ],
    "food": [
      {
        "x": 5,
        "y": 5
      }
    ],
    "you": {
      "id": "gs_j6F3gyxGy7VqP4RdJ9xqt674",
      "name": "Jormungand 0.1.0",
      "latency": "53",
      "health": 99,
      "body": [
        {
          "x": 7,
          "y": 0
        },
        {
          "x": 8,
          "y": 0
        },
        {
          "x": 9,
          "y": 0
        },
        {
          "x": 9,
          "y": 1
        }
      ],
      "head": {
        "x": 7,
        "y": 0
      },
      "length": 4,
      "shout": "I am moving up!"
    },
    "snakeId": "gs_j6F3gyxGy7VqP4RdJ9xqt674",
    "name": "Jormungand 0.1.0",
    "latency": "53",
    "health": 99,
    "body": [
      {
        "x": 7,
        "y": 0
      },
      {
        "x": 8,
        "y": 0
      },
      {
        "x": 9,
        "y": 0
      },
      {
        "x": 9,
        "y": 1
      }
    ],
    "head": {
      "x": 7,
      "y": 0
    },
    "length": 4,
    "shout": "I am moving up!"
  },
  {
    "gameId": "6be7642b-ea98-4ec7-bcae-fb5890335b1a",
    "ruleset": {
      "name": "standard",
      "version": "v1.0.17"
    },
    "timeout": 500,
    "turn": 4,
    "width": 11,
    "height": 11,
    "snakes": [
      {
        "id": "gs_tPHxRKfpKFjpSVHxSCBSfXP8",
        "name": "Medusa",
        "latency": "51",
        "health": 98,
        "body": [
          {
            "x": 4,
            "y": 4
          },
          {
            "x": 3,
            "y": 4
          },
          {
            "x": 2,
            "y": 4
          },
          {
            "x": 1,
            "y": 4
          }
        ],
        "head": {
          "x": 4,
          "y": 4
        },
        "length": 4,
        "shout": "searching for food!"
      },
      {
        "id": "gs_j6F3gyxGy7VqP4RdJ9xqt674",
        "name": "Jormungand 0.1.0",
        "latency": "50",
        "health": 98,
        "body": [
          {
            "x": 7,
            "y": 1
          },
          {
            "x": 7,
            "y": 0
          },
          {
            "x": 8,
            "y": 0
          },
          {
            "x": 9,
            "y": 0
          }
        ],
        "head": {
          "x": 7,
          "y": 1
        },
        "length": 4,
        "shout": "I am moving up!"
      }
    ],
    "food": [
      {
        "x": 5,
        "y": 5
      }
    ],
    "you": {
      "id": "gs_j6F3gyxGy7VqP4RdJ9xqt674",
      "name": "Jormungand 0.1.0",
      "latency": "50",
      "health": 98,
      "body": [
        {
          "x": 7,
          "y": 1
        },
        {
          "x": 7,
          "y": 0
        },
        {
          "x": 8,
          "y": 0
        },
        {
          "x": 9,
          "y": 0
        }
      ],
      "head": {
        "x": 7,
        "y": 1
      },
      "length": 4,
      "shout": "I am moving up!"
    },
    "snakeId": "gs_j6F3gyxGy7VqP4RdJ9xqt674",
    "name": "Jormungand 0.1.0",
    "latency": "50",
    "health": 98,
    "body": [
      {
        "x": 7,
        "y": 1
      },
      {
        "x": 7,
        "y": 0
      },
      {
        "x": 8,
        "y": 0
      },
      {
        "x": 9,
        "y": 0
      }
    ],
    "head": {
      "x": 7,
      "y": 1
    },
    "length": 4,
    "shout": "I am moving up!"
  },
  {
    "gameId": "6be7642b-ea98-4ec7-bcae-fb5890335b1a",
    "ruleset": {
      "name": "standard",
      "version": "v1.0.17"
    },
    "timeout": 500,
    "turn": 5,
    "width": 11,
    "height": 11,
    "snakes": [
      {
        "id": "gs_tPHxRKfpKFjpSVHxSCBSfXP8",
        "name": "Medusa",
        "latency": "50",
        "health": 97,
        "body": [
          {
            "x": 5,
            "y": 4
          },
          {
            "x": 4,
            "y": 4
          },
          {
            "x": 3,
            "y": 4
          },
          {
            "x": 2,
            "y": 4
          }
        ],
        "head": {
          "x": 5,
          "y": 4
        },
        "length": 4,
        "shout": "cannot go left! I am in the way!"
      },
      {
        "id": "gs_j6F3gyxGy7VqP4RdJ9xqt674",
        "name": "Jormungand 0.1.0",
        "latency": "51",
        "health": 97,
        "body": [
          {
            "x": 7,
            "y": 2
          },
          {
            "x": 7,
            "y": 1
          },
          {
            "x": 7,
            "y": 0
          },
          {
            "x": 8,
            "y": 0
          }
        ],
        "head": {
          "x": 7,
          "y": 2
        },
        "length": 4,
        "shout": "I am moving up!"
      }
    ],
    "food": [
      {
        "x": 5,
        "y": 5
      }
    ],
    "you": {
      "id": "gs_j6F3gyxGy7VqP4RdJ9xqt674",
      "name": "Jormungand 0.1.0",
      "latency": "51",
      "health": 97,
      "body": [
        {
          "x": 7,
          "y": 2
        },
        {
          "x": 7,
          "y": 1
        },
        {
          "x": 7,
          "y": 0
        },
        {
          "x": 8,
          "y": 0
        }
      ],
      "head": {
        "x": 7,
        "y": 2
      },
      "length": 4,
      "shout": "I am moving up!"
    },
    "snakeId": "gs_j6F3gyxGy7VqP4RdJ9xqt674",
    "name": "Jormungand 0.1.0",
    "latency": "51",
    "health": 97,
    "body": [
      {
        "x": 7,
        "y": 2
      },
      {
        "x": 7,
        "y": 1
      },
      {
        "x": 7,
        "y": 0
      },
      {
        "x": 8,
        "y": 0
      }
    ],
    "head": {
      "x": 7,
      "y": 2
    },
    "length": 4,
    "shout": "I am moving up!"
  },
  {
    "gameId": "6be7642b-ea98-4ec7-bcae-fb5890335b1a",
    "ruleset": {
      "name": "standard",
      "version": "v1.0.17"
    },
    "timeout": 500,
    "turn": 6,
    "width": 11,
    "height": 11,
    "snakes": [
      {
        "id": "gs_tPHxRKfpKFjpSVHxSCBSfXP8",
        "name": "Medusa",
        "latency": "51",
        "health": 100,
        "body": [
          {
            "x": 5,
            "y": 5
          },
          {
            "x": 5,
            "y": 4
          },
          {
            "x": 4,
            "y": 4
          },
          {
            "x": 3,
            "y": 4
          },
          {
            "x": 3,
            "y": 4
          }
        ],
        "head": {
          "x": 5,
          "y": 5
        },
        "length": 5,
        "shout": "searching for food!"
      },
      {
        "id": "gs_j6F3gyxGy7VqP4RdJ9xqt674",
        "name": "Jormungand 0.1.0",
        "latency": "50",
        "health": 96,
        "body": [
          {
            "x": 7,
            "y": 3
          },
          {
            "x": 7,
            "y": 2
          },
          {
            "x": 7,
            "y": 1
          },
          {
            "x": 7,
            "y": 0
          }
        ],
        "head": {
          "x": 7,
          "y": 3
        },
        "length": 4,
        "shout": "I am moving up!"
      }
    ],
    "food": [
      {
        "x": 9,
        "y": 3
      }
    ],
    "you": {
      "id": "gs_j6F3gyxGy7VqP4RdJ9xqt674",
      "name": "Jormungand 0.1.0",
      "latency": "50",
      "health": 96,
      "body": [
        {
          "x": 7,
          "y": 3
        },
        {
          "x": 7,
          "y": 2
        },
        {
          "x": 7,
          "y": 1
        },
        {
          "x": 7,
          "y": 0
        }
      ],
      "head": {
        "x": 7,
        "y": 3
      },
      "length": 4,
      "shout": "I am moving up!"
    },
    "snakeId": "gs_j6F3gyxGy7VqP4RdJ9xqt674",
    "name": "Jormungand 0.1.0",
    "latency": "50",
    "health": 96,
    "body": [
      {
        "x": 7,
        "y": 3
      },
      {
        "x": 7,
        "y": 2
      },
      {
        "x": 7,
        "y": 1
      },
      {
        "x": 7,
        "y": 0
      }
    ],
    "head": {
      "x": 7,
      "y": 3
    },
    "length": 4,
    "shout": "I am moving up!"
  },
  {
    "gameId": "6be7642b-ea98-4ec7-bcae-fb5890335b1a",
    "ruleset": {
      "name": "standard",
      "version": "v1.0.17"
    },
    "timeout": 500,
    "turn": 7,
    "width": 11,
    "height": 11,
    "snakes": [
      {
        "id": "gs_tPHxRKfpKFjpSVHxSCBSfXP8",
        "name": "Medusa",
        "latency": "51",
        "health": 99,
        "body": [
          {
            "x": 6,
            "y": 5
          },
          {
            "x": 5,
            "y": 5
          },
          {
            "x": 5,
            "y": 4
          },
          {
            "x": 4,
            "y": 4
          },
          {
            "x": 3,
            "y": 4
          }
        ],
        "head": {
          "x": 6,
          "y": 5
        },
        "length": 5,
        "shout": "searching for food!"
      },
      {
        "id": "gs_j6F3gyxGy7VqP4RdJ9xqt674",
        "name": "Jormungand 0.1.0",
        "latency": "50",
        "health": 95,
        "body": [
          {
            "x": 8,
            "y": 3
          },
          {
            "x": 7,
            "y": 3
          },
          {
            "x": 7,
            "y": 2
          },
          {
            "x": 7,
            "y": 1
          }
        ],
        "head": {
          "x": 8,
          "y": 3
        },
        "length": 4,
        "shout": "I am moving up!"
      }
    ],
    "food": [
      {
        "x": 9,
        "y": 3
      },
      {
        "x": 5,
        "y": 2
      }
    ],
    "you": {
      "id": "gs_j6F3gyxGy7VqP4RdJ9xqt674",
      "name": "Jormungand 0.1.0",
      "latency": "50",
      "health": 95,
      "body": [
        {
          "x": 8,
          "y": 3
        },
        {
          "x": 7,
          "y": 3
        },
        {
          "x": 7,
          "y": 2
        },
        {
          "x": 7,
          "y": 1
        }
      ],
      "head": {
        "x": 8,
        "y": 3
      },
      "length": 4,
      "shout": "I am moving up!"
    },
    "snakeId": "gs_j6F3gyxGy7VqP4RdJ9xqt674",
    "name": "Jormungand 0.1.0",
    "latency": "50",
    "health": 95,
    "body": [
      {
        "x": 8,
        "y": 3
      },
      {
        "x": 7,
        "y": 3
      },
      {
        "x": 7,
        "y": 2
      },
      {
        "x": 7,
        "y": 1
      }
    ],
    "head": {
      "x": 8,
      "y": 3
    },
    "length": 4,
    "shout": "I am moving up!"
  },
  {
    "gameId": "6be7642b-ea98-4ec7-bcae-fb5890335b1a",
    "ruleset": {
      "name": "standard",
      "version": "v1.0.17"
    },
    "timeout": 500,
    "turn": 8,
    "width": 11,
    "height": 11,
    "snakes": [
      {
        "id": "gs_tPHxRKfpKFjpSVHxSCBSfXP8",
        "name": "Medusa",
        "latency": "50",
        "health": 98,
        "body": [
          {
            "x": 7,
            "y": 5
          },
          {
            "x": 6,
            "y": 5
          },
          {
            "x": 5,
            "y": 5
          },
          {
            "x": 5,
            "y": 4
          },
          {
            "x": 4,
            "y": 4
          }
        ],
        "head": {
          "x": 7,
          "y": 5
        },
        "length": 5,
        "shout": "searching for food!"
      },
      {
        "id": "gs_j6F3gyxGy7VqP4RdJ9xqt674",
        "name": "Jormungand 0.1.0",
        "latency": "51",
        "health": 100,
        "body": [
          {
            "x": 9,
            "y": 3
          },
          {
            "x": 8,
            "y": 3
          },
          {
            "x": 7,
            "y": 3
          },
          {
            "x": 7,
            "y": 2
          },
          {
            "x": 7,
            "y": 2
          }
        ],
        "head": {
          "x": 9,
          "y": 3
        },
        "length": 5,
        "shout": "I am moving up!"
      }
    ],
    "food": [
      {
        "x": 5,
        "y": 2
      }
    ],
    "you": {
      "id": "gs_j6F3gyxGy7VqP4RdJ9xqt674",
      "name": "Jormungand 0.1.0",
      "latency": "51",
      "health": 100,
      "body": [
        {
          "x": 9,
          "y": 3
        },
        {
          "x": 8,
          "y": 3
        },
        {
          "x": 7,
          "y": 3
        },
        {
          "x": 7,
          "y": 2
        },
        {
          "x": 7,
          "y": 2
        }
      ],
      "head": {
        "x": 9,
        "y": 3
      },
      "length": 5,
      "shout": "I am moving up!"
    },
    "snakeId": "gs_j6F3gyxGy7VqP4RdJ9xqt674",
    "name": "Jormungand 0.1.0",
    "latency": "51",
    "health": 100,
    "body": [
      {
        "x": 9,
        "y": 3
      },
      {
        "x": 8,
        "y": 3
      },
      {
        "x": 7,
        "y": 3
      },
      {
        "x": 7,
        "y": 2
      },
      {
        "x": 7,
        "y": 2
      }
    ],
    "head": {
      "x": 9,
      "y": 3
    },
    "length": 5,
    "shout": "I am moving up!"
  },
  {
    "gameId": "6be7642b-ea98-4ec7-bcae-fb5890335b1a",
    "ruleset": {
      "name": "standard",
      "version": "v1.0.17"
    },
    "timeout": 500,
    "turn": 9,
    "width": 11,
    "height": 11,
    "snakes": [
      {
        "id": "gs_tPHxRKfpKFjpSVHxSCBSfXP8",
        "name": "Medusa",
        "latency": "50",
        "health": 97,
        "body": [
          {
            "x": 7,
            "y": 4
          },
          {
            "x": 7,
            "y": 5
          },
          {
            "x": 6,
            "y": 5
          },
          {
            "x": 5,
            "y": 5
          },
          {
            "x": 5,
            "y": 4
          }
        ],
        "head": {
          "x": 7,
          "y": 4
        },
        "length": 5,
        "shout": "searching for food!"
      },
      {
        "id": "gs_j6F3gyxGy7VqP4RdJ9xqt674",
        "name": "Jormungand 0.1.0",
        "latency": "51",
        "health": 99,
        "body": [
          {
            "x": 9,
            "y": 4
          },
          {
            "x": 9,
            "y": 3
          },
          {
            "x": 8,
            "y": 3
          },
          {
            "x": 7,
            "y": 3
          },
          {
            "x": 7,
            "y": 2
          }
        ],
        "head": {
          "x": 9,
          "y": 4
        },
        "length": 5,
        "shout": "I am moving up!"
      }
    ],
    "food": [
      {
        "x": 5,
        "y": 2
      }
    ],
    "you": {
      "id": "gs_j6F3gyxGy7VqP4RdJ9xqt674",
      "name": "Jormungand 0.1.0",
      "latency": "51",
      "health": 99,
      "body": [
        {
          "x": 9,
          "y": 4
        },
        {
          "x": 9,
          "y": 3
        },
        {
          "x": 8,
          "y": 3
        },
        {
          "x": 7,
          "y": 3
        },
        {
          "x": 7,
          "y": 2
        }
      ],
      "head": {
        "x": 9,
        "y": 4
      },
      "length": 5,
      "shout": "I am moving up!"
    },
    "snakeId": "gs_j6F3gyxGy7VqP4RdJ9xqt674",
    "name": "Jormungand 0.1.0",
    "latency": "51",
    "health": 99,
    "body": [
      {
        "x": 9,
        "y": 4
      },
      {
        "x": 9,
        "y": 3
      },
      {
        "x": 8,
        "y": 3
      },
      {
        "x": 7,
        "y": 3
      },
      {
        "x": 7,
        "y": 2
      }
    ],
    "head": {
      "x": 9,
      "y": 4
    },
    "length": 5,
    "shout": "I am moving up!"
  },
  {
    "gameId": "6be7642b-ea98-4ec7-bcae-fb5890335b1a",
    "ruleset": {
      "name": "standard",
      "version": "v1.0.17"
    },
    "timeout": 500,
    "turn": 10,
    "width": 11,
    "height": 11,
    "snakes": [
      {
        "id": "gs_tPHxRKfpKFjpSVHxSCBSfXP8",
        "name": "Medusa",
        "latency": "52",
        "health": 96,
        "body": [
          {
            "x": 6,
            "y": 4
          },
          {
            "x": 7,
            "y": 4
          },
          {
            "x": 7,
            "y": 5
          },
          {
            "x": 6,
            "y": 5
          },
          {
            "x": 5,
            "y": 5
          }
        ],
        "head": {
          "x": 6,
          "y": 4
        },
        "length": 5,
        "shout": "cannot go up! I am in the way!"
      },
      {
        "id": "gs_j6F3gyxGy7VqP4RdJ9xqt674",
        "name": "Jormungand 0.1.0",
        "latency": "50",
        "health": 98,
        "body": [
          {
            "x": 9,
            "y": 5
          },
          {
            "x": 9,
            "y": 4
          },
          {
            "x": 9,
            "y": 3
          },
          {
            "x": 8,
            "y": 3
          },
          {
            "x": 7,
            "y": 3
          }
        ],
        "head": {
          "x": 9,
          "y": 5
        },
        "length": 5,
        "shout": "I am moving up!"
      }
    ],
    "food": [
      {
        "x": 5,
        "y": 2
      }
    ],
    "you": {
      "id": "gs_j6F3gyxGy7VqP4RdJ9xqt674",
      "name": "Jormungand 0.1.0",
      "latency": "50",
      "health": 98,
      "body": [
        {
          "x": 9,
          "y": 5
        },
        {
          "x": 9,
          "y": 4
        },
        {
          "x": 9,
          "y": 3
        },
        {
          "x": 8,
          "y": 3
        },
        {
          "x": 7,
          "y": 3
        }
      ],
      "head": {
        "x": 9,
        "y": 5
      },
      "length": 5,
      "shout": "I am moving up!"
    },
    "snakeId": "gs_j6F3gyxGy7VqP4RdJ9xqt674",
    "name": "Jormungand 0.1.0",
    "latency": "50",
    "health": 98,
    "body": [
      {
        "x": 9,
        "y": 5
      },
      {
        "x": 9,
        "y": 4
      },
      {
        "x": 9,
        "y": 3
      },
      {
        "x": 8,
        "y": 3
      },
      {
        "x": 7,
        "y": 3
      }
    ],
    "head": {
      "x": 9,
      "y": 5
    },
    "length": 5,
    "shout": "I am moving up!"
  },
  {
    "gameId": "6be7642b-ea98-4ec7-bcae-fb5890335b1a",
    "ruleset": {
      "name": "standard",
      "version": "v1.0.17"
    },
    "timeout": 500,
    "turn": 11,
    "width": 11,
    "height": 11,
    "snakes": [
      {
        "id": "gs_tPHxRKfpKFjpSVHxSCBSfXP8",
        "name": "Medusa",
        "latency": "51",
        "health": 95,
        "body": [
          {
            "x": 5,
            "y": 4
          },
          {
            "x": 6,
            "y": 4
          },
          {
            "x": 7,
            "y": 4
          },
          {
            "x": 7,
            "y": 5
          },
          {
            "x": 6,
            "y": 5
          }
        ],
        "head": {
          "x": 5,
          "y": 4
        },
        "length": 5,
        "shout": "cannot go up! I am in the way!"
      },
      {
        "id": "gs_j6F3gyxGy7VqP4RdJ9xqt674",
        "name": "Jormungand 0.1.0",
        "latency": "50",
        "health": 97,
        "body": [
          {
            "x": 10,
            "y": 5
          },
          {
            "x": 9,
            "y": 5
          },
          {
            "x": 9,
            "y": 4
          },
          {
            "x": 9,
            "y": 3
          },
          {
            "x": 8,
            "y": 3
          }
        ],
        "head": {
          "x": 10,
          "y": 5
        },
        "length": 5,
        "shout": "I am moving up!"
      }
    ],
    "food": [
      {
        "x": 5,
        "y": 2
      }
    ],
    "you": {
      "id": "gs_j6F3gyxGy7VqP4RdJ9xqt674",
      "name": "Jormungand 0.1.0",
      "latency": "50",
      "health": 97,
      "body": [
        {
          "x": 10,
          "y": 5
        },
        {
          "x": 9,
          "y": 5
        },
        {
          "x": 9,
          "y": 4
        },
        {
          "x": 9,
          "y": 3
        },
        {
          "x": 8,
          "y": 3
        }
      ],
      "head": {
        "x": 10,
        "y": 5
      },
      "length": 5,
      "shout": "I am moving up!"
    },
    "snakeId": "gs_j6F3gyxGy7VqP4RdJ9xqt674",
    "name": "Jormungand 0.1.0",
    "latency": "50",
    "health": 97,
    "body": [
      {
        "x": 10,
        "y": 5
      },
      {
        "x": 9,
        "y": 5
      },
      {
        "x": 9,
        "y": 4
      },
      {
        "x": 9,
        "y": 3
      },
      {
        "x": 8,
        "y": 3
      }
    ],
    "head": {
      "x": 10,
      "y": 5
    },
    "length": 5,
    "shout": "I am moving up!"
  },
  {
    "gameId": "6be7642b-ea98-4ec7-bcae-fb5890335b1a",
    "ruleset": {
      "name": "standard",
      "version": "v1.0.17"
    },
    "timeout": 500,
    "turn": 12,
    "width": 11,
    "height": 11,
    "snakes": [
      {
        "id": "gs_tPHxRKfpKFjpSVHxSCBSfXP8",
        "name": "Medusa",
        "latency": "50",
        "health": 94,
        "body": [
          {
            "x": 5,
            "y": 3
          },
          {
            "x": 5,
            "y": 4
          },
          {
            "x": 6,
            "y": 4
          },
          {
            "x": 7,
            "y": 4
          },
          {
            "x": 7,
            "y": 5
          }
        ],
        "head": {
          "x": 5,
          "y": 3
        },
        "length": 5,
        "shout": "Look into my eyes!"
      },
      {
        "id": "gs_j6F3gyxGy7VqP4RdJ9xqt674",
        "name": "Jormungand 0.1.0",
        "latency": "51",
        "health": 96,
        "body": [
          {
            "x": 10,
            "y": 4
          },
          {
            "x": 10,
            "y": 5
          },
          {
            "x": 9,
            "y": 5
          },
          {
            "x": 9,
            "y": 4
          },
          {
            "x": 9,
            "y": 3
          }
        ],
        "head": {
          "x": 10,
          "y": 4
        },
        "length": 5,
        "shout": "I am moving up!"
      }
    ],
    "food": [
      {
        "x": 5,
        "y": 2
      }
    ],
    "you": {
      "id": "gs_j6F3gyxGy7VqP4RdJ9xqt674",
      "name": "Jormungand 0.1.0",
      "latency": "51",
      "health": 96,
      "body": [
        {
          "x": 10,
          "y": 4
        },
        {
          "x": 10,
          "y": 5
        },
        {
          "x": 9,
          "y": 5
        },
        {
          "x": 9,
          "y": 4
        },
        {
          "x": 9,
          "y": 3
        }
      ],
      "head": {
        "x": 10,
        "y": 4
      },
      "length": 5,
      "shout": "I am moving up!"
    },
    "snakeId": "gs_j6F3gyxGy7VqP4RdJ9xqt674",
    "name": "Jormungand 0.1.0",
    "latency": "51",
    "health": 96,
    "body": [
      {
        "x": 10,
        "y": 4
      },
      {
        "x": 10,
        "y": 5
      },
      {
        "x": 9,
        "y": 5
      },
      {
        "x": 9,
        "y": 4
      },
      {
        "x": 9,
        "y": 3
      }
    ],
    "head": {
      "x": 10,
      "y": 4
    },
    "length": 5,
    "shout": "I am moving up!"
  },
  {
    "gameId": "6be7642b-ea98-4ec7-bcae-fb5890335b1a",
    "ruleset": {
      "name": "standard",
      "version": "v1.0.17"
    },
    "timeout": 500,
    "turn": 13,
    "width": 11,
    "height": 11,
    "snakes": [
      {
        "id": "gs_tPHxRKfpKFjpSVHxSCBSfXP8",
        "name": "Medusa",
        "latency": "50",
        "health": 100,
        "body": [
          {
            "x": 5,
            "y": 2
          },
          {
            "x": 5,
            "y": 3
          },
          {
            "x": 5,
            "y": 4
          },
          {
            "x": 6,
            "y": 4
          },
          {
            "x": 7,
            "y": 4
          },
          {
            "x": 7,
            "y": 4
          }
        ],
        "head": {
          "x": 5,
          "y": 2
        },
        "length": 6,
        "shout": "cannot go up! I am in the way!"
      },
      {
        "id": "gs_j6F3gyxGy7VqP4RdJ9xqt674",
        "name": "Jormungand 0.1.0",
        "latency": "51",
        "health": 95,
        "body": [
          {
            "x": 10,
            "y": 3
          },
          {
            "x": 10,
            "y": 4
          },
          {
            "x": 10,
            "y": 5
          },
          {
            "x": 9,
            "y": 5
          },
          {
            "x": 9,
            "y": 4
          }
        ],
        "head": {
          "x": 10,
          "y": 3
        },
        "length": 5,
        "shout": "I am moving up!"
      }
    ],
    "food": [
      {
        "x": 10,
        "y": 1
      }
    ],
    "you": {
      "id": "gs_j6F3gyxGy7VqP4RdJ9xqt674",
      "name": "Jormungand 0.1.0",
      "latency": "51",
      "health": 95,
      "body": [
        {
          "x": 10,
          "y": 3
        },
        {
          "x": 10,
          "y": 4
        },
        {
          "x": 10,
          "y": 5
        },
        {
          "x": 9,
          "y": 5
        },
        {
          "x": 9,
          "y": 4
        }
      ],
      "head": {
        "x": 10,
        "y": 3
      },
      "length": 5,
      "shout": "I am moving up!"
    },
    "snakeId": "gs_j6F3gyxGy7VqP4RdJ9xqt674",
    "name": "Jormungand 0.1.0",
    "latency": "51",
    "health": 95,
    "body": [
      {
        "x": 10,
        "y": 3
      },
      {
        "x": 10,
        "y": 4
      },
      {
        "x": 10,
        "y": 5
      },
      {
        "x": 9,
        "y": 5
      },
      {
        "x": 9,
        "y": 4
      }
    ],
    "head": {
      "x": 10,
      "y": 3
    },
    "length": 5,
    "shout": "I am moving up!"
  },
  {
    "gameId": "6be7642b-ea98-4ec7-bcae-fb5890335b1a",
    "ruleset": {
      "name": "standard",
      "version": "v1.0.17"
    },
    "timeout": 500,
    "turn": 14,
    "width": 11,
    "height": 11,
    "snakes": [
      {
        "id": "gs_tPHxRKfpKFjpSVHxSCBSfXP8",
        "name": "Medusa",
        "latency": "54",
        "health": 99,
        "body": [
          {
            "x": 5,
            "y": 1
          },
          {
            "x": 5,
            "y": 2
          },
          {
            "x": 5,
            "y": 3
          },
          {
            "x": 5,
            "y": 4
          },
          {
            "x": 6,
            "y": 4
          },
          {
            "x": 7,
            "y": 4
          }
        ],
        "head": {
          "x": 5,
          "y": 1
        },
        "length": 6,
        "shout": "searching for food!"
      },
      {
        "id": "gs_j6F3gyxGy7VqP4RdJ9xqt674",
        "name": "Jormungand 0.1.0",
        "latency": "55",
        "health": 94,
        "body": [
          {
            "x": 10,
            "y": 2
          },
          {
            "x": 10,
            "y": 3
          },
          {
            "x": 10,
            "y": 4
          },
          {
            "x": 10,
            "y": 5
          },
          {
            "x": 9,
            "y": 5
          }
        ],
        "head": {
          "x": 10,
          "y": 2
        },
        "length": 5,
        "shout": "I am moving up!"
      }
    ],
    "food": [
      {
        "x": 10,
        "y": 1
      }
    ],
    "you": {
      "id": "gs_j6F3gyxGy7VqP4RdJ9xqt674",
      "name": "Jormungand 0.1.0",
      "latency": "55",
      "health": 94,
      "body": [
        {
          "x": 10,
          "y": 2
        },
        {
          "x": 10,
          "y": 3
        },
        {
          "x": 10,
          "y": 4
        },
        {
          "x": 10,
          "y": 5
        },
        {
          "x": 9,
          "y": 5
        }
      ],
      "head": {
        "x": 10,
        "y": 2
      },
      "length": 5,
      "shout": "I am moving up!"
    },
    "snakeId": "gs_j6F3gyxGy7VqP4RdJ9xqt674",
    "name": "Jormungand 0.1.0",
    "latency": "55",
    "health": 94,
    "body": [
      {
        "x": 10,
        "y": 2
      },
      {
        "x": 10,
        "y": 3
      },
      {
        "x": 10,
        "y": 4
      },
      {
        "x": 10,
        "y": 5
      },
      {
        "x": 9,
        "y": 5
      }
    ],
    "head": {
      "x": 10,
      "y": 2
    },
    "length": 5,
    "shout": "I am moving up!"
  },
  {
    "gameId": "6be7642b-ea98-4ec7-bcae-fb5890335b1a",
    "ruleset": {
      "name": "standard",
      "version": "v1.0.17"
    },
    "timeout": 500,
    "turn": 15,
    "width": 11,
    "height": 11,
    "snakes": [
      {
        "id": "gs_tPHxRKfpKFjpSVHxSCBSfXP8",
        "name": "Medusa",
        "latency": "50",
        "health": 98,
        "body": [
          {
            "x": 6,
            "y": 1
          },
          {
            "x": 5,
            "y": 1
          },
          {
            "x": 5,
            "y": 2
          },
          {
            "x": 5,
            "y": 3
          },
          {
            "x": 5,
            "y": 4
          },
          {
            "x": 6,
            "y": 4
          }
        ],
        "head": {
          "x": 6,
          "y": 1
        },
        "length": 6,
        "shout": "cannot go down! There is a wall!"
      },
      {
        "id": "gs_j6F3gyxGy7VqP4RdJ9xqt674",
        "name": "Jormungand 0.1.0",
        "latency": "51",
        "health": 100,
        "body": [
          {
            "x": 10,
            "y": 1
          },
          {
            "x": 10,
            "y": 2
          },
          {
            "x": 10,
            "y": 3
          },
          {
            "x": 10,
            "y": 4
          },
          {
            "x": 10,
            "y": 5
          },
          {
            "x": 10,
            "y": 5
          }
        ],
        "head": {
          "x": 10,
          "y": 1
        },
        "length": 6,
        "shout": "I am moving up!"
      }
    ],
    "food": [
      {
        "x": 0,
        "y": 7
      }
    ],
    "you": {
      "id": "gs_j6F3gyxGy7VqP4RdJ9xqt674",
      "name": "Jormungand 0.1.0",
      "latency": "51",
      "health": 100,
      "body": [
        {
          "x": 10,
          "y": 1
        },
        {
          "x": 10,
          "y": 2
        },
        {
          "x": 10,
          "y": 3
        },
        {
          "x": 10,
          "y": 4
        },
        {
          "x": 10,
          "y": 5
        },
        {
          "x": 10,
          "y": 5
        }
      ],
      "head": {
        "x": 10,
        "y": 1
      },
      "length": 6,
      "shout": "I am moving up!"
    },
    "snakeId": "gs_j6F3gyxGy7VqP4RdJ9xqt674",
    "name": "Jormungand 0.1.0",
    "latency": "51",
    "health": 100,
    "body": [
      {
        "x": 10,
        "y": 1
      },
      {
        "x": 10,
        "y": 2
      },
      {
        "x": 10,
        "y": 3
      },
      {
        "x": 10,
        "y": 4
      },
      {
        "x": 10,
        "y": 5
      },
      {
        "x": 10,
        "y": 5
      }
    ],
    "head": {
      "x": 10,
      "y": 1
    },
    "length": 6,
    "shout": "I am moving up!"
  },
  {
    "gameId": "6be7642b-ea98-4ec7-bcae-fb5890335b1a",
    "ruleset": {
      "name": "standard",
      "version": "v1.0.17"
    },
    "timeout": 500,
    "turn": 16,
    "width": 11,
    "height": 11,
    "snakes": [
      {
        "id": "gs_tPHxRKfpKFjpSVHxSCBSfXP8",
        "name": "Medusa",
        "latency": "51",
        "health": 97,
        "body": [
          {
            "x": 6,
            "y": 2
          },
          {
            "x": 6,
            "y": 1
          },
          {
            "x": 5,
            "y": 1
          },
          {
            "x": 5,
            "y": 2
          },
          {
            "x": 5,
            "y": 3
          },
          {
            "x": 5,
            "y": 4
          }
        ],
        "head": {
          "x": 6,
          "y": 2
        },
        "length": 6,
        "shout": "searching for food!"
      },
      {
        "id": "gs_j6F3gyxGy7VqP4RdJ9xqt674",
        "name": "Jormungand 0.1.0",
        "latency": "50",
        "health": 99,
        "body": [
          {
            "x": 9,
            "y": 1
          },
          {
            "x": 10,
            "y": 1
          },
          {
            "x": 10,
            "y": 2
          },
          {
            "x": 10,
            "y": 3
          },
          {
            "x": 10,
            "y": 4
          },
          {
            "x": 10,
            "y": 5
          }
        ],
        "head": {
          "x": 9,
          "y": 1
        },
        "length": 6,
        "shout": "I am moving up!"
      }
    ],
    "food": [
      {
        "x": 0,
        "y": 7
      }
    ],
    "you": {
      "id": "gs_j6F3gyxGy7VqP4RdJ9xqt674",
      "name": "Jormungand 0.1.0",
      "latency": "50",
      "health": 99,
      "body": [
        {
          "x": 9,
          "y": 1
        },
        {
          "x": 10,
          "y": 1
        },
        {
          "x": 10,
          "y": 2
        },
        {
          "x": 10,
          "y": 3
        },
        {
          "x": 10,
          "y": 4
        },
        {
          "x": 10,
          "y": 5
        }
      ],
      "head": {
        "x": 9,
        "y": 1
      },
      "length": 6,
      "shout": "I am moving up!"
    },
    "snakeId": "gs_j6F3gyxGy7VqP4RdJ9xqt674",
    "name": "Jormungand 0.1.0",
    "latency": "50",
    "health": 99,
    "body": [
      {
        "x": 9,
        "y": 1
      },
      {
        "x": 10,
        "y": 1
      },
      {
        "x": 10,
        "y": 2
      },
      {
        "x": 10,
        "y": 3
      },
      {
        "x": 10,
        "y": 4
      },
      {
        "x": 10,
        "y": 5
      }
    ],
    "head": {
      "x": 9,
      "y": 1
    },
    "length": 6,
    "shout": "I am moving up!"
  },
  {
    "gameId": "6be7642b-ea98-4ec7-bcae-fb5890335b1a",
    "ruleset": {
      "name": "standard",
      "version": "v1.0.17"
    },
    "timeout": 500,
    "turn": 17,
    "width": 11,
    "height": 11,
    "snakes": [
      {
        "id": "gs_tPHxRKfpKFjpSVHxSCBSfXP8",
        "name": "Medusa",
        "latency": "51",
        "health": 96,
        "body": [
          {
            "x": 6,
            "y": 3
          },
          {
            "x": 6,
            "y": 2
          },
          {
            "x": 6,
            "y": 1
          },
          {
            "x": 5,
            "y": 1
          },
          {
            "x": 5,
            "y": 2
          },
          {
            "x": 5,
            "y": 3
          }
        ],
        "head": {
          "x": 6,
          "y": 3
        },
        "length": 6,
        "shout": "cannot go left! I am in the way!"
      },
      {
        "id": "gs_j6F3gyxGy7VqP4RdJ9xqt674",
        "name": "Jormungand 0.1.0",
        "latency": "50",
        "health": 98,
        "body": [
          {
            "x": 9,
            "y": 2
          },
          {
            "x": 9,
            "y": 1
          },
          {
            "x": 10,
            "y": 1
          },
          {
            "x": 10,
            "y": 2
          },
          {
            "x": 10,
            "y": 3
          },
          {
            "x": 10,
            "y": 4
          }
        ],
        "head": {
          "x": 9,
          "y": 2
        },
        "length": 6,
        "shout": "I am moving up!"
      }
    ],
    "food": [
      {
        "x": 0,
        "y": 7
      }
    ],
    "you": {
      "id": "gs_j6F3gyxGy7VqP4RdJ9xqt674",
      "name": "Jormungand 0.1.0",
      "latency": "50",
      "health": 98,
      "body": [
        {
          "x": 9,
          "y": 2
        },
        {
          "x": 9,
          "y": 1
        },
        {
          "x": 10,
          "y": 1
        },
        {
          "x": 10,
          "y": 2
        },
        {
          "x": 10,
          "y": 3
        },
        {
          "x": 10,
          "y": 4
        }
      ],
      "head": {
        "x": 9,
        "y": 2
      },
      "length": 6,
      "shout": "I am moving up!"
    },
    "snakeId": "gs_j6F3gyxGy7VqP4RdJ9xqt674",
    "name": "Jormungand 0.1.0",
    "latency": "50",
    "health": 98,
    "body": [
      {
        "x": 9,
        "y": 2
      },
      {
        "x": 9,
        "y": 1
      },
      {
        "x": 10,
        "y": 1
      },
      {
        "x": 10,
        "y": 2
      },
      {
        "x": 10,
        "y": 3
      },
      {
        "x": 10,
        "y": 4
      }
    ],
    "head": {
      "x": 9,
      "y": 2
    },
    "length": 6,
    "shout": "I am moving up!"
  },
  {
    "gameId": "6be7642b-ea98-4ec7-bcae-fb5890335b1a",
    "ruleset": {
      "name": "standard",
      "version": "v1.0.17"
    },
    "timeout": 500,
    "turn": 18,
    "width": 11,
    "height": 11,
    "snakes": [
      {
        "id": "gs_tPHxRKfpKFjpSVHxSCBSfXP8",
        "name": "Medusa",
        "latency": "52",
        "health": 95,
        "body": [
          {
            "x": 7,
            "y": 3
          },
          {
            "x": 6,
            "y": 3
          },
          {
            "x": 6,
            "y": 2
          },
          {
            "x": 6,
            "y": 1
          },
          {
            "x": 5,
            "y": 1
          },
          {
            "x": 5,
            "y": 2
          }
        ],
        "head": {
          "x": 7,
          "y": 3
        },
        "length": 6,
        "shout": "searching for food!"
      },
      {
        "id": "gs_j6F3gyxGy7VqP4RdJ9xqt674",
        "name": "Jormungand 0.1.0",
        "latency": "50",
        "health": 97,
        "body": [
          {
            "x": 8,
            "y": 2
          },
          {
            "x": 9,
            "y": 2
          },
          {
            "x": 9,
            "y": 1
          },
          {
            "x": 10,
            "y": 1
          },
          {
            "x": 10,
            "y": 2
          },
          {
            "x": 10,
            "y": 3
          }
        ],
        "head": {
          "x": 8,
          "y": 2
        },
        "length": 6,
        "shout": "I am moving up!"
      }
    ],
    "food": [
      {
        "x": 0,
        "y": 7
      }
    ],
    "you": {
      "id": "gs_j6F3gyxGy7VqP4RdJ9xqt674",
      "name": "Jormungand 0.1.0",
      "latency": "50",
      "health": 97,
      "body": [
        {
          "x": 8,
          "y": 2
        },
        {
          "x": 9,
          "y": 2
        },
        {
          "x": 9,
          "y": 1
        },
        {
          "x": 10,
          "y": 1
        },
        {
          "x": 10,
          "y": 2
        },
        {
          "x": 10,
          "y": 3
        }
      ],
      "head": {
        "x": 8,
        "y": 2
      },
      "length": 6,
      "shout": "I am moving up!"
    },
    "snakeId": "gs_j6F3gyxGy7VqP4RdJ9xqt674",
    "name": "Jormungand 0.1.0",
    "latency": "50",
    "health": 97,
    "body": [
      {
        "x": 8,
        "y": 2
      },
      {
        "x": 9,
        "y": 2
      },
      {
        "x": 9,
        "y": 1
      },
      {
        "x": 10,
        "y": 1
      },
      {
        "x": 10,
        "y": 2
      },
      {
        "x": 10,
        "y": 3
      }
    ],
    "head": {
      "x": 8,
      "y": 2
    },
    "length": 6,
    "shout": "I am moving up!"
  },
  {
    "gameId": "6be7642b-ea98-4ec7-bcae-fb5890335b1a",
    "ruleset": {
      "name": "standard",
      "version": "v1.0.17"
    },
    "timeout": 500,
    "turn": 19,
    "width": 11,
    "height": 11,
    "snakes": [
      {
        "id": "gs_tPHxRKfpKFjpSVHxSCBSfXP8",
        "name": "Medusa",
        "latency": "51",
        "health": 94,
        "body": [
          {
            "x": 7,
            "y": 4
          },
          {
            "x": 7,
            "y": 3
          },
          {
            "x": 6,
            "y": 3
          },
          {
            "x": 6,
            "y": 2
          },
          {
            "x": 6,
            "y": 1
          },
          {
            "x": 5,
            "y": 1
          }
        ],
        "head": {
          "x": 7,
          "y": 4
        },
        "length": 6,
        "shout": "searching for food!"
      },
      {
        "id": "gs_j6F3gyxGy7VqP4RdJ9xqt674",
        "name": "Jormungand 0.1.0",
        "latency": "50",
        "health": 96,
        "body": [
          {
            "x": 8,
            "y": 1
          },
          {
            "x": 8,
            "y": 2
          },
          {
            "x": 9,
            "y": 2
          },
          {
            "x": 9,
            "y": 1
          },
          {
            "x": 10,
            "y": 1
          },
          {
            "x": 10,
            "y": 2
          }
        ],
        "head": {
          "x": 8,
          "y": 1
        },
        "length": 6,
        "shout": "I am moving up!"
      }
    ],
    "food": [
      {
        "x": 0,
        "y": 7
      }
    ],
    "you": {
      "id": "gs_j6F3gyxGy7VqP4RdJ9xqt674",
      "name": "Jormungand 0.1.0",
      "latency": "50",
      "health": 96,
      "body": [
        {
          "x": 8,
          "y": 1
        },
        {
          "x": 8,
          "y": 2
        },
        {
          "x": 9,
          "y": 2
        },
        {
          "x": 9,
          "y": 1
        },
        {
          "x": 10,
          "y": 1
        },
        {
          "x": 10,
          "y": 2
        }
      ],
      "head": {
        "x": 8,
        "y": 1
      },
      "length": 6,
      "shout": "I am moving up!"
    },
    "snakeId": "gs_j6F3gyxGy7VqP4RdJ9xqt674",
    "name": "Jormungand 0.1.0",
    "latency": "50",
    "health": 96,
    "body": [
      {
        "x": 8,
        "y": 1
      },
      {
        "x": 8,
        "y": 2
      },
      {
        "x": 9,
        "y": 2
      },
      {
        "x": 9,
        "y": 1
      },
      {
        "x": 10,
        "y": 1
      },
      {
        "x": 10,
        "y": 2
      }
    ],
    "head": {
      "x": 8,
      "y": 1
    },
    "length": 6,
    "shout": "I am moving up!"
  },
  {
    "gameId": "6be7642b-ea98-4ec7-bcae-fb5890335b1a",
    "ruleset": {
      "name": "standard",
      "version": "v1.0.17"
    },
    "timeout": 500,
    "turn": 20,
    "width": 11,
    "height": 11,
    "snakes": [
      {
        "id": "gs_tPHxRKfpKFjpSVHxSCBSfXP8",
        "name": "Medusa",
        "latency": "50",
        "health": 93,
        "body": [
          {
            "x": 7,
            "y": 5
          },
          {
            "x": 7,
            "y": 4
          },
          {
            "x": 7,
            "y": 3
          },
          {
            "x": 6,
            "y": 3
          },
          {
            "x": 6,
            "y": 2
          },
          {
            "x": 6,
            "y": 1
          }
        ],
        "head": {
          "x": 7,
          "y": 5
        },
        "length": 6,
        "shout": "cannot go down! I am in the way!"
      },
      {
        "id": "gs_j6F3gyxGy7VqP4RdJ9xqt674",
        "name": "Jormungand 0.1.0",
        "latency": "51",
        "health": 95,
        "body": [
          {
            "x": 7,
            "y": 1
          },
          {
            "x": 8,
            "y": 1
          },
          {
            "x": 8,
            "y": 2
          },
          {
            "x": 9,
            "y": 2
          },
          {
            "x": 9,
            "y": 1
          },
          {
            "x": 10,
            "y": 1
          }
        ],
        "head": {
          "x": 7,
          "y": 1
        },
        "length": 6,
        "shout": "I am moving up!"
      }
    ],
    "food": [
      {
        "x": 0,
        "y": 7
      }
    ],
    "you": {
      "id": "gs_j6F3gyxGy7VqP4RdJ9xqt674",
      "name": "Jormungand 0.1.0",
      "latency": "51",
      "health": 95,
      "body": [
        {
          "x": 7,
          "y": 1
        },
        {
          "x": 8,
          "y": 1
        },
        {
          "x": 8,
          "y": 2
        },
        {
          "x": 9,
          "y": 2
        },
        {
          "x": 9,
          "y": 1
        },
        {
          "x": 10,
          "y": 1
        }
      ],
      "head": {
        "x": 7,
        "y": 1
      },
      "length": 6,
      "shout": "I am moving up!"
    },
    "snakeId": "gs_j6F3gyxGy7VqP4RdJ9xqt674",
    "name": "Jormungand 0.1.0",
    "latency": "51",
    "health": 95,
    "body": [
      {
        "x": 7,
        "y": 1
      },
      {
        "x": 8,
        "y": 1
      },
      {
        "x": 8,
        "y": 2
      },
      {
        "x": 9,
        "y": 2
      },
      {
        "x": 9,
        "y": 1
      },
      {
        "x": 10,
        "y": 1
      }
    ],
    "head": {
      "x": 7,
      "y": 1
    },
    "length": 6,
    "shout": "I am moving up!"
  },
  {
    "gameId": "6be7642b-ea98-4ec7-bcae-fb5890335b1a",
    "ruleset": {
      "name": "standard",
      "version": "v1.0.17"
    },
    "timeout": 500,
    "turn": 21,
    "width": 11,
    "height": 11,
    "snakes": [
      {
        "id": "gs_tPHxRKfpKFjpSVHxSCBSfXP8",
        "name": "Medusa",
        "latency": "51",
        "health": 92,
        "body": [
          {
            "x": 6,
            "y": 5
          },
          {
            "x": 7,
            "y": 5
          },
          {
            "x": 7,
            "y": 4
          },
          {
            "x": 7,
            "y": 3
          },
          {
            "x": 6,
            "y": 3
          },
          {
            "x": 6,
            "y": 2
          }
        ],
        "head": {
          "x": 6,
          "y": 5
        },
        "length": 6,
        "shout": "cannot go down! I am in the way!"
      },
      {
        "id": "gs_j6F3gyxGy7VqP4RdJ9xqt674",
        "name": "Jormungand 0.1.0",
        "latency": "50",
        "health": 94,
        "body": [
          {
            "x": 7,
            "y": 2
          },
          {
            "x": 7,
            "y": 1
          },
          {
            "x": 8,
            "y": 1
          },
          {
            "x": 8,
            "y": 2
          },
          {
            "x": 9,
            "y": 2
          },
          {
            "x": 9,
            "y": 1
          }
        ],
        "head": {
          "x": 7,
          "y": 2
        },
        "length": 6,
        "shout": "I am moving up!"
      }
    ],
    "food": [
      {
        "x": 0,
        "y": 7
      }
    ],
    "you": {
      "id": "gs_j6F3gyxGy7VqP4RdJ9xqt674",
      "name": "Jormungand 0.1.0",
      "latency": "50",
      "health": 94,
      "body": [
        {
          "x": 7,
          "y": 2
        },
        {
          "x": 7,
          "y": 1
        },
        {
          "x": 8,
          "y": 1
        },
        {
          "x": 8,
          "y": 2
        },
        {
          "x": 9,
          "y": 2
        },
        {
          "x": 9,
          "y": 1
        }
      ],
      "head": {
        "x": 7,
        "y": 2
      },
      "length": 6,
      "shout": "I am moving up!"
    },
    "snakeId": "gs_j6F3gyxGy7VqP4RdJ9xqt674",
    "name": "Jormungand 0.1.0",
    "latency": "50",
    "health": 94,
    "body": [
      {
        "x": 7,
        "y": 2
      },
      {
        "x": 7,
        "y": 1
      },
      {
        "x": 8,
        "y": 1
      },
      {
        "x": 8,
        "y": 2
      },
      {
        "x": 9,
        "y": 2
      },
      {
        "x": 9,
        "y": 1
      }
    ],
    "head": {
      "x": 7,
      "y": 2
    },
    "length": 6,
    "shout": "I am moving up!"
  }
]