[
  {
    "gameId": "a0762af5-0511-45a5-8934-aad934337b78",
    "ruleset": {
      "name": "standard",
      "version": "v1.0.17"
    },
    "timeout": 500,
    "turn": 0,
    "width": 11,
    "height": 11,
    "snakes": [
      {
        "id": "gs_HMfVrvhSPh3YG4DPHpCvPXhM",
        "name": "Medusa",
        "latency": "",
        "health": 100,
        "body": [
          {
            "x": 9,
            "y": 9
          },
          {
            "x": 9,
            "y": 9
          },
          {
            "x": 9,
            "y": 9
          }
        ],
        "head": {
          "x": 9,
          "y": 9
        },
        "length": 3,
        "shout": ""
      },
      {
        "id": "gs_T8PP8X9FYmJfMSHbFGRjmJ77",
        "name": "Jormungand 0.1.0",
        "latency": "",
        "health": 100,
        "body": [
          {
            "x": 9,
            "y": 1
          },
          {
            "x": 9,
            "y": 1
          },
          {
            "x": 9,
            "y": 1
          }
        ],
        "head": {
          "x": 9,
          "y": 1
        },
        "length": 3,
        "shout": ""
      }
    ],
    "food": [
      {
        "x": 10,
        "y": 10
      },
      {
        "x": 10,
        "y": 0
      },
      {
        "x": 5,
        "y": 5
      }
    ],
    "you": {
      "id": "gs_T8PP8X9FYmJfMSHbFGRjmJ77",
      "name": "Jormungand 0.1.0",
      "latency": "",
      "health": 100,
      "body": [
        {
          "x": 9,
          "y": 1
        },
        {
          "x": 9,
          "y": 1
        },
        {
          "x": 9,
          "y": 1
        }
      ],
      "head": {
        "x": 9,
        "y": 1
      },
      "length": 3,
      "shout": ""
    },
    "snakeId": "gs_T8PP8X9FYmJfMSHbFGRjmJ77",
    "name": "Jormungand 0.1.0",
    "latency": "",
    "health": 100,
    "body": [
      {
        "x": 9,
        "y": 1
      },
      {
        "x": 9,
        "y": 1
      },
      {
        "x": 9,
        "y": 1
      }
    ],
    "head": {
      "x": 9,
      "y": 1
    },
    "length": 3,
    "shout": ""
  },
  {
    "gameId": "a0762af5-0511-45a5-8934-aad934337b78",
    "ruleset": {
      "name": "standard",
      "version": "v1.0.17"
    },
    "timeout": 500,
    "turn": 0,
    "width": 11,
    "height": 11,
    "snakes": [
      {
        "id": "gs_HMfVrvhSPh3YG4DPHpCvPXhM",
        "name": "Medusa",
        "latency": "",
        "health": 100,
        "body": [
          {
            "x": 9,
            "y": 9
          },
          {
            "x": 9,
            "y": 9
          },
          {
            "x": 9,
            "y": 9
          }
        ],
        "head": {
          "x": 9,
          "y": 9
        },
        "length": 3,
        "shout": ""
      },
      {
        "id": "gs_T8PP8X9FYmJfMSHbFGRjmJ77",
        "name": "Jormungand 0.1.0",
        "latency": "",
        "health": 100,
        "body": [
          {
            "x": 9,
            "y": 1
          },
          {
            "x": 9,
            "y": 1
          },
          {
            "x": 9,
            "y": 1
          }
        ],
        "head": {
          "x": 9,
          "y": 1
        },
        "length": 3,
        "shout": ""
      }
    ],
    "food": [
      {
        "x": 10,
        "y": 10
      },
      {
        "x": 10,
        "y": 0
      },
      {
        "x": 5,
        "y": 5
      }
    ],
    "you": {
      "id": "gs_T8PP8X9FYmJfMSHbFGRjmJ77",
      "name": "Jormungand 0.1.0",
      "latency": "",
      "health": 100,
      "body": [
        {
          "x": 9,
          "y": 1
        },
        {
          "x": 9,
          "y": 1
        },
        {
          "x": 9,
          "y": 1
        }
      ],
      "head": {
        "x": 9,
        "y": 1
      },
      "length": 3,
      "shout": ""
    },
    "snakeId": "gs_T8PP8X9FYmJfMSHbFGRjmJ77",
    "name": "Jormungand 0.1.0",
    "latency": "",
    "health": 100,
    "body": [
      {
        "x": 9,
        "y": 1
      },
      {
        "x": 9,
        "y": 1
      },
      {
        "x": 9,
        "y": 1
      }
    ],
    "head": {
      "x": 9,
      "y": 1
    },
    "length": 3,
    "shout": ""
  },
  {
    "gameId": "a0762af5-0511-45a5-8934-aad934337b78",
    "ruleset": {
      "name": "standard",
      "version": "v1.0.17"
    },
    "timeout": 500,
    "turn": 1,
    "width": 11,
    "height": 11,
    "snakes": [
      {
        "id": "gs_HMfVrvhSPh3YG4DPHpCvPXhM",
        "name": "Medusa",
        "latency": "105",
        "health": 99,
        "body": [
          {
            "x": 10,
            "y": 9
          },
          {
            "x": 9,
            "y": 9
          },
          {
            "x": 9,
            "y": 9
          }
        ],
        "head": {
          "x": 10,
          "y": 9
        },
        "length": 3,
        "shout": "go down! Avoiding the wall!"
      },
      {
        "id": "gs_T8PP8X9FYmJfMSHbFGRjmJ77",
        "name": "Jormungand 0.1.0",
        "latency": "105",
        "health": 99,
        "body": [
          {
            "x": 8,
            "y": 1
          },
          {
            "x": 9,
            "y": 1
          },
          {
            "x": 9,
            "y": 1
          }
        ],
        "head": {
          "x": 8,
          "y": 1
        },
        "length": 3,
        "shout": "I am moving up!"
      }
    ],
    "food": [
      {
        "x": 10,
        "y": 10
      },
      {
        "x": 10,
        "y": 0
      },
      {
        "x": 5,
        "y": 5
      }
    ],
    "you": {
      "id": "gs_T8PP8X9FYmJfMSHbFGRjmJ77",
      "name": "Jormungand 0.1.0",
      "latency": "105",
      "health": 99,
      "body": [
        {
          "x": 8,
          "y": 1
        },
        {
          "x": 9,
          "y": 1
        },
        {
          "x": 9,
          "y": 1
        }
      ],
      "head": {
        "x": 8,
        "y": 1
      },
      "length": 3,
      "shout": "I am moving up!"
    },
    "snakeId": "gs_T8PP8X9FYmJfMSHbFGRjmJ77",
    "name": "Jormungand 0.1.0",
    "latency": "105",
    "health": 99,
    "body": [
      {
        "x": 8,
        "y": 1
      },
      {
        "x": 9,
        "y": 1
      },
      {
        "x": 9,
        "y": 1
      }
    ],
    "head": {
      "x": 8,
      "y": 1
    },
    "length": 3,
    "shout": "I am moving up!"
  },
  {
    "gameId": "a0762af5-0511-45a5-8934-aad934337b78",
    "ruleset": {
      "name": "standard",
      "version": "v1.0.17"
    },
    "timeout": 500,
    "turn": 2,
    "width": 11,
    "height": 11,
    "snakes": [
      {
        "id": "gs_HMfVrvhSPh3YG4DPHpCvPXhM",
        "name": "Medusa",
        "latency": "51",
        "health": 98,
        "body": [
          {
            "x": 10,
            "y": 8
          },
          {
            "x": 10,
            "y": 9
          },
          {
            "x": 9,
            "y": 9
          }
        ],
        "head": {
          "x": 10,
          "y": 8
        },
        "length": 3,
        "shout": "avoiding tight spaces!"
      },
      {
        "id": "gs_T8PP8X9FYmJfMSHbFGRjmJ77",
        "name": "Jormungand 0.1.0",
        "latency": "50",
        "health": 98,
        "body": [
          {
            "x": 8,
            "y": 0
          },
          {
            "x": 8,
            "y": 1
          },
          {
            "x": 9,
            "y": 1
          }
        ],
        "head": {
          "x": 8,
          "y": 0
        },
        "length": 3,
        "shout": "I am moving up!"
      }
    ],
    "food": [
      {
        "x": 10,
        "y": 10
      },
      {
        "x": 10,
        "y": 0
      },
      {
        "x": 5,
        "y": 5
      }
    ],
    "you": {
      "id": "gs_T8PP8X9FYmJfMSHbFGRjmJ77",
      "name": "Jormungand 0.1.0",
      "latency": "50",
      "health": 98,
      "body": [
        {
          "x": 8,
          "y": 0
        },
        {
          "x": 8,
          "y": 1
        },
        {
          "x": 9,
          "y": 1
        }
      ],
      "head": {
        "x": 8,
        "y": 0
      },
      "length": 3,
      "shout": "I am moving up!"
    },
    "snakeId": "gs_T8PP8X9FYmJfMSHbFGRjmJ77",
    "name": "Jormungand 0.1.0",
    "latency": "50",
    "health": 98,
    "body": [
      {
        "x": 8,
        "y": 0
      },
      {
        "x": 8,
        "y": 1
      },
      {
        "x": 9,
        "y": 1
      }
    ],
    "head": {
      "x": 8,
      "y": 0
    },
    "length": 3,
    "shout": "I am moving up!"
  },
  {
    "gameId": "a0762af5-0511-45a5-8934-aad934337b78",
    "ruleset": {
      "name": "standard",
      "version": "v1.0.17"
    },
    "timeout": 500,
    "turn": 3,
    "width": 11,
    "height": 11,
    "snakes": [
      {
        "id": "gs_HMfVrvhSPh3YG4DPHpCvPXhM",
        "name": "Medusa",
        "latency": "51",
        "health": 97,
        "body": [
          {
            "x": 9,
            "y": 8
          },
          {
            "x": 10,
            "y": 8
          },
          {
            "x": 10,
            "y": 9
          }
        ],
        "head": {
          "x": 9,
          "y": 8
        },
        "length": 3,
        "shout": "cannot go right! There is a wall!"
      },
      {
        "id": "gs_T8PP8X9FYmJfMSHbFGRjmJ77",
        "name": "Jormungand 0.1.0",
        "latency": "50",
        "health": 97,
        "body": [
          {
            "x": 7,
            "y": 0
          },
          {
            "x": 8,
            "y": 0
          },
          {
            "x": 8,
            "y": 1
          }
        ],
        "head": {
          "x": 7,
          "y": 0
        },
        "length": 3,
        "shout": "I am moving up!"
      }
    ],
    "food": [
      {
        "x": 10,
        "y": 10
      },
      {
        "x": 10,
        "y": 0
      },
      {
        "x": 5,
        "y": 5
      }
    ],
    "you": {
      "id": "gs_T8PP8X9FYmJfMSHbFGRjmJ77",
      "name": "Jormungand 0.1.0",
      "latency": "50",
      "health": 97,
      "body": [
        {
          "x": 7,
          "y": 0
        },
        {
          "x": 8,
          "y": 0
        },
        {
          "x": 8,
          "y": 1
        }
      ],
      "head": {
        "x": 7,
        "y": 0
      },
      "length": 3,
      "shout": "I am moving up!"
    },
    "snakeId": "gs_T8PP8X9FYmJfMSHbFGRjmJ77",
    "name": "Jormungand 0.1.0",
    "latency": "50",
    "health": 97,
    "body": [
      {
        "x": 7,
        "y": 0
      },
      {
        "x": 8,
        "y": 0
      },
      {
        "x": 8,
        "y": 1
      }
    ],
    "head": {
      "x": 7,
      "y": 0
    },
    "length": 3,
    "shout": "I am moving up!"
  },
  {
    "gameId": "a0762af5-0511-45a5-8934-aad934337b78",
    "ruleset": {
      "name": "standard",
      "version": "v1.0.17"
    },
    "timeout": 500,
    "turn": 4,
    "width": 11,
    "height": 11,
    "snakes": [
      {
        "id": "gs_HMfVrvhSPh3YG4DPHpCvPXhM",
        "name": "Medusa",
        "latency": "50",
        "health": 96,
        "body": [
          {
            "x": 8,
            "y": 8
          },
          {
            "x": 9,
            "y": 8
          },
          {
            "x": 10,
            "y": 8
          }
        ],
        "head": {
          "x": 8,
          "y": 8
        },
        "length": 3,
        "shout": "Look into my eyes!"
      },
      {
        "id": "gs_T8PP8X9FYmJfMSHbFGRjmJ77",
        "name": "Jormungand 0.1.0",
        "latency": "50",
        "health": 96,
        "body": [
          {
            "x": 6,
            "y": 0
          },
          {
            "x": 7,
            "y": 0
          },
          {
            "x": 8,
            "y": 0
          }
        ],
        "head": {
          "x": 6,
          "y": 0
        },
        "length": 3,
        "shout": "I am moving up!"
      }
    ],
    "food": [
      {
        "x": 10,
        "y": 10
      },
      {
        "x": 10,
        "y": 0
      },
      {
        "x": 5,
        "y": 5
      }
    ],
    "you": {
      "id": "gs_T8PP8X9FYmJfMSHbFGRjmJ77",
      "name": "Jormungand 0.1.0",
      "latency": "50",
      "health": 96,
      "body": [
        {
          "x": 6,
          "y": 0
        },
        {
          "x": 7,
          "y": 0
        },
        {
          "x": 8,
          "y": 0
        }
      ],
      "head": {
        "x": 6,
        "y": 0
      },
      "length": 3,
      "shout": "I am moving up!"
    },
    "snakeId": "gs_T8PP8X9FYmJfMSHbFGRjmJ77",
    "name": "Jormungand 0.1.0",
    "latency": "50",
    "health": 96,
    "body": [
      {
        "x": 6,
        "y": 0
      },
      {
        "x": 7,
        "y": 0
      },
      {
        "x": 8,
        "y": 0
      }
    ],
    "head": {
      "x": 6,
      "y": 0
    },
    "length": 3,
    "shout": "I am moving up!"
  },
  {
    "gameId": "a0762af5-0511-45a5-8934-aad934337b78",
    "ruleset": {
      "name": "standard",
      "version": "v1.0.17"
    },
    "timeout": 500,
    "turn": 5,
    "width": 11,
    "height": 11,
    "snakes": [
      {
        "id": "gs_HMfVrvhSPh3YG4DPHpCvPXhM",
        "name": "Medusa",
        "latency": "50",
        "health": 95,
        "body": [
          {
            "x": 8,
            "y": 9
          },
          {
            "x": 8,
            "y": 8
          },
          {
            "x": 9,
            "y": 8
          }
        ],
        "head": {
          "x": 8,
          "y": 9
        },
        "length": 3,
        "shout": "cannot go right! I am in the way!"
      },
      {
        "id": "gs_T8PP8X9FYmJfMSHbFGRjmJ77",
        "name": "Jormungand 0.1.0",
        "latency": "51",
        "health": 95,
        "body": [
          {
            "x": 5,
            "y": 0
          },
          {
            "x": 6,
            "y": 0
          },
          {
            "x": 7,
            "y": 0
          }
        ],
        "head": {
          "x": 5,
          "y": 0
        },
        "length": 3,
        "shout": "I am moving up!"
      }
    ],
    "food": [
      {
        "x": 10,
        "y": 10
      },
      {
        "x": 10,
        "y": 0
      },
      {
        "x": 5,
        "y": 5
      }
    ],
    "you": {
      "id": "gs_T8PP8X9FYmJfMSHbFGRjmJ77",
      "name": "Jormungand 0.1.0",
      "latency": "51",
      "health": 95,
      "body": [
        {
          "x": 5,
          "y": 0
        },
        {
          "x": 6,
          "y": 0
        },
        {
          "x": 7,
          "y": 0
        }
      ],
      "head": {
        "x": 5,
        "y": 0
      },
      "length": 3,
      "shout": "I am moving up!"
    },
    "snakeId": "gs_T8PP8X9FYmJfMSHbFGRjmJ77",
    "name": "Jormungand 0.1.0",
    "latency": "51",
    "health": 95,
    "body": [
      {
        "x": 5,
        "y": 0
      },
      {
        "x": 6,
        "y": 0
      },
      {
        "x": 7,
        "y": 0
      }
    ],
    "head": {
      "x": 5,
      "y": 0
    },
    "length": 3,
    "shout": "I am moving up!"
  },
  {
    "gameId": "a0762af5-0511-45a5-8934-aad934337b78",
    "ruleset": {
      "name": "standard",
      "version": "v1.0.17"
    },
    "timeout": 500,
    "turn": 6,
    "width": 11,
    "height": 11,
    "snakes": [
      {
        "id": "gs_HMfVrvhSPh3YG4DPHpCvPXhM",
        "name": "Medusa",
        "latency": "51",
        "health": 94,
        "body": [
          {
            "x": 9,
            "y": 9
          },
          {
            "x": 8,
            "y": 9
          },
          {
            "x": 8,
            "y": 8
          }
        ],
        "head": {
          "x": 9,
          "y": 9
        },
        "length": 3,
        "shout": "Look into my eyes!"
      },
      {
        "id": "gs_T8PP8X9FYmJfMSHbFGRjmJ77",
        "name": "Jormungand 0.1.0",
        "latency": "50",
        "health": 94,
        "body": [
          {
            "x": 4,
            "y": 0
          },
          {
            "x": 5,
            "y": 0
          },
          {
            "x": 6,
            "y": 0
          }
        ],
        "head": {
          "x": 4,
          "y": 0
        },
        "length": 3,
        "shout": "I am moving up!"
      }
    ],
    "food": [
      {
        "x": 10,
        "y": 10
      },
      {
        "x": 10,
        "y": 0
      },
      {
        "x": 5,
        "y": 5
      }
    ],
    "you": {
      "id": "gs_T8PP8X9FYmJfMSHbFGRjmJ77",
      "name": "Jormungand 0.1.0",
      "latency": "50",
      "health": 94,
      "body": [
        {
          "x": 4,
          "y": 0
        },
        {
          "x": 5,
          "y": 0
        },
        {
          "x": 6,
          "y": 0
        }
      ],
      "head": {
        "x": 4,
        "y": 0
      },
      "length": 3,
      "shout": "I am moving up!"
    },
    "snakeId": "gs_T8PP8X9FYmJfMSHbFGRjmJ77",
    "name": "Jormungand 0.1.0",
    "latency": "50",
    "health": 94,
    "body": [
      {
        "x": 4,
        "y": 0
      },
      {
        "x": 5,
        "y": 0
      },
      {
        "x": 6,
        "y": 0
      }
    ],
    "head": {
      "x": 4,
      "y": 0
    },
    "length": 3,
    "shout": "I am moving up!"
  },
  {
    "gameId": "a0762af5-0511-45a5-8934-aad934337b78",
    "ruleset": {
      "name": "standard",
      "version": "v1.0.17"
    },
    "timeout": 500,
    "turn": 7,
    "width": 11,
    "height": 11,
    "snakes": [
      {
        "id": "gs_HMfVrvhSPh3YG4DPHpCvPXhM",
        "name": "Medusa",
        "latency": "51",
        "health": 93,
        "body": [
          {
            "x": 10,
            "y": 9
          },
          {
            "x": 9,
            "y": 9
          },
          {
            "x": 8,
            "y": 9
          }
        ],
        "head": {
          "x": 10,
          "y": 9
        },
        "length": 3,
        "shout": "go left! Avoiding the wall!"
      },
      {
        "id": "gs_T8PP8X9FYmJfMSHbFGRjmJ77",
        "name": "Jormungand 0.1.0",
        "latency": "50",
        "health": 93,
        "body": [
          {
            "x": 3,
            "y": 0
          },
          {
            "x": 4,
            "y": 0
          },
          {
            "x": 5,
            "y": 0
          }
        ],
        "head": {
          "x": 3,
          "y": 0
        },
        "length": 3,
        "shout": "I am moving up!"
      }
    ],
    "food": [
      {
        "x": 10,
        "y": 10
      },
      {
        "x": 10,
        "y": 0
      },
      {
        "x": 5,
        "y": 5
      }
    ],
    "you": {
      "id": "gs_T8PP8X9FYmJfMSHbFGRjmJ77",
      "name": "Jormungand 0.1.0",
      "latency": "50",
      "health": 93,
      "body": [
        {
          "x": 3,
          "y": 0
        },
        {
          "x": 4,
          "y": 0
        },
        {
          "x": 5,
          "y": 0
        }
      ],
      "head": {
        "x": 3,
        "y": 0
      },
      "length": 3,
      "shout": "I am moving up!"
    },
    "snakeId": "gs_T8PP8X9FYmJfMSHbFGRjmJ77",
    "name": "Jormungand 0.1.0",
    "latency": "50",
    "health": 93,
    "body": [
      {
        "x": 3,
        "y": 0
      },
      {
        "x": 4,
        "y": 0
      },
      {
        "x": 5,
        "y": 0
      }
    ],
    "head": {
      "x": 3,
      "y": 0
    },
    "length": 3,
    "shout": "I am moving up!"
  },
  {
    "gameId": "a0762af5-0511-45a5-8934-aad934337b78",
    "ruleset": {
      "name": "standard",
      "version": "v1.0.17"
    },
    "timeout": 500,
    "turn": 8,
    "width": 11,
    "height": 11,
    "snakes": [
      {
        "id": "gs_HMfVrvhSPh3YG4DPHpCvPXhM",
        "name": "Medusa",
        "latency": "51",
        "health": 92,
        "body": [
          {
            "x": 10,
            "y": 8
          },
          {
            "x": 10,
            "y": 9
          },
          {
            "x": 9,
            "y": 9
          }
        ],
        "head": {
          "x": 10,
          "y": 8
        },
        "length": 3,
        "shout": "cannot go up! There is a wall!"
      },
      {
        "id": "gs_T8PP8X9FYmJfMSHbFGRjmJ77",
        "name": "Jormungand 0.1.0",
        "latency": "50",
        "health": 92,
        "body": [
          {
            "x": 3,
            "y": 1
          },
          {
            "x": 3,
            "y": 0
          },
          {
            "x": 4,
            "y": 0
          }
        ],
        "head": {
          "x": 3,
          "y": 1
        },
        "length": 3,
        "shout": "I am moving up!"
      }
    ],
    "food": [
      {
        "x": 10,
        "y": 10
      },
      {
        "x": 10,
        "y": 0
      },
      {
        "x": 5,
        "y": 5
      }
    ],
    "you": {
      "id": "gs_T8PP8X9FYmJfMSHbFGRjmJ77",
      "name": "Jormungand 0.1.0",
      "latency": "50",
      "health": 92,
      "body": [
        {
          "x": 3,
          "y": 1
        },
        {
          "x": 3,
          "y": 0
        },
        {
          "x": 4,
          "y": 0
        }
      ],
      "head": {
        "x": 3,
        "y": 1
      },
      "length": 3,
      "shout": "I am moving up!"
    },
    "snakeId": "gs_T8PP8X9FYmJfMSHbFGRjmJ77",
    "name": "Jormungand 0.1.0",
    "latency": "50",
    "health": 92,
    "body": [
      {
        "x": 3,
        "y": 1
      },
      {
        "x": 3,
        "y": 0
      },
      {
        "x": 4,
        "y": 0
      }
    ],
    "head": {
      "x": 3,
      "y": 1
    },
    "length": 3,
    "shout": "I am moving up!"
  },
  {
    "gameId": "a0762af5-0511-45a5-8934-aad934337b78",
    "ruleset": {
      "name": "standard",
      "version": "v1.0.17"
    },
    "timeout": 500,
    "turn": 9,
    "width": 11,
    "height": 11,
    "snakes": [
      {
        "id": "gs_HMfVrvhSPh3YG4DPHpCvPXhM",
        "name": "Medusa",
        "latency": "51",
        "health": 91,
        "body": [
          {
            "x": 9,
            "y": 8
          },
          {
            "x": 10,
            "y": 8
          },
          {
            "x": 10,
            "y": 9
          }
        ],
        "head": {
          "x": 9,
          "y": 8
        },
        "length": 3,
        "shout": "Look into my eyes!"
      },
      {
        "id": "gs_T8PP8X9FYmJfMSHbFGRjmJ77",
        "name": "Jormungand 0.1.0",
        "latency": "50",
        "health": 91,
        "body": [
          {
            "x": 4,
            "y": 1
          },
          {
            "x": 3,
            "y": 1
          },
          {
            "x": 3,
            "y": 0
          }
        ],
        "head": {
          "x": 4,
          "y": 1
        },
        "length": 3,
        "shout": "I am moving up!"
      }
    ],
    "food": [
      {
        "x": 10,
        "y": 10
      },
      {
        "x": 10,
        "y": 0
      },
      {
        "x": 5,
        "y": 5
      }
    ],
    "you": {
      "id": "gs_T8PP8X9FYmJfMSHbFGRjmJ77",
      "name": "Jormungand 0.1.0",
      "latency": "50",
      "health": 91,
      "body": [
        {
          "x": 4,
          "y": 1
        },
        {
          "x": 3,
          "y": 1
        },
        {
          "x": 3,
          "y": 0
        }
      ],
      "head": {
        "x": 4,
        "y": 1
      },
      "length": 3,
      "shout": "I am moving up!"
    },
    "snakeId": "gs_T8PP8X9FYmJfMSHbFGRjmJ77",
    "name": "Jormungand 0.1.0",
    "latency": "50",
    "health": 91,
    "body": [
      {
        "x": 4,
        "y": 1
      },
      {
        "x": 3,
        "y": 1
      },
      {
        "x": 3,
        "y": 0
      }
    ],
    "head": {
      "x": 4,
      "y": 1
    },
    "length": 3,
    "shout": "I am moving up!"
  },
  {
    "gameId": "a0762af5-0511-45a5-8934-aad934337b78",
    "ruleset": {
      "name": "standard",
      "version": "v1.0.17"
    },
    "timeout": 500,
    "turn": 10,
    "width": 11,
    "height": 11,
    "snakes": [
      {
        "id": "gs_HMfVrvhSPh3YG4DPHpCvPXhM",
        "name": "Medusa",
        "latency": "50",
        "health": 90,
        "body": [
          {
            "x": 8,
            "y": 8
          },
          {
            "x": 9,
            "y": 8
          },
          {
            "x": 10,
            "y": 8
          }
        ],
        "head": {
          "x": 8,
          "y": 8
        },
        "length": 3,
        "shout": "cannot go right! I am in the way!"
      },
      {
        "id": "gs_T8PP8X9FYmJfMSHbFGRjmJ77",
        "name": "Jormungand 0.1.0",
        "latency": "51",
        "health": 90,
        "body": [
          {
            "x": 5,
            "y": 1
          },
          {
            "x": 4,
            "y": 1
          },
          {
            "x": 3,
            "y": 1
          }
        ],
        "head": {
          "x": 5,
          "y": 1
        },
        "length": 3,
        "shout": "I am moving up!"
      }
    ],
    "food": [
      {
        "x": 10,
        "y": 10
      },
      {
        "x": 10,
        "y": 0
      },
      {
        "x": 5,
        "y": 5
      },
      {
        "x": 1,
        "y": 8
      }
    ],
    "you": {
      "id": "gs_T8PP8X9FYmJfMSHbFGRjmJ77",
      "name": "Jormungand 0.1.0",
      "latency": "51",
      "health": 90,
      "body": [
        {
          "x": 5,
          "y": 1
        },
        {
          "x": 4,
          "y": 1
        },
        {
          "x": 3,
          "y": 1
        }
      ],
      "head": {
        "x": 5,
        "y": 1
      },
      "length": 3,
      "shout": "I am moving up!"
    },
    "snakeId": "gs_T8PP8X9FYmJfMSHbFGRjmJ77",
    "name": "Jormungand 0.1.0",
    "latency": "51",
    "health": 90,
    "body": [
      {
        "x": 5,
        "y": 1
      },
      {
        "x": 4,
        "y": 1
      },
      {
        "x": 3,
        "y": 1
      }
    ],
    "head": {
      "x": 5,
      "y": 1
    },
    "length": 3,
    "shout": "I am moving up!"
  },
  {
    "gameId": "a0762af5-0511-45a5-8934-aad934337b78",
    "ruleset": {
      "name": "standard",
      "version": "v1.0.17"
    },
    "timeout": 500,
    "turn": 11,
    "width": 11,
    "height": 11,
    "snakes": [
      {
        "id": "gs_HMfVrvhSPh3YG4DPHpCvPXhM",
        "name": "Medusa",
        "latency": "51",
        "health": 89,
        "body": [
          {
            "x": 8,
            "y": 9
          },
          {
            "x": 8,
            "y": 8
          },
          {
            "x": 9,
            "y": 8
          }
        ],
        "head": {
          "x": 8,
          "y": 9
        },
        "length": 3,
        "shout": "cannot go right! I am in the way!"
      },
      {
        "id": "gs_T8PP8X9FYmJfMSHbFGRjmJ77",
        "name": "Jormungand 0.1.0",
        "latency": "50",
        "health": 89,
        "body": [
          {
            "x": 5,
            "y": 2
          },
          {
            "x": 5,
            "y": 1
          },
          {
            "x": 4,
            "y": 1
          }
        ],
        "head": {
          "x": 5,
          "y": 2
        },
        "length": 3,
        "shout": "I am moving up!"
      }
    ],
    "food": [
      {
        "x": 10,
        "y": 10
      },
      {
        "x": 10,
        "y": 0
      },
      {
        "x": 5,
        "y": 5
      },
      {
        "x": 1,
        "y": 8
      }
    ],
    "you": {
      "id": "gs_T8PP8X9FYmJfMSHbFGRjmJ77",
      "name": "Jormungand 0.1.0",
      "latency": "50",
      "health": 89,
      "body": [
        {
          "x": 5,
          "y": 2
        },
        {
          "x": 5,
          "y": 1
        },
        {
          "x": 4,
          "y": 1
        }
      ],
      "head": {
        "x": 5,
        "y": 2
      },
      "length": 3,
      "shout": "I am moving up!"
    },
    "snakeId": "gs_T8PP8X9FYmJfMSHbFGRjmJ77",
    "name": "Jormungand 0.1.0",
    "latency": "50",
    "health": 89,
    "body": [
      {
        "x": 5,
        "y": 2
      },
      {
        "x": 5,
        "y": 1
      },
      {
        "x": 4,
        "y": 1
      }
    ],
    "head": {
      "x": 5,
      "y": 2
    },
    "length": 3,
    "shout": "I am moving up!"
  },
  {
    "gameId": "a0762af5-0511-45a5-8934-aad934337b78",
    "ruleset": {
      "name": "standard",
      "version": "v1.0.17"
    },
    "timeout": 500,
    "turn": 12,
    "width": 11,
    "height": 11,
    "snakes": [
      {
        "id": "gs_HMfVrvhSPh3YG4DPHpCvPXhM",
        "name": "Medusa",
        "latency": "50",
        "health": 88,
        "body": [
          {
            "x": 9,
            "y": 9
          },
          {
            "x": 8,
            "y": 9
          },
          {
            "x": 8,
            "y": 8
          }
        ],
        "head": {
          "x": 9,
          "y": 9
        },
        "length": 3,
        "shout": "go down! Avoiding the wall!"
      },
      {
        "id": "gs_T8PP8X9FYmJfMSHbFGRjmJ77",
        "name": "Jormungand 0.1.0",
        "latency": "51",
        "health": 88,
        "body": [
          {
            "x": 4,
            "y": 2
          },
          {
            "x": 5,
            "y": 2
          },
          {
            "x": 5,
            "y": 1
          }
        ],
        "head": {
          "x": 4,
          "y": 2
        },
        "length": 3,
        "shout": "I am moving up!"
      }
    ],
    "food": [
      {
        "x": 10,
        "y": 10
      },
      {
        "x": 10,
        "y": 0
      },
      {
        "x": 5,
        "y": 5
      },
      {
        "x": 1,
        "y": 8
      }
    ],
    "you": {
      "id": "gs_T8PP8X9FYmJfMSHbFGRjmJ77",
      "name": "Jormungand 0.1.0",
      "latency": "51",
      "health": 88,
      "body": [
        {
          "x": 4,
          "y": 2
        },
        {
          "x": 5,
          "y": 2
        },
        {
          "x": 5,
          "y": 1
        }
      ],
      "head": {
        "x": 4,
        "y": 2
      },
      "length": 3,
      "shout": "I am moving up!"
    },
    "snakeId": "gs_T8PP8X9FYmJfMSHbFGRjmJ77",
    "name": "Jormungand 0.1.0",
    "latency": "51",
    "health": 88,
    "body": [
      {
        "x": 4,
        "y": 2
      },
      {
        "x": 5,
        "y": 2
      },
      {
        "x": 5,
        "y": 1
      }
    ],
    "head": {
      "x": 4,
      "y": 2
    },
    "length": 3,
    "shout": "I am moving up!"
  },
  {
    "gameId": "a0762af5-0511-45a5-8934-aad934337b78",
    "ruleset": {
      "name": "standard",
      "version": "v1.0.17"
    },
    "timeout": 500,
    "turn": 13,
    "width": 11,
    "height": 11,
    "snakes": [
      {
        "id": "gs_HMfVrvhSPh3YG4DPHpCvPXhM",
        "name": "Medusa",
        "latency": "52",
        "health": 87,
        "body": [
          {
            "x": 10,
            "y": 9
          },
          {
            "x": 9,
            "y": 9
          },
          {
            "x": 8,
            "y": 9
          }
        ],
        "head": {
          "x": 10,
          "y": 9
        },
        "length": 3,
        "shout": "cannot go up! There is a wall!"
      },
      {
        "id": "gs_T8PP8X9FYmJfMSHbFGRjmJ77",
        "name": "Jormungand 0.1.0",
        "latency": "50",
        "health": 87,
        "body": [
          {
            "x": 4,
            "y": 3
          },
          {
            "x": 4,
            "y": 2
          },
          {
            "x": 5,
            "y": 2
          }
        ],
        "head": {
          "x": 4,
          "y": 3
        },
        "length": 3,
        "shout": "I am moving up!"
      }
    ],
    "food": [
      {
        "x": 10,
        "y": 10
      },
      {
        "x": 10,
        "y": 0
      },
      {
        "x": 5,
        "y": 5
      },
      {
        "x": 1,
        "y": 8
      }
    ],
    "you": {
      "id": "gs_T8PP8X9FYmJfMSHbFGRjmJ77",
      "name": "Jormungand 0.1.0",
      "latency": "50",
      "health": 87,
      "body": [
        {
          "x": 4,
          "y": 3
        },
        {
          "x": 4,
          "y": 2
        },
        {
          "x": 5,
          "y": 2
        }
      ],
      "head": {
        "x": 4,
        "y": 3
      },
      "length": 3,
      "shout": "I am moving up!"
    },
    "snakeId": "gs_T8PP8X9FYmJfMSHbFGRjmJ77",
    "name": "Jormungand 0.1.0",
    "latency": "50",
    "health": 87,
    "body": [
      {
        "x": 4,
        "y": 3
      },
      {
        "x": 4,
        "y": 2
      },
      {
        "x": 5,
        "y": 2
      }
    ],
    "head": {
      "x": 4,
      "y": 3
    },
    "length": 3,
    "shout": "I am moving up!"
  },
  {
    "gameId": "a0762af5-0511-45a5-8934-aad934337b78",
    "ruleset": {
      "name": "standard",
      "version": "v1.0.17"
    },
    "timeout": 500,
    "turn": 14,
    "width": 11,
    "height": 11,
    "snakes": [
      {
        "id": "gs_HMfVrvhSPh3YG4DPHpCvPXhM",
        "name": "Medusa",
        "latency": "50",
        "health": 86,
        "body": [
          {
            "x": 10,
            "y": 8
          },
          {
            "x": 10,
            "y": 9
          },
          {
            "x": 9,
            "y": 9
          }
        ],
        "head": {
          "x": 10,
          "y": 8
        },
        "length": 3,
        "shout": "cannot go right! There is a wall!"
      },
      {
        "id": "gs_T8PP8X9FYmJfMSHbFGRjmJ77",
        "name": "Jormungand 0.1.0",
        "latency": "51",
        "health": 86,
        "body": [
          {
            "x": 3,
            "y": 3
          },
          {
            "x": 4,
            "y": 3
          },
          {
            "x": 4,
            "y": 2
          }
        ],
        "head": {
          "x": 3,
          "y": 3
        },
        "length": 3,
        "shout": "I am moving up!"
      }
    ],
    "food": [
      {
        "x": 10,
        "y": 10
      },
      {
        "x": 10,
        "y": 0
      },
      {
        "x": 5,
        "y": 5
      },
      {
        "x": 1,
        "y": 8
      },
      {
        "x": 7,
        "y": 7
      }
    ],
    "you": {
      "id": "gs_T8PP8X9FYmJfMSHbFGRjmJ77",
      "name": "Jormungand 0.1.0",
      "latency": "51",
      "health": 86,
      "body": [
        {
          "x": 3,
          "y": 3
        },
        {
          "x": 4,
          "y": 3
        },
        {
          "x": 4,
          "y": 2
        }
      ],
      "head": {
        "x": 3,
        "y": 3
      },
      "length": 3,
      "shout": "I am moving up!"
    },
    "snakeId": "gs_T8PP8X9FYmJfMSHbFGRjmJ77",
    "name": "Jormungand 0.1.0",
    "latency": "51",
    "health": 86,
    "body": [
      {
        "x": 3,
        "y": 3
      },
      {
        "x": 4,
        "y": 3
      },
      {
        "x": 4,
        "y": 2
      }
    ],
    "head": {
      "x": 3,
      "y": 3
    },
    "length": 3,
    "shout": "I am moving up!"
  },
  {
    "gameId": "a0762af5-0511-45a5-8934-aad934337b78",
    "ruleset": {
      "name": "standard",
      "version": "v1.0.17"
    },
    "timeout": 500,
    "turn": 15,
    "width": 11,
    "height": 11,
    "snakes": [
      {
        "id": "gs_HMfVrvhSPh3YG4DPHpCvPXhM",
        "name": "Medusa",
        "latency": "52",
        "health": 85,
        "body": [
          {
            "x": 9,
            "y": 8
          },
          {
            "x": 10,
            "y": 8
          },
          {
            "x": 10,
            "y": 9
          }
        ],
        "head": {
          "x": 9,
          "y": 8
        },
        "length": 3,
        "shout": "Look into my eyes!"
      },
      {
        "id": "gs_T8PP8X9FYmJfMSHbFGRjmJ77",
        "name": "Jormungand 0.1.0",
        "latency": "51",
        "health": 85,
        "body": [
          {
            "x": 2,
            "y": 3
          },
          {
            "x": 3,
            "y": 3
          },
          {
            "x": 4,
            "y": 3
          }
        ],
        "head": {
          "x": 2,
          "y": 3
        },
        "length": 3,
        "shout": "I am moving up!"
      }
    ],
    "food": [
      {
        "x": 10,
        "y": 10
      },
      {
        "x": 10,
        "y": 0
      },
      {
        "x": 5,
        "y": 5
      },
      {
        "x": 1,
        "y": 8
      },
      {
        "x": 7,
        "y": 7
      }
    ],
    "you": {
      "id": "gs_T8PP8X9FYmJfMSHbFGRjmJ77",
      "name": "Jormungand 0.1.0",
      "latency": "51",
      "health": 85,
      "body": [
        {
          "x": 2,
          "y": 3
        },
        {
          "x": 3,
          "y": 3
        },
        {
          "x": 4,
          "y": 3
        }
      ],
      "head": {
        "x": 2,
        "y": 3
      },
      "length": 3,
      "shout": "I am moving up!"
    },
    "snakeId": "gs_T8PP8X9FYmJfMSHbFGRjmJ77",
    "name": "Jormungand 0.1.0",
    "latency": "51",
    "health": 85,
    "body": [
      {
        "x": 2,
        "y": 3
      },
      {
        "x": 3,
        "y": 3
      },
      {
        "x": 4,
        "y": 3
      }
    ],
    "head": {
      "x": 2,
      "y": 3
    },
    "length": 3,
    "shout": "I am moving up!"
  },
  {
    "gameId": "a0762af5-0511-45a5-8934-aad934337b78",
    "ruleset": {
      "name": "standard",
      "version": "v1.0.17"
    },
    "timeout": 500,
    "turn": 16,
    "width": 11,
    "height": 11,
    "snakes": [
      {
        "id": "gs_HMfVrvhSPh3YG4DPHpCvPXhM",
        "name": "Medusa",
        "latency": "50",
        "health": 84,
        "body": [
          {
            "x": 8,
            "y": 8
          },
          {
            "x": 9,
            "y": 8
          },
          {
            "x": 10,
            "y": 8
          }
        ],
        "head": {
          "x": 8,
          "y": 8
        },
        "length": 3,
        "shout": "cannot go right! There is a wall!"
      },
      {
        "id": "gs_T8PP8X9FYmJfMSHbFGRjmJ77",
        "name": "Jormungand 0.1.0",
        "latency": "51",
        "health": 84,
        "body": [
          {
            "x": 2,
            "y": 2
          },
          {
            "x": 2,
            "y": 3
          },
          {
            "x": 3,
            "y": 3
          }
        ],
        "head": {
          "x": 2,
          "y": 2
        },
        "length": 3,
        "shout": "I am moving up!"
      }
    ],
    "food": [
      {
        "x": 10,
        "y": 10
      },
      {
        "x": 10,
        "y": 0
      },
      {
        "x": 5,
        "y": 5
      },
      {
        "x": 1,
        "y": 8
      },
      {
        "x": 7,
        "y": 7
      }
    ],
    "you": {
      "id": "gs_T8PP8X9FYmJfMSHbFGRjmJ77",
      "name": "Jormungand 0.1.0",
      "latency": "51",
      "health": 84,
      "body": [
        {
          "x": 2,
          "y": 2
        },
        {
          "x": 2,
          "y": 3
        },
        {
          "x": 3,
          "y": 3
        }
      ],
      "head": {
        "x": 2,
        "y": 2
      },
      "length": 3,
      "shout": "I am moving up!"
    },
    "snakeId": "gs_T8PP8X9FYmJfMSHbFGRjmJ77",
    "name": "Jormungand 0.1.0",
    "latency": "51",
    "health": 84,
    "body": [
      {
        "x": 2,
        "y": 2
      },
      {
        "x": 2,
        "y": 3
      },
      {
        "x": 3,
        "y": 3
      }
    ],
    "head": {
      "x": 2,
      "y": 2
    },
    "length": 3,
    "shout": "I am moving up!"
  },
  {
    "gameId": "a0762af5-0511-45a5-8934-aad934337b78",
    "ruleset": {
      "name": "standard",
      "version": "v1.0.17"
    },
    "timeout": 500,
    "turn": 17,
    "width": 11,
    "height": 11,
    "snakes": [
      {
        "id": "gs_HMfVrvhSPh3YG4DPHpCvPXhM",
        "name": "Medusa",
        "latency": "52",
        "health": 83,
        "body": [
          {
            "x": 7,
            "y": 8
          },
          {
            "x": 8,
            "y": 8
          },
          {
            "x": 9,
            "y": 8
          }
        ],
        "head": {
          "x": 7,
          "y": 8
        },
        "length": 3,
        "shout": "Look into my eyes!"
      },
      {
        "id": "gs_T8PP8X9FYmJfMSHbFGRjmJ77",
        "name": "Jormungand 0.1.0",
        "latency": "51",
        "health": 83,
        "body": [
          {
            "x": 2,
            "y": 1
          },
          {
            "x": 2,
            "y": 2
          },
          {
            "x": 2,
            "y": 3
          }
        ],
        "head": {
          "x": 2,
          "y": 1
        },
        "length": 3,
        "shout": "I am moving up!"
      }
    ],
    "food": [
      {
        "x": 10,
        "y": 10
      },
      {
        "x": 10,
        "y": 0
      },
      {
        "x": 5,
        "y": 5
      },
      {
        "x": 1,
        "y": 8
      },
      {
        "x": 7,
        "y": 7
      },
      {
        "x": 9,
        "y": 5
      }
    ],
    "you": {
      "id": "gs_T8PP8X9FYmJfMSHbFGRjmJ77",
      "name": "Jormungand 0.1.0",
      "latency": "51",
      "health": 83,
      "body": [
        {
          "x": 2,
          "y": 1
        },
        {
          "x": 2,
          "y": 2
        },
        {
          "x": 2,
          "y": 3
        }
      ],
      "head": {
        "x": 2,
        "y": 1
      },
      "length": 3,
      "shout": "I am moving up!"
    },
    "snakeId": "gs_T8PP8X9FYmJfMSHbFGRjmJ77",
    "name": "Jormungand 0.1.0",
    "latency": "51",
    "health": 83,
    "body": [
      {
        "x": 2,
        "y": 1
      },
      {
        "x": 2,
        "y": 2
      },
      {
        "x": 2,
        "y": 3
      }
    ],
    "head": {
      "x": 2,
      "y": 1
    },
    "length": 3,
    "shout": "I am moving up!"
  },
  {
    "gameId": "a0762af5-0511-45a5-8934-aad934337b78",
    "ruleset": {
      "name": "standard",
      "version": "v1.0.17"
    },
    "timeout": 500,
    "turn": 18,
    "width": 11,
    "height": 11,
    "snakes": [
      {
        "id": "gs_HMfVrvhSPh3YG4DPHpCvPXhM",
        "name": "Medusa",
        "latency": "51",
        "health": 100,
        "body": [
          {
            "x": 7,
            "y": 7
          },
          {
            "x": 7,
            "y": 8
          },
          {
            "x": 8,
            "y": 8
          },
          {
            "x": 8,
            "y": 8
          }
        ],
        "head": {
          "x": 7,
          "y": 7
        },
        "length": 4,
        "shout": "Look into my eyes!"
      },
      {
        "id": "gs_T8PP8X9FYmJfMSHbFGRjmJ77",
        "name": "Jormungand 0.1.0",
        "latency": "52",
        "health": 82,
        "body": [
          {
            "x": 3,
            "y": 1
          },
          {
            "x": 2,
            "y": 1
          },
          {
            "x": 2,
            "y": 2
          }
        ],
        "head": {
          "x": 3,
          "y": 1
        },
        "length": 3,
        "shout": "I am moving up!"
      }
    ],
    "food": [
      {
        "x": 10,
        "y": 10
      },
      {
        "x": 10,
        "y": 0
      },
      {
        "x": 5,
        "y": 5
      },
      {
        "x": 1,
        "y": 8
      },
      {
        "x": 9,
        "y": 5
      }
    ],
    "you": {
      "id": "gs_T8PP8X9FYmJfMSHbFGRjmJ77",
      "name": "Jormungand 0.1.0",
      "latency": "52",
      "health": 82,
      "body": [
        {
          "x": 3,
          "y": 1
        },
        {
          "x": 2,
          "y": 1
        },
        {
          "x": 2,
          "y": 2
        }
      ],
      "head": {
        "x": 3,
        "y": 1
      },
      "length": 3,
      "shout": "I am moving up!"
    },
    "snakeId": "gs_T8PP8X9FYmJfMSHbFGRjmJ77",
    "name": "Jormungand 0.1.0",
    "latency": "52",
    "health": 82,
    "body": [
      {
        "x": 3,
        "y": 1
      },
      {
        "x": 2,
        "y": 1
      },
      {
        "x": 2,
        "y": 2
      }
    ],
    "head": {
      "x": 3,
      "y": 1
    },
    "length": 3,
    "shout": "I am moving up!"
  },
  {
    "gameId": "a0762af5-0511-45a5-8934-aad934337b78",
    "ruleset": {
      "name": "standard",
      "version": "v1.0.17"
    },
    "timeout": 500,
    "turn": 19,
    "width": 11,
    "height": 11,
    "snakes": [
      {
        "id": "gs_HMfVrvhSPh3YG4DPHpCvPXhM",
        "name": "Medusa",
        "latency": "50",
        "health": 99,
        "body": [
          {
            "x": 7,
            "y": 6
          },
          {
            "x": 7,
            "y": 7
          },
          {
            "x": 7,
            "y": 8
          },
          {
            "x": 8,
            "y": 8
          }
        ],
        "head": {
          "x": 7,
          "y": 6
        },
        "length": 4,
        "shout": "undefined, I am coming for you!"
      },
      {
        "id": "gs_T8PP8X9FYmJfMSHbFGRjmJ77",
        "name": "Jormungand 0.1.0",
        "latency": "51",
        "health": 81,
        "body": [
          {
            "x": 4,
            "y": 1
          },
          {
            "x": 3,
            "y": 1
          },
          {
            "x": 2,
            "y": 1
          }
        ],
        "head": {
          "x": 4,
          "y": 1
        },
        "length": 3,
        "shout": "I am moving up!"
      }
    ],
    "food": [
      {
        "x": 10,
        "y": 10
      },
      {
        "x": 10,
        "y": 0
      },
      {
        "x": 5,
        "y": 5
      },
      {
        "x": 1,
        "y": 8
      },
      {
        "x": 9,
        "y": 5
      },
      {
        "x": 5,
        "y": 0
      }
    ],
    "you": {
      "id": "gs_T8PP8X9FYmJfMSHbFGRjmJ77",
      "name": "Jormungand 0.1.0",
      "latency": "51",
      "health": 81,
      "body": [
        {
          "x": 4,
          "y": 1
        },
        {
          "x": 3,
          "y": 1
        },
        {
          "x": 2,
          "y": 1
        }
      ],
      "head": {
        "x": 4,
        "y": 1
      },
      "length": 3,
      "shout": "I am moving up!"
    },
    "snakeId": "gs_T8PP8X9FYmJfMSHbFGRjmJ77",
    "name": "Jormungand 0.1.0",
    "latency": "51",
    "health": 81,
    "body": [
      {
        "x": 4,
        "y": 1
      },
      {
        "x": 3,
        "y": 1
      },
      {
        "x": 2,
        "y": 1
      }
    ],
    "head": {
      "x": 4,
      "y": 1
    },
    "length": 3,
    "shout": "I am moving up!"
  },
  {
    "gameId": "a0762af5-0511-45a5-8934-aad934337b78",
    "ruleset": {
      "name": "standard",
      "version": "v1.0.17"
    },
    "timeout": 500,
    "turn": 20,
    "width": 11,
    "height": 11,
    "snakes": [
      {
        "id": "gs_HMfVrvhSPh3YG4DPHpCvPXhM",
        "name": "Medusa",
        "latency": "50",
        "health": 98,
        "body": [
          {
            "x": 7,
            "y": 5
          },
          {
            "x": 7,
            "y": 6
          },
          {
            "x": 7,
            "y": 7
          },
          {
            "x": 7,
            "y": 8
          }
        ],
        "head": {
          "x": 7,
          "y": 5
        },
        "length": 4,
        "shout": "cannot go up! I am in the way!"
      },
      {
        "id": "gs_T8PP8X9FYmJfMSHbFGRjmJ77",
        "name": "Jormungand 0.1.0",
        "latency": "51",
        "health": 80,
        "body": [
          {
            "x": 5,
            "y": 1
          },
          {
            "x": 4,
            "y": 1
          },
          {
            "x": 3,
            "y": 1
          }
        ],
        "head": {
          "x": 5,
          "y": 1
        },
        "length": 3,
        "shout": "I am moving up!"
      }
    ],
    "food": [
      {
        "x": 10,
        "y": 10
      },
      {
        "x": 10,
        "y": 0
      },
      {
        "x": 5,
        "y": 5
      },
      {
        "x": 1,
        "y": 8
      },
      {
        "x": 9,
        "y": 5
      },
      {
        "x": 5,
        "y": 0
      }
    ],
    "you": {
      "id": "gs_T8PP8X9FYmJfMSHbFGRjmJ77",
      "name": "Jormungand 0.1.0",
      "latency": "51",
      "health": 80,
      "body": [
        {
          "x": 5,
          "y": 1
        },
        {
          "x": 4,
          "y": 1
        },
        {
          "x": 3,
          "y": 1
        }
      ],
      "head": {
        "x": 5,
        "y": 1
      },
      "length": 3,
      "shout": "I am moving up!"
    },
    "snakeId": "gs_T8PP8X9FYmJfMSHbFGRjmJ77",
    "name": "Jormungand 0.1.0",
    "latency": "51",
    "health": 80,
    "body": [
      {
        "x": 5,
        "y": 1
      },
      {
        "x": 4,
        "y": 1
      },
      {
        "x": 3,
        "y": 1
      }
    ],
    "head": {
      "x": 5,
      "y": 1
    },
    "length": 3,
    "shout": "I am moving up!"
  },
  {
    "gameId": "a0762af5-0511-45a5-8934-aad934337b78",
    "ruleset": {
      "name": "standard",
      "version": "v1.0.17"
    },
    "timeout": 500,
    "turn": 21,
    "width": 11,
    "height": 11,
    "snakes": [
      {
        "id": "gs_HMfVrvhSPh3YG4DPHpCvPXhM",
        "name": "Medusa",
        "latency": "52",
        "health": 97,
        "body": [
          {
            "x": 6,
            "y": 5
          },
          {
            "x": 7,
            "y": 5
          },
          {
            "x": 7,
            "y": 6
          },
          {
            "x": 7,
            "y": 7
          }
        ],
        "head": {
          "x": 6,
          "y": 5
        },
        "length": 4,
        "shout": "undefined, I am coming for you!"
      },
      {
        "id": "gs_T8PP8X9FYmJfMSHbFGRjmJ77",
        "name": "Jormungand 0.1.0",
        "latency": "50",
        "health": 100,
        "body": [
          {
            "x": 5,
            "y": 0
          },
          {
            "x": 5,
            "y": 1
          },
          {
            "x": 4,
            "y": 1
          },
          {
            "x": 4,
            "y": 1
          }
        ],
        "head": {
          "x": 5,
          "y": 0
        },
        "length": 4,
        "shout": "I am moving up!"
      }
    ],
    "food": [
      {
        "x": 10,
        "y": 10
      },
      {
        "x": 10,
        "y": 0
      },
      {
        "x": 5,
        "y": 5
      },
      {
        "x": 1,
        "y": 8
      },
      {
        "x": 9,
        "y": 5
      }
    ],
    "you": {
      "id": "gs_T8PP8X9FYmJfMSHbFGRjmJ77",
      "name": "Jormungand 0.1.0",
      "latency": "50",
      "health": 100,
      "body": [
        {
          "x": 5,
          "y": 0
        },
        {
          "x": 5,
          "y": 1
        },
        {
          "x": 4,
          "y": 1
        },
        {
          "x": 4,
          "y": 1
        }
      ],
      "head": {
        "x": 5,
        "y": 0
      },
      "length": 4,
      "shout": "I am moving up!"
    },
    "snakeId": "gs_T8PP8X9FYmJfMSHbFGRjmJ77",
    "name": "Jormungand 0.1.0",
    "latency": "50",
    "health": 100,
    "body": [
      {
        "x": 5,
        "y": 0
      },
      {
        "x": 5,
        "y": 1
      },
      {
        "x": 4,
        "y": 1
      },
      {
        "x": 4,
        "y": 1
      }
    ],
    "head": {
      "x": 5,
      "y": 0
    },
    "length": 4,
    "shout": "I am moving up!"
  },
  {
    "gameId": "a0762af5-0511-45a5-8934-aad934337b78",
    "ruleset": {
      "name": "standard",
      "version": "v1.0.17"
    },
    "timeout": 500,
    "turn": 22,
    "width": 11,
    "height": 11,
    "snakes": [
      {
        "id": "gs_HMfVrvhSPh3YG4DPHpCvPXhM",
        "name": "Medusa",
        "latency": "52",
        "health": 100,
        "body": [
          {
            "x": 5,
            "y": 5
          },
          {
            "x": 6,
            "y": 5
          },
          {
            "x": 7,
            "y": 5
          },
          {
            "x": 7,
            "y": 6
          },
          {
            "x": 7,
            "y": 6
          }
        ],
        "head": {
          "x": 5,
          "y": 5
        },
        "length": 5,
        "shout": "searching for food!"
      },
      {
        "id": "gs_T8PP8X9FYmJfMSHbFGRjmJ77",
        "name": "Jormungand 0.1.0",
        "latency": "50",
        "health": 99,
        "body": [
          {
            "x": 6,
            "y": 0
          },
          {
            "x": 5,
            "y": 0
          },
          {
            "x": 5,
            "y": 1
          },
          {
            "x": 4,
            "y": 1
          }
        ],
        "head": {
          "x": 6,
          "y": 0
        },
        "length": 4,
        "shout": "I am moving up!"
      }
    ],
    "food": [
      {
        "x": 10,
        "y": 10
      },
      {
        "x": 10,
        "y": 0
      },
      {
        "x": 1,
        "y": 8
      },
      {
        "x": 9,
        "y": 5
      }
    ],
    "you": {
      "id": "gs_T8PP8X9FYmJfMSHbFGRjmJ77",
      "name": "Jormungand 0.1.0",
      "latency": "50",
      "health": 99,
      "body": [
        {
          "x": 6,
          "y": 0
        },
        {
          "x": 5,
          "y": 0
        },
        {
          "x": 5,
          "y": 1
        },
        {
          "x": 4,
          "y": 1
        }
      ],
      "head": {
        "x": 6,
        "y": 0
      },
      "length": 4,
      "shout": "I am moving up!"
    },
    "snakeId": "gs_T8PP8X9FYmJfMSHbFGRjmJ77",
    "name": "Jormungand 0.1.0",
    "latency": "50",
    "health": 99,
    "body": [
      {
        "x": 6,
        "y": 0
      },
      {
        "x": 5,
        "y": 0
      },
      {
        "x": 5,
        "y": 1
      },
      {
        "x": 4,
        "y": 1
      }
    ],
    "head": {
      "x": 6,
      "y": 0
    },
    "length": 4,
    "shout": "I am moving up!"
  },
  {
    "gameId": "a0762af5-0511-45a5-8934-aad934337b78",
    "ruleset": {
      "name": "standard",
      "version": "v1.0.17"
    },
    "timeout": 500,
    "turn": 23,
    "width": 11,
    "height": 11,
    "snakes": [
      {
        "id": "gs_HMfVrvhSPh3YG4DPHpCvPXhM",
        "name": "Medusa",
        "latency": "51",
        "health": 99,
        "body": [
          {
            "x": 5,
            "y": 4
          },
          {
            "x": 5,
            "y": 5
          },
          {
            "x": 6,
            "y": 5
          },
          {
            "x": 7,
            "y": 5
          },
          {
            "x": 7,
            "y": 6
          }
        ],
        "head": {
          "x": 5,
          "y": 4
        },
        "length": 5,
        "shout": "cannot go right! I am in the way!"
      },
      {
        "id": "gs_T8PP8X9FYmJfMSHbFGRjmJ77",
        "name": "Jormungand 0.1.0",
        "latency": "52",
        "health": 98,
        "body": [
          {
            "x": 6,
            "y": 1
          },
          {
            "x": 6,
            "y": 0
          },
          {
            "x": 5,
            "y": 0
          },
          {
            "x": 5,
            "y": 1
          }
        ],
        "head": {
          "x": 6,
          "y": 1
        },
        "length": 4,
        "shout": "I am moving up!"
      }
    ],
    "food": [
      {
        "x": 10,
        "y": 10
      },
      {
        "x": 10,
        "y": 0
      },
      {
        "x": 1,
        "y": 8
      },
      {
        "x": 9,
        "y": 5
      }
    ],
    "you": {
      "id": "gs_T8PP8X9FYmJfMSHbFGRjmJ77",
      "name": "Jormungand 0.1.0",
      "latency": "52",
      "health": 98,
      "body": [
        {
          "x": 6,
          "y": 1
        },
        {
          "x": 6,
          "y": 0
        },
        {
          "x": 5,
          "y": 0
        },
        {
          "x": 5,
          "y": 1
        }
      ],
      "head": {
        "x": 6,
        "y": 1
      },
      "length": 4,
      "shout": "I am moving up!"
    },
    "snakeId": "gs_T8PP8X9FYmJfMSHbFGRjmJ77",
    "name": "Jormungand 0.1.0",
    "latency": "52",
    "health": 98,
    "body": [
      {
        "x": 6,
        "y": 1
      },
      {
        "x": 6,
        "y": 0
      },
      {
        "x": 5,
        "y": 0
      },
      {
        "x": 5,
        "y": 1
      }
    ],
    "head": {
      "x": 6,
      "y": 1
    },
    "length": 4,
    "shout": "I am moving up!"
  },
  {
    "gameId": "a0762af5-0511-45a5-8934-aad934337b78",
    "ruleset": {
      "name": "standard",
      "version": "v1.0.17"
    },
    "timeout": 500,
    "turn": 24,
    "width": 11,
    "height": 11,
    "snakes": [
      {
        "id": "gs_HMfVrvhSPh3YG4DPHpCvPXhM",
        "name": "Medusa",
        "latency": "51",
        "health": 98,
        "body": [
          {
            "x": 5,
            "y": 3
          },
          {
            "x": 5,
            "y": 4
          },
          {
            "x": 5,
            "y": 5
          },
          {
            "x": 6,
            "y": 5
          },
          {
            "x": 7,
            "y": 5
          }
        ],
        "head": {
          "x": 5,
          "y": 3
        },
        "length": 5,
        "shout": "Look into my eyes!"
      },
      {
        "id": "gs_T8PP8X9FYmJfMSHbFGRjmJ77",
        "name": "Jormungand 0.1.0",
        "latency": "50",
        "health": 97,
        "body": [
          {
            "x": 7,
            "y": 1
          },
          {
            "x": 6,
            "y": 1
          },
          {
            "x": 6,
            "y": 0
          },
          {
            "x": 5,
            "y": 0
          }
        ],
        "head": {
          "x": 7,
          "y": 1
        },
        "length": 4,
        "shout": "I am moving up!"
      }
    ],
    "food": [
      {
        "x": 10,
        "y": 10
      },
      {
        "x": 10,
        "y": 0
      },
      {
        "x": 1,
        "y": 8
      },
      {
        "x": 9,
        "y": 5
      }
    ],
    "you": {
      "id": "gs_T8PP8X9FYmJfMSHbFGRjmJ77",
      "name": "Jormungand 0.1.0",
      "latency": "50",
      "health": 97,
      "body": [
        {
          "x": 7,
          "y": 1
        },
        {
          "x": 6,
          "y": 1
        },
        {
          "x": 6,
          "y": 0
        },
        {
          "x": 5,
          "y": 0
        }
      ],
      "head": {
        "x": 7,
        "y": 1
      },
      "length": 4,
      "shout": "I am moving up!"
    },
    "snakeId": "gs_T8PP8X9FYmJfMSHbFGRjmJ77",
    "name": "Jormungand 0.1.0",
    "latency": "50",
    "health": 97,
    "body": [
      {
        "x": 7,
        "y": 1
      },
      {
        "x": 6,
        "y": 1
      },
      {
        "x": 6,
        "y": 0
      },
      {
        "x": 5,
        "y": 0
      }
    ],
    "head": {
      "x": 7,
      "y": 1
    },
    "length": 4,
    "shout": "I am moving up!"
  },
  {
    "gameId": "a0762af5-0511-45a5-8934-aad934337b78",
    "ruleset": {
      "name": "standard",
      "version": "v1.0.17"
    },
    "timeout": 500,
    "turn": 25,
    "width": 11,
    "height": 11,
    "snakes": [
      {
        "id": "gs_HMfVrvhSPh3YG4DPHpCvPXhM",
        "name": "Medusa",
        "latency": "52",
        "health": 97,
        "body": [
          {
            "x": 6,
            "y": 3
          },
          {
            "x": 5,
            "y": 3
          },
          {
            "x": 5,
            "y": 4
          },
          {
            "x": 5,
            "y": 5
          },
          {
            "x": 6,
            "y": 5
          }
        ],
        "head": {
          "x": 6,
          "y": 3
        },
        "length": 5,
        "shout": "Look into my eyes!"
      },
      {
        "id": "gs_T8PP8X9FYmJfMSHbFGRjmJ77",
        "name": "Jormungand 0.1.0",
        "latency": "50",
        "health": 96,
        "body": [
          {
            "x": 7,
            "y": 2
          },
          {
            "x": 7,
            "y": 1
          },
          {
            "x": 6,
            "y": 1
          },
          {
            "x": 6,
            "y": 0
          }
        ],
        "head": {
          "x": 7,
          "y": 2
        },
        "length": 4,
        "shout": "I am moving up!"
      }
    ],
    "food": [
      {
        "x": 10,
        "y": 10
      },
      {
        "x": 10,
        "y": 0
      },
      {
        "x": 1,
        "y": 8
      },
      {
        "x": 9,
        "y": 5
      }
    ],
    "you": {
      "id": "gs_T8PP8X9FYmJfMSHbFGRjmJ77",
      "name": "Jormungand 0.1.0",
      "latency": "50",
      "health": 96,
      "body": [
        {
          "x": 7,
          "y": 2
        },
        {
          "x": 7,
          "y": 1
        },
        {
          "x": 6,
          "y": 1
        },
        {
          "x": 6,
          "y": 0
        }
      ],
      "head": {
        "x": 7,
        "y": 2
      },
      "length": 4,
      "shout": "I am moving up!"
    },
    "snakeId": "gs_T8PP8X9FYmJfMSHbFGRjmJ77",
    "name": "Jormungand 0.1.0",
    "latency": "50",
    "health": 96,
    "body": [
      {
        "x": 7,
        "y": 2
      },
      {
        "x": 7,
        "y": 1
      },
      {
        "x": 6,
        "y": 1
      },
      {
        "x": 6,
        "y": 0
      }
    ],
    "head": {
      "x": 7,
      "y": 2
    },
    "length": 4,
    "shout": "I am moving up!"
  },
  {
    "gameId": "a0762af5-0511-45a5-8934-aad934337b78",
    "ruleset": {
      "name": "standard",
      "version": "v1.0.17"
    },
    "timeout": 500,
    "turn": 26,
    "width": 11,
    "height": 11,
    "snakes": [
      {
        "id": "gs_HMfVrvhSPh3YG4DPHpCvPXhM",
        "name": "Medusa",
        "latency": "51",
        "health": 96,
        "body": [
          {
            "x": 6,
            "y": 4
          },
          {
            "x": 6,
            "y": 3
          },
          {
            "x": 5,
            "y": 3
          },
          {
            "x": 5,
            "y": 4
          },
          {
            "x": 5,
            "y": 5
          }
        ],
        "head": {
          "x": 6,
          "y": 4
        },
        "length": 5,
        "shout": "cannot go left! I am in the way!"
      },
      {
        "id": "gs_T8PP8X9FYmJfMSHbFGRjmJ77",
        "name": "Jormungand 0.1.0",
        "latency": "52",
        "health": 95,
        "body": [
          {
            "x": 8,
            "y": 2
          },
          {
            "x": 7,
            "y": 2
          },
          {
            "x": 7,
            "y": 1
          },
          {
            "x": 6,
            "y": 1
          }
        ],
        "head": {
          "x": 8,
          "y": 2
        },
        "length": 4,
        "shout": "I am moving up!"
      }
    ],
    "food": [
      {
        "x": 10,
        "y": 10
      },
      {
        "x": 10,
        "y": 0
      },
      {
        "x": 1,
        "y": 8
      },
      {
        "x": 9,
        "y": 5
      }
    ],
    "you": {
      "id": "gs_T8PP8X9FYmJfMSHbFGRjmJ77",
      "name": "Jormungand 0.1.0",
      "latency": "52",
      "health": 95,
      "body": [
        {
          "x": 8,
          "y": 2
        },
        {
          "x": 7,
          "y": 2
        },
        {
          "x": 7,
          "y": 1
        },
        {
          "x": 6,
          "y": 1
        }
      ],
      "head": {
        "x": 8,
        "y": 2
      },
      "length": 4,
      "shout": "I am moving up!"
    },
    "snakeId": "gs_T8PP8X9FYmJfMSHbFGRjmJ77",
    "name": "Jormungand 0.1.0",
    "latency": "52",
    "health": 95,
    "body": [
      {
        "x": 8,
        "y": 2
      },
      {
        "x": 7,
        "y": 2
      },
      {
        "x": 7,
        "y": 1
      },
      {
        "x": 6,
        "y": 1
      }
    ],
    "head": {
      "x": 8,
      "y": 2
    },
    "length": 4,
    "shout": "I am moving up!"
  },
  {
    "gameId": "a0762af5-0511-45a5-8934-aad934337b78",
    "ruleset": {
      "name": "standard",
      "version": "v1.0.17"
    },
    "timeout": 500,
    "turn": 27,
    "width": 11,
    "height": 11,
    "snakes": [
      {
        "id": "gs_HMfVrvhSPh3YG4DPHpCvPXhM",
        "name": "Medusa",
        "latency": "51",
        "health": 95,
        "body": [
          {
            "x": 7,
            "y": 4
          },
          {
            "x": 6,
            "y": 4
          },
          {
            "x": 6,
            "y": 3
          },
          {
            "x": 5,
            "y": 3
          },
          {
            "x": 5,
            "y": 4
          }
        ],
        "head": {
          "x": 7,
          "y": 4
        },
        "length": 5,
        "shout": "searching for food!"
      },
      {
        "id": "gs_T8PP8X9FYmJfMSHbFGRjmJ77",
        "name": "Jormungand 0.1.0",
        "latency": "51",
        "health": 94,
        "body": [
          {
            "x": 8,
            "y": 3
          },
          {
            "x": 8,
            "y": 2
          },
          {
            "x": 7,
            "y": 2
          },
          {
            "x": 7,
            "y": 1
          }
        ],
        "head": {
          "x": 8,
          "y": 3
        },
        "length": 4,
        "shout": "I am moving up!"
      }
    ],
    "food": [
      {
        "x": 10,
        "y": 10
      },
      {
        "x": 10,
        "y": 0
      },
      {
        "x": 1,
        "y": 8
      },
      {
        "x": 9,
        "y": 5
      }
    ],
    "you": {
      "id": "gs_T8PP8X9FYmJfMSHbFGRjmJ77",
      "name": "Jormungand 0.1.0",
      "latency": "51",
      "health": 94,
      "body": [
        {
          "x": 8,
          "y": 3
        },
        {
          "x": 8,
          "y": 2
        },
        {
          "x": 7,
          "y": 2
        },
        {
          "x": 7,
          "y": 1
        }
      ],
      "head": {
        "x": 8,
        "y": 3
      },
      "length": 4,
      "shout": "I am moving up!"
    },
    "snakeId": "gs_T8PP8X9FYmJfMSHbFGRjmJ77",
    "name": "Jormungand 0.1.0",
    "latency": "51",
    "health": 94,
    "body": [
      {
        "x": 8,
        "y": 3
      },
      {
        "x": 8,
        "y": 2
      },
      {
        "x": 7,
        "y": 2
      },
      {
        "x": 7,
        "y": 1
      }
    ],
    "head": {
      "x": 8,
      "y": 3
    },
    "length": 4,
    "shout": "I am moving up!"
  },
  {
    "gameId": "a0762af5-0511-45a5-8934-aad934337b78",
    "ruleset": {
      "name": "standard",
      "version": "v1.0.17"
    },
    "timeout": 500,
    "turn": 28,
    "width": 11,
    "height": 11,
    "snakes": [
      {
        "id": "gs_HMfVrvhSPh3YG4DPHpCvPXhM",
        "name": "Medusa",
        "latency": "51",
        "health": 94,
        "body": [
          {
            "x": 7,
            "y": 5
          },
          {
            "x": 7,
            "y": 4
          },
          {
            "x": 6,
            "y": 4
          },
          {
            "x": 6,
            "y": 3
          },
          {
            "x": 5,
            "y": 3
          }
        ],
        "head": {
          "x": 7,
          "y": 5
        },
        "length": 5,
        "shout": "undefined, I am coming for you!"
      },
      {
        "id": "gs_T8PP8X9FYmJfMSHbFGRjmJ77",
        "name": "Jormungand 0.1.0",
        "latency": "51",
        "health": 93,
        "body": [
          {
            "x": 9,
            "y": 3
          },
          {
            "x": 8,
            "y": 3
          },
          {
            "x": 8,
            "y": 2
          },
          {
            "x": 7,
            "y": 2
          }
        ],
        "head": {
          "x": 9,
          "y": 3
        },
        "length": 4,
        "shout": "I am moving up!"
      }
    ],
    "food": [
      {
        "x": 10,
        "y": 10
      },
      {
        "x": 10,
        "y": 0
      },
      {
        "x": 1,
        "y": 8
      },
      {
        "x": 9,
        "y": 5
      }
    ],
    "you": {
      "id": "gs_T8PP8X9FYmJfMSHbFGRjmJ77",
      "name": "Jormungand 0.1.0",
      "latency": "51",
      "health": 93,
      "body": [
        {
          "x": 9,
          "y": 3
        },
        {
          "x": 8,
          "y": 3
        },
        {
          "x": 8,
          "y": 2
        },
        {
          "x": 7,
          "y": 2
        }
      ],
      "head": {
        "x": 9,
        "y": 3
      },
      "length": 4,
      "shout": "I am moving up!"
    },
    "snakeId": "gs_T8PP8X9FYmJfMSHbFGRjmJ77",
    "name": "Jormungand 0.1.0",
    "latency": "51",
    "health": 93,
    "body": [
      {
        "x": 9,
        "y": 3
      },
      {
        "x": 8,
        "y": 3
      },
      {
        "x": 8,
        "y": 2
      },
      {
        "x": 7,
        "y": 2
      }
    ],
    "head": {
      "x": 9,
      "y": 3
    },
    "length": 4,
    "shout": "I am moving up!"
  },
  {
    "gameId": "a0762af5-0511-45a5-8934-aad934337b78",
    "ruleset": {
      "name": "standard",
      "version": "v1.0.17"
    },
    "timeout": 500,
    "turn": 29,
    "width": 11,
    "height": 11,
    "snakes": [
      {
        "id": "gs_HMfVrvhSPh3YG4DPHpCvPXhM",
        "name": "Medusa",
        "latency": "50",
        "health": 93,
        "body": [
          {
            "x": 8,
            "y": 5
          },
          {
            "x": 7,
            "y": 5
          },
          {
            "x": 7,
            "y": 4
          },
          {
            "x": 6,
            "y": 4
          },
          {
            "x": 6,
            "y": 3
          }
        ],
        "head": {
          "x": 8,
          "y": 5
        },
        "length": 5,
        "shout": "Look into my eyes!"
      },
      {
        "id": "gs_T8PP8X9FYmJfMSHbFGRjmJ77",
        "name": "Jormungand 0.1.0",
        "latency": "51",
        "health": 92,
        "body": [
          {
            "x": 9,
            "y": 4
          },
          {
            "x": 9,
            "y": 3
          },
          {
            "x": 8,
            "y": 3
          },
          {
            "x": 8,
            "y": 2
          }
        ],
        "head": {
          "x": 9,
          "y": 4
        },
        "length": 4,
        "shout": "I am moving up!"
      }
    ],
    "food": [
      {
        "x": 10,
        "y": 10
      },
      {
        "x": 10,
        "y": 0
      },
      {
        "x": 1,
        "y": 8
      },
      {
        "x": 9,
        "y": 5
      }
    ],
    "you": {
      "id": "gs_T8PP8X9FYmJfMSHbFGRjmJ77",
      "name": "Jormungand 0.1.0",
      "latency": "51",
      "health": 92,
      "body": [
        {
          "x": 9,
          "y": 4
        },
        {
          "x": 9,
          "y": 3
        },
        {
          "x": 8,
          "y": 3
        },
        {
          "x": 8,
          "y": 2
        }
      ],
      "head": {
        "x": 9,
        "y": 4
      },
      "length": 4,
      "shout": "I am moving up!"
    },
    "snakeId": "gs_T8PP8X9FYmJfMSHbFGRjmJ77",
    "name": "Jormungand 0.1.0",
    "latency": "51",
    "health": 92,
    "body": [
      {
        "x": 9,
        "y": 4
      },
      {
        "x": 9,
        "y": 3
      },
      {
        "x": 8,
        "y": 3
      },
      {
        "x": 8,
        "y": 2
      }
    ],
    "head": {
      "x": 9,
      "y": 4
    },
    "length": 4,
    "shout": "I am moving up!"
  },
  {
    "gameId": "a0762af5-0511-45a5-8934-aad934337b78",
    "ruleset": {
      "name": "standard",
      "version": "v1.0.17"
    },
    "timeout": 500,
    "turn": 30,
    "width": 11,
    "height": 11,
    "snakes": [
      {
        "id": "gs_HMfVrvhSPh3YG4DPHpCvPXhM",
        "name": "Medusa",
        "latency": "50",
        "health": 92,
        "body": [
          {
            "x": 8,
            "y": 6
          },
          {
            "x": 8,
            "y": 5
          },
          {
            "x": 7,
            "y": 5
          },
          {
            "x": 7,
            "y": 4
          },
          {
            "x": 6,
            "y": 4
          }
        ],
        "head": {
          "x": 8,
          "y": 6
        },
        "length": 5,
        "shout": "cannot go left! I am in the way!"
      },
      {
        "id": "gs_T8PP8X9FYmJfMSHbFGRjmJ77",
        "name": "Jormungand 0.1.0",
        "latency": "51",
        "health": 91,
        "body": [
          {
            "x": 10,
            "y": 4
          },
          {
            "x": 9,
            "y": 4
          },
          {
            "x": 9,
            "y": 3
          },
          {
            "x": 8,
            "y": 3
          }
        ],
        "head": {
          "x": 10,
          "y": 4
        },
        "length": 4,
        "shout": "I am moving up!"
      }
    ],
    "food": [
      {
        "x": 10,
        "y": 10
      },
      {
        "x": 10,
        "y": 0
      },
      {
        "x": 1,
        "y": 8
      },
      {
        "x": 9,
        "y": 5
      }
    ],
    "you": {
      "id": "gs_T8PP8X9FYmJfMSHbFGRjmJ77",
      "name": "Jormungand 0.1.0",
      "latency": "51",
      "health": 91,
      "body": [
        {
          "x": 10,
          "y": 4
        },
        {
          "x": 9,
          "y": 4
        },
        {
          "x": 9,
          "y": 3
        },
        {
          "x": 8,
          "y": 3
        }
      ],
      "head": {
        "x": 10,
        "y": 4
      },
      "length": 4,
      "shout": "I am moving up!"
    },
    "snakeId": "gs_T8PP8X9FYmJfMSHbFGRjmJ77",
    "name": "Jormungand 0.1.0",
    "latency": "51",
    "health": 91,
    "body": [
      {
        "x": 10,
        "y": 4
      },
      {
        "x": 9,
        "y": 4
      },
      {
        "x": 9,
        "y": 3
      },
      {
        "x": 8,
        "y": 3
      }
    ],
    "head": {
      "x": 10,
      "y": 4
    },
    "length": 4,
    "shout": "I am moving up!"
  },
  {
    "gameId": "a0762af5-0511-45a5-8934-aad934337b78",
    "ruleset": {
      "name": "standard",
      "version": "v1.0.17"
    },
    "timeout": 500,
    "turn": 31,
    "width": 11,
    "height": 11,
    "snakes": [
      {
        "id": "gs_HMfVrvhSPh3YG4DPHpCvPXhM",
        "name": "Medusa",
        "latency": "50",
        "health": 91,
        "body": [
          {
            "x": 9,
            "y": 6
          },
          {
            "x": 8,
            "y": 6
          },
          {
            "x": 8,
            "y": 5
          },
          {
            "x": 7,
            "y": 5
          },
          {
            "x": 7,
            "y": 4
          }
        ],
        "head": {
          "x": 9,
          "y": 6
        },
        "length": 5,
        "shout": "searching for food!"
      },
      {
        "id": "gs_T8PP8X9FYmJfMSHbFGRjmJ77",
        "name": "Jormungand 0.1.0",
        "latency": "51",
        "health": 90,
        "body": [
          {
            "x": 10,
            "y": 5
          },
          {
            "x": 10,
            "y": 4
          },
          {
            "x": 9,
            "y": 4
          },
          {
            "x": 9,
            "y": 3
          }
        ],
        "head": {
          "x": 10,
          "y": 5
        },
        "length": 4,
        "shout": "I am moving up!"
      }
    ],
    "food": [
      {
        "x": 10,
        "y": 10
      },
      {
        "x": 10,
        "y": 0
      },
      {
        "x": 1,
        "y": 8
      },
      {
        "x": 9,
        "y": 5
      }
    ],
    "you": {
      "id": "gs_T8PP8X9FYmJfMSHbFGRjmJ77",
      "name": "Jormungand 0.1.0",
      "latency": "51",
      "health": 90,
      "body": [
        {
          "x": 10,
          "y": 5
        },
        {
          "x": 10,
          "y": 4
        },
        {
          "x": 9,
          "y": 4
        },
        {
          "x": 9,
          "y": 3
        }
      ],
      "head": {
        "x": 10,
        "y": 5
      },
      "length": 4,
      "shout": "I am moving up!"
    },
    "snakeId": "gs_T8PP8X9FYmJfMSHbFGRjmJ77",
    "name": "Jormungand 0.1.0",
    "latency": "51",
    "health": 90,
    "body": [
      {
        "x": 10,
        "y": 5
      },
      {
        "x": 10,
        "y": 4
      },
      {
        "x": 9,
        "y": 4
      },
      {
        "x": 9,
        "y": 3
      }
    ],
    "head": {
      "x": 10,
      "y": 5
    },
    "length": 4,
    "shout": "I am moving up!"
  }
]