[
  {
    "gameId": "a21f6a69-6696-483d-ba8c-e1778609a53f",
    "ruleset": {
      "name": "standard",
      "version": "v1.0.17"
    },
    "timeout": 500,
    "turn": 0,
    "width": 11,
    "height": 11,
    "snakes": [
      {
        "id": "gs_HXDk3pcctRMHYjWkCPm8xtSM",
        "name": "Medusa",
        "latency": "",
        "health": 100,
        "body": [
          {
            "x": 5,
            "y": 9
          },
          {
            "x": 5,
            "y": 9
          },
          {
            "x": 5,
            "y": 9
          }
        ],
        "head": {
          "x": 5,
          "y": 9
        },
        "length": 3,
        "shout": ""
      },
      {
        "id": "gs_CFCcJ6KVQ6qmpFv6rhyRJqkB",
        "name": "Jormungand 0.1.0",
        "latency": "",
        "health": 100,
        "body": [
          {
            "x": 9,
            "y": 9
          },
          {
            "x": 9,
            "y": 9
          },
          {
            "x": 9,
            "y": 9
          }
        ],
        "head": {
          "x": 9,
          "y": 9
        },
        "length": 3,
        "shout": ""
      }
    ],
    "food": [
      {
        "x": 6,
        "y": 10
      },
      {
        "x": 8,
        "y": 10
      },
      {
        "x": 5,
        "y": 5
      }
    ],
    "you": {
      "id": "gs_CFCcJ6KVQ6qmpFv6rhyRJqkB",
      "name": "Jormungand 0.1.0",
      "latency": "",
      "health": 100,
      "body": [
        {
          "x": 9,
          "y": 9
        },
        {
          "x": 9,
          "y": 9
        },
        {
          "x": 9,
          "y": 9
        }
      ],
      "head": {
        "x": 9,
        "y": 9
      },
      "length": 3,
      "shout": ""
    },
    "snakeId": "gs_CFCcJ6KVQ6qmpFv6rhyRJqkB",
    "name": "Jormungand 0.1.0",
    "latency": "",
    "health": 100,
    "body": [
      {
        "x": 9,
        "y": 9
      },
      {
        "x": 9,
        "y": 9
      },
      {
        "x": 9,
        "y": 9
      }
    ],
    "head": {
      "x": 9,
      "y": 9
    },
    "length": 3,
    "shout": ""
  },
  {
    "gameId": "a21f6a69-6696-483d-ba8c-e1778609a53f",
    "ruleset": {
      "name": "standard",
      "version": "v1.0.17"
    },
    "timeout": 500,
    "turn": 0,
    "width": 11,
    "height": 11,
    "snakes": [
      {
        "id": "gs_HXDk3pcctRMHYjWkCPm8xtSM",
        "name": "Medusa",
        "latency": "",
        "health": 100,
        "body": [
          {
            "x": 5,
            "y": 9
          },
          {
            "x": 5,
            "y": 9
          },
          {
            "x": 5,
            "y": 9
          }
        ],
        "head": {
          "x": 5,
          "y": 9
        },
        "length": 3,
        "shout": ""
      },
      {
        "id": "gs_CFCcJ6KVQ6qmpFv6rhyRJqkB",
        "name": "Jormungand 0.1.0",
        "latency": "",
        "health": 100,
        "body": [
          {
            "x": 9,
            "y": 9
          },
          {
            "x": 9,
            "y": 9
          },
          {
            "x": 9,
            "y": 9
          }
        ],
        "head": {
          "x": 9,
          "y": 9
        },
        "length": 3,
        "shout": ""
      }
    ],
    "food": [
      {
        "x": 6,
        "y": 10
      },
      {
        "x": 8,
        "y": 10
      },
      {
        "x": 5,
        "y": 5
      }
    ],
    "you": {
      "id": "gs_CFCcJ6KVQ6qmpFv6rhyRJqkB",
      "name": "Jormungand 0.1.0",
      "latency": "",
      "health": 100,
      "body": [
        {
          "x": 9,
          "y": 9
        },
        {
          "x": 9,
          "y": 9
        },
        {
          "x": 9,
          "y": 9
        }
      ],
      "head": {
        "x": 9,
        "y": 9
      },
      "length": 3,
      "shout": ""
    },
    "snakeId": "gs_CFCcJ6KVQ6qmpFv6rhyRJqkB",
    "name": "Jormungand 0.1.0",
    "latency": "",
    "health": 100,
    "body": [
      {
        "x": 9,
        "y": 9
      },
      {
        "x": 9,
        "y": 9
      },
      {
        "x": 9,
        "y": 9
      }
    ],
    "head": {
      "x": 9,
      "y": 9
    },
    "length": 3,
    "shout": ""
  },
  {
    "gameId": "a21f6a69-6696-483d-ba8c-e1778609a53f",
    "ruleset": {
      "name": "standard",
      "version": "v1.0.17"
    },
    "timeout": 500,
    "turn": 1,
    "width": 11,
    "height": 11,
    "snakes": [
      {
        "id": "gs_HXDk3pcctRMHYjWkCPm8xtSM",
        "name": "Medusa",
        "latency": "119",
        "health": 99,
        "body": [
          {
            "x": 6,
            "y": 9
          },
          {
            "x": 5,
            "y": 9
          },
          {
            "x": 5,
            "y": 9
          }
        ],
        "head": {
          "x": 6,
          "y": 9
        },
        "length": 3,
        "shout": "Look into my eyes!"
      },
      {
        "id": "gs_CFCcJ6KVQ6qmpFv6rhyRJqkB",
        "name": "Jormungand 0.1.0",
        "latency": "110",
        "health": 99,
        "body": [
          {
            "x": 9,
            "y": 8
          },
          {
            "x": 9,
            "y": 9
          },
          {
            "x": 9,
            "y": 9
          }
        ],
        "head": {
          "x": 9,
          "y": 8
        },
        "length": 3,
        "shout": "I am moving up!"
      }
    ],
    "food": [
      {
        "x": 6,
        "y": 10
      },
      {
        "x": 8,
        "y": 10
      },
      {
        "x": 5,
        "y": 5
      }
    ],
    "you": {
      "id": "gs_CFCcJ6KVQ6qmpFv6rhyRJqkB",
      "name": "Jormungand 0.1.0",
      "latency": "110",
      "health": 99,
      "body": [
        {
          "x": 9,
          "y": 8
        },
        {
          "x": 9,
          "y": 9
        },
        {
          "x": 9,
          "y": 9
        }
      ],
      "head": {
        "x": 9,
        "y": 8
      },
      "length": 3,
      "shout": "I am moving up!"
    },
    "snakeId": "gs_CFCcJ6KVQ6qmpFv6rhyRJqkB",
    "name": "Jormungand 0.1.0",
    "latency": "110",
    "health": 99,
    "body": [
      {
        "x": 9,
        "y": 8
      },
      {
        "x": 9,
        "y": 9
      },
      {
        "x": 9,
        "y": 9
      }
    ],
    "head": {
      "x": 9,
      "y": 8
    },
    "length": 3,
    "shout": "I am moving up!"
  },
  {
    "gameId": "a21f6a69-6696-483d-ba8c-e1778609a53f",
    "ruleset": {
      "name": "standard",
      "version": "v1.0.17"
    },
    "timeout": 500,
    "turn": 2,
    "width": 11,
    "height": 11,
    "snakes": [
      {
        "id": "gs_HXDk3pcctRMHYjWkCPm8xtSM",
        "name": "Medusa",
        "latency": "50",
        "health": 100,
        "body": [
          {
            "x": 6,
            "y": 10
          },
          {
            "x": 6,
            "y": 9
          },
          {
            "x": 5,
            "y": 9
          },
          {
            "x": 5,
            "y": 9
          }
        ],
        "head": {
          "x": 6,
          "y": 10
        },
        "length": 4,
        "shout": "Look into my eyes!"
      },
      {
        "id": "gs_CFCcJ6KVQ6qmpFv6rhyRJqkB",
        "name": "Jormungand 0.1.0",
        "latency": "51",
        "health": 98,
        "body": [
          {
            "x": 8,
            "y": 8
          },
          {
            "x": 9,
            "y": 8
          },
          {
            "x": 9,
            "y": 9
          }
        ],
        "head": {
          "x": 8,
          "y": 8
        },
        "length": 3,
        "shout": "I am moving up!"
      }
    ],
    "food": [
      {
        "x": 8,
        "y": 10
      },
      {
        "x": 5,
        "y": 5
      },
      {
        "x": 0,
        "y": 5
      }
    ],
    "you": {
      "id": "gs_CFCcJ6KVQ6qmpFv6rhyRJqkB",
      "name": "Jormungand 0.1.0",
      "latency": "51",
      "health": 98,
      "body": [
        {
          "x": 8,
          "y": 8
        },
        {
          "x": 9,
          "y": 8
        },
        {
          "x": 9,
          "y": 9
        }
      ],
      "head": {
        "x": 8,
        "y": 8
      },
      "length": 3,
      "shout": "I am moving up!"
    },
    "snakeId": "gs_CFCcJ6KVQ6qmpFv6rhyRJqkB",
    "name": "Jormungand 0.1.0",
    "latency": "51",
    "health": 98,
    "body": [
      {
        "x": 8,
        "y": 8
      },
      {
        "x": 9,
        "y": 8
      },
      {
        "x": 9,
        "y": 9
      }
    ],
    "head": {
      "x": 8,
      "y": 8
    },
    "length": 3,
    "shout": "I am moving up!"
  },
  {
    "gameId": "a21f6a69-6696-483d-ba8c-e1778609a53f",
    "ruleset": {
      "name": "standard",
      "version": "v1.0.17"
    },
    "timeout": 500,
    "turn": 3,
    "width": 11,
    "height": 11,
    "snakes": [
      {
        "id": "gs_HXDk3pcctRMHYjWkCPm8xtSM",
        "name": "Medusa",
        "latency": "51",
        "health": 99,
        "body": [
          {
            "x": 7,
            "y": 10
          },
          {
            "x": 6,
            "y": 10
          },
          {
            "x": 6,
            "y": 9
          },
          {
            "x": 5,
            "y": 9
          }
        ],
        "head": {
          "x": 7,
          "y": 10
        },
        "length": 4,
        "shout": "Look into my eyes!"
      },
      {
        "id": "gs_CFCcJ6KVQ6qmpFv6rhyRJqkB",
        "name": "Jormungand 0.1.0",
        "latency": "51",
        "health": 97,
        "body": [
          {
            "x": 8,
            "y": 7
          },
          {
            "x": 8,
            "y": 8
          },
          {
            "x": 9,
            "y": 8
          }
        ],
        "head": {
          "x": 8,
          "y": 7
        },
        "length": 3,
        "shout": "I am moving up!"
      }
    ],
    "food": [
      {
        "x": 8,
        "y": 10
      },
      {
        "x": 5,
        "y": 5
      },
      {
        "x": 0,
        "y": 5
      }
    ],
    "you": {
      "id": "gs_CFCcJ6KVQ6qmpFv6rhyRJqkB",
      "name": "Jormungand 0.1.0",
      "latency": "51",
      "health": 97,
      "body": [
        {
          "x": 8,
          "y": 7
        },
        {
          "x": 8,
          "y": 8
        },
        {
          "x": 9,
          "y": 8
        }
      ],
      "head": {
        "x": 8,
        "y": 7
      },
      "length": 3,
      "shout": "I am moving up!"
    },
    "snakeId": "gs_CFCcJ6KVQ6qmpFv6rhyRJqkB",
    "name": "Jormungand 0.1.0",
    "latency": "51",
    "health": 97,
    "body": [
      {
        "x": 8,
        "y": 7
      },
      {
        "x": 8,
        "y": 8
      },
      {
        "x": 9,
        "y": 8
      }
    ],
    "head": {
      "x": 8,
      "y": 7
    },
    "length": 3,
    "shout": "I am moving up!"
  },
  {
    "gameId": "a21f6a69-6696-483d-ba8c-e1778609a53f",
    "ruleset": {
      "name": "standard",
      "version": "v1.0.17"
    },
    "timeout": 500,
    "turn": 4,
    "width": 11,
    "height": 11,
    "snakes": [
      {
        "id": "gs_HXDk3pcctRMHYjWkCPm8xtSM",
        "name": "Medusa",
        "latency": "51",
        "health": 98,
        "body": [
          {
            "x": 7,
            "y": 9
          },
          {
            "x": 7,
            "y": 10
          },
          {
            "x": 6,
            "y": 10
          },
          {
            "x": 6,
            "y": 9
          }
        ],
        "head": {
          "x": 7,
          "y": 9
        },
        "length": 4,
        "shout": "undefined, I am coming for you!"
      },
      {
        "id": "gs_CFCcJ6KVQ6qmpFv6rhyRJqkB",
        "name": "Jormungand 0.1.0",
        "latency": "50",
        "health": 96,
        "body": [
          {
            "x": 9,
            "y": 7
          },
          {
            "x": 8,
            "y": 7
          },
          {
            "x": 8,
            "y": 8
          }
        ],
        "head": {
          "x": 9,
          "y": 7
        },
        "length": 3,
        "shout": "I am moving up!"
      }
    ],
    "food": [
      {
        "x": 8,
        "y": 10
      },
      {
        "x": 5,
        "y": 5
      },
      {
        "x": 0,
        "y": 5
      }
    ],
    "you": {
      "id": "gs_CFCcJ6KVQ6qmpFv6rhyRJqkB",
      "name": "Jormungand 0.1.0",
      "latency": "50",
      "health": 96,
      "body": [
        {
          "x": 9,
          "y": 7
        },
        {
          "x": 8,
          "y": 7
        },
        {
          "x": 8,
          "y": 8
        }
      ],
      "head": {
        "x": 9,
        "y": 7
      },
      "length": 3,
      "shout": "I am moving up!"
    },
    "snakeId": "gs_CFCcJ6KVQ6qmpFv6rhyRJqkB",
    "name": "Jormungand 0.1.0",
    "latency": "50",
    "health": 96,
    "body": [
      {
        "x": 9,
        "y": 7
      },
      {
        "x": 8,
        "y": 7
      },
      {
        "x": 8,
        "y": 8
      }
    ],
    "head": {
      "x": 9,
      "y": 7
    },
    "length": 3,
    "shout": "I am moving up!"
  },
  {
    "gameId": "a21f6a69-6696-483d-ba8c-e1778609a53f",
    "ruleset": {
      "name": "standard",
      "version": "v1.0.17"
    },
    "timeout": 500,
    "turn": 5,
    "width": 11,
    "height": 11,
    "snakes": [
      {
        "id": "gs_HXDk3pcctRMHYjWkCPm8xtSM",
        "name": "Medusa",
        "latency": "51",
        "health": 97,
        "body": [
          {
            "x": 7,
            "y": 8
          },
          {
            "x": 7,
            "y": 9
          },
          {
            "x": 7,
            "y": 10
          },
          {
            "x": 6,
            "y": 10
          }
        ],
        "head": {
          "x": 7,
          "y": 8
        },
        "length": 4,
        "shout": "go down! Avoiding the wall!"
      },
      {
        "id": "gs_CFCcJ6KVQ6qmpFv6rhyRJqkB",
        "name": "Jormungand 0.1.0",
        "latency": "50",
        "health": 95,
        "body": [
          {
            "x": 9,
            "y": 8
          },
          {
            "x": 9,
            "y": 7
          },
          {
            "x": 8,
            "y": 7
          }
        ],
        "head": {
          "x": 9,
          "y": 8
        },
        "length": 3,
        "shout": "I am moving up!"
      }
    ],
    "food": [
      {
        "x": 8,
        "y": 10
      },
      {
        "x": 5,
        "y": 5
      },
      {
        "x": 0,
        "y": 5
      }
    ],
    "you": {
      "id": "gs_CFCcJ6KVQ6qmpFv6rhyRJqkB",
      "name": "Jormungand 0.1.0",
      "latency": "50",
      "health": 95,
      "body": [
        {
          "x": 9,
          "y": 8
        },
        {
          "x": 9,
          "y": 7
        },
        {
          "x": 8,
          "y": 7
        }
      ],
      "head": {
        "x": 9,
        "y": 8
      },
      "length": 3,
      "shout": "I am moving up!"
    },
    "snakeId": "gs_CFCcJ6KVQ6qmpFv6rhyRJqkB",
    "name": "Jormungand 0.1.0",
    "latency": "50",
    "health": 95,
    "body": [
      {
        "x": 9,
        "y": 8
      },
      {
        "x": 9,
        "y": 7
      },
      {
        "x": 8,
        "y": 7
      }
    ],
    "head": {
      "x": 9,
      "y": 8
    },
    "length": 3,
    "shout": "I am moving up!"
  },
  {
    "gameId": "a21f6a69-6696-483d-ba8c-e1778609a53f",
    "ruleset": {
      "name": "standard",
      "version": "v1.0.17"
    },
    "timeout": 500,
    "turn": 6,
    "width": 11,
    "height": 11,
    "snakes": [
      {
        "id": "gs_HXDk3pcctRMHYjWkCPm8xtSM",
        "name": "Medusa",
        "latency": "51",
        "health": 96,
        "body": [
          {
            "x": 7,
            "y": 7
          },
          {
            "x": 7,
            "y": 8
          },
          {
            "x": 7,
            "y": 9
          },
          {
            "x": 7,
            "y": 10
          }
        ],
        "head": {
          "x": 7,
          "y": 7
        },
        "length": 4,
        "shout": "die Jormungand 0.1.0!"
      },
      {
        "id": "gs_CFCcJ6KVQ6qmpFv6rhyRJqkB",
        "name": "Jormungand 0.1.0",
        "latency": "50",
        "health": 94,
        "body": [
          {
            "x": 10,
            "y": 8
          },
          {
            "x": 9,
            "y": 8
          },
          {
            "x": 9,
            "y": 7
          }
        ],
        "head": {
          "x": 10,
          "y": 8
        },
        "length": 3,
        "shout": "I am moving up!"
      }
    ],
    "food": [
      {
        "x": 8,
        "y": 10
      },
      {
        "x": 5,
        "y": 5
      },
      {
        "x": 0,
        "y": 5
      }
    ],
    "you": {
      "id": "gs_CFCcJ6KVQ6qmpFv6rhyRJqkB",
      "name": "Jormungand 0.1.0",
      "latency": "50",
      "health": 94,
      "body": [
        {
          "x": 10,
          "y": 8
        },
        {
          "x": 9,
          "y": 8
        },
        {
          "x": 9,
          "y": 7
        }
      ],
      "head": {
        "x": 10,
        "y": 8
      },
      "length": 3,
      "shout": "I am moving up!"
    },
    "snakeId": "gs_CFCcJ6KVQ6qmpFv6rhyRJqkB",
    "name": "Jormungand 0.1.0",
    "latency": "50",
    "health": 94,
    "body": [
      {
        "x": 10,
        "y": 8
      },
      {
        "x": 9,
        "y": 8
      },
      {
        "x": 9,
        "y": 7
      }
    ],
    "head": {
      "x": 10,
      "y": 8
    },
    "length": 3,
    "shout": "I am moving up!"
  },
  {
    "gameId": "a21f6a69-6696-483d-ba8c-e1778609a53f",
    "ruleset": {
      "name": "standard",
      "version": "v1.0.17"
    },
    "timeout": 500,
    "turn": 7,
    "width": 11,
    "height": 11,
    "snakes": [
      {
        "id": "gs_HXDk3pcctRMHYjWkCPm8xtSM",
        "name": "Medusa",
        "latency": "51",
        "health": 95,
        "body": [
          {
            "x": 8,
            "y": 7
          },
          {
            "x": 7,
            "y": 7
          },
          {
            "x": 7,
            "y": 8
          },
          {
            "x": 7,
            "y": 9
          }
        ],
        "head": {
          "x": 8,
          "y": 7
        },
        "length": 4,
        "shout": "Look into my eyes!"
      },
      {
        "id": "gs_CFCcJ6KVQ6qmpFv6rhyRJqkB",
        "name": "Jormungand 0.1.0",
        "latency": "52",
        "health": 93,
        "body": [
          {
            "x": 10,
            "y": 9
          },
          {
            "x": 10,
            "y": 8
          },
          {
            "x": 9,
            "y": 8
          }
        ],
        "head": {
          "x": 10,
          "y": 9
        },
        "length": 3,
        "shout": "I am moving up!"
      }
    ],
    "food": [
      {
        "x": 8,
        "y": 10
      },
      {
        "x": 5,
        "y": 5
      },
      {
        "x": 0,
        "y": 5
      }
    ],
    "you": {
      "id": "gs_CFCcJ6KVQ6qmpFv6rhyRJqkB",
      "name": "Jormungand 0.1.0",
      "latency": "52",
      "health": 93,
      "body": [
        {
          "x": 10,
          "y": 9
        },
        {
          "x": 10,
          "y": 8
        },
        {
          "x": 9,
          "y": 8
        }
      ],
      "head": {
        "x": 10,
        "y": 9
      },
      "length": 3,
      "shout": "I am moving up!"
    },
    "snakeId": "gs_CFCcJ6KVQ6qmpFv6rhyRJqkB",
    "name": "Jormungand 0.1.0",
    "latency": "52",
    "health": 93,
    "body": [
      {
        "x": 10,
        "y": 9
      },
      {
        "x": 10,
        "y": 8
      },
      {
        "x": 9,
        "y": 8
      }
    ],
    "head": {
      "x": 10,
      "y": 9
    },
    "length": 3,
    "shout": "I am moving up!"
  },
  {
    "gameId": "a21f6a69-6696-483d-ba8c-e1778609a53f",
    "ruleset": {
      "name": "standard",
      "version": "v1.0.17"
    },
    "timeout": 500,
    "turn": 8,
    "width": 11,
    "height": 11,
    "snakes": [
      {
        "id": "gs_HXDk3pcctRMHYjWkCPm8xtSM",
        "name": "Medusa",
        "latency": "51",
        "health": 94,
        "body": [
          {
            "x": 8,
            "y": 6
          },
          {
            "x": 8,
            "y": 7
          },
          {
            "x": 7,
            "y": 7
          },
          {
            "x": 7,
            "y": 8
          }
        ],
        "head": {
          "x": 8,
          "y": 6
        },
        "length": 4,
        "shout": "Look into my eyes!"
      },
      {
        "id": "gs_CFCcJ6KVQ6qmpFv6rhyRJqkB",
        "name": "Jormungand 0.1.0",
        "latency": "50",
        "health": 92,
        "body": [
          {
            "x": 10,
            "y": 10
          },
          {
            "x": 10,
            "y": 9
          },
          {
            "x": 10,
            "y": 8
          }
        ],
        "head": {
          "x": 10,
          "y": 10
        },
        "length": 3,
        "shout": "I am moving up!"
      }
    ],
    "food": [
      {
        "x": 8,
        "y": 10
      },
      {
        "x": 5,
        "y": 5
      },
      {
        "x": 0,
        "y": 5
      }
    ],
    "you": {
      "id": "gs_CFCcJ6KVQ6qmpFv6rhyRJqkB",
      "name": "Jormungand 0.1.0",
      "latency": "50",
      "health": 92,
      "body": [
        {
          "x": 10,
          "y": 10
        },
        {
          "x": 10,
          "y": 9
        },
        {
          "x": 10,
          "y": 8
        }
      ],
      "head": {
        "x": 10,
        "y": 10
      },
      "length": 3,
      "shout": "I am moving up!"
    },
    "snakeId": "gs_CFCcJ6KVQ6qmpFv6rhyRJqkB",
    "name": "Jormungand 0.1.0",
    "latency": "50",
    "health": 92,
    "body": [
      {
        "x": 10,
        "y": 10
      },
      {
        "x": 10,
        "y": 9
      },
      {
        "x": 10,
        "y": 8
      }
    ],
    "head": {
      "x": 10,
      "y": 10
    },
    "length": 3,
    "shout": "I am moving up!"
  },
  {
    "gameId": "a21f6a69-6696-483d-ba8c-e1778609a53f",
    "ruleset": {
      "name": "standard",
      "version": "v1.0.17"
    },
    "timeout": 500,
    "turn": 9,
    "width": 11,
    "height": 11,
    "snakes": [
      {
        "id": "gs_HXDk3pcctRMHYjWkCPm8xtSM",
        "name": "Medusa",
        "latency": "51",
        "health": 93,
        "body": [
          {
            "x": 7,
            "y": 6
          },
          {
            "x": 8,
            "y": 6
          },
          {
            "x": 8,
            "y": 7
          },
          {
            "x": 7,
            "y": 7
          }
        ],
        "head": {
          "x": 7,
          "y": 6
        },
        "length": 4,
        "shout": "Look into my eyes!"
      },
      {
        "id": "gs_CFCcJ6KVQ6qmpFv6rhyRJqkB",
        "name": "Jormungand 0.1.0",
        "latency": "50",
        "health": 91,
        "body": [
          {
            "x": 9,
            "y": 10
          },
          {
            "x": 10,
            "y": 10
          },
          {
            "x": 10,
            "y": 9
          }
        ],
        "head": {
          "x": 9,
          "y": 10
        },
        "length": 3,
        "shout": "I am moving up!"
      }
    ],
    "food": [
      {
        "x": 8,
        "y": 10
      },
      {
        "x": 5,
        "y": 5
      },
      {
        "x": 0,
        "y": 5
      }
    ],
    "you": {
      "id": "gs_CFCcJ6KVQ6qmpFv6rhyRJqkB",
      "name": "Jormungand 0.1.0",
      "latency": "50",
      "health": 91,
      "body": [
        {
          "x": 9,
          "y": 10
        },
        {
          "x": 10,
          "y": 10
        },
        {
          "x": 10,
          "y": 9
        }
      ],
      "head": {
        "x": 9,
        "y": 10
      },
      "length": 3,
      "shout": "I am moving up!"
    },
    "snakeId": "gs_CFCcJ6KVQ6qmpFv6rhyRJqkB",
    "name": "Jormungand 0.1.0",
    "latency": "50",
    "health": 91,
    "body": [
      {
        "x": 9,
        "y": 10
      },
      {
        "x": 10,
        "y": 10
      },
      {
        "x": 10,
        "y": 9
      }
    ],
    "head": {
      "x": 9,
      "y": 10
    },
    "length": 3,
    "shout": "I am moving up!"
  },
  {
    "gameId": "a21f6a69-6696-483d-ba8c-e1778609a53f",
    "ruleset": {
      "name": "standard",
      "version": "v1.0.17"
    },
    "timeout": 500,
    "turn": 10,
    "width": 11,
    "height": 11,
    "snakes": [
      {
        "id": "gs_HXDk3pcctRMHYjWkCPm8xtSM",
        "name": "Medusa",
        "latency": "51",
        "health": 92,
        "body": [
          {
            "x": 6,
            "y": 6
          },
          {
            "x": 7,
            "y": 6
          },
          {
            "x": 8,
            "y": 6
          },
          {
            "x": 8,
            "y": 7
          }
        ],
        "head": {
          "x": 6,
          "y": 6
        },
        "length": 4,
        "shout": "cannot go up! I am in the way!"
      },
      {
        "id": "gs_CFCcJ6KVQ6qmpFv6rhyRJqkB",
        "name": "Jormungand 0.1.0",
        "latency": "50",
        "health": 90,
        "body": [
          {
            "x": 9,
            "y": 9
          },
          {
            "x": 9,
            "y": 10
          },
          {
            "x": 10,
            "y": 10
          }
        ],
        "head": {
          "x": 9,
          "y": 9
        },
        "length": 3,
        "shout": "I am moving up!"
      }
    ],
    "food": [
      {
        "x": 8,
        "y": 10
      },
      {
        "x": 5,
        "y": 5
      },
      {
        "x": 0,
        "y": 5
      },
      {
        "x": 3,
        "y": 9
      }
    ],
    "you": {
      "id": "gs_CFCcJ6KVQ6qmpFv6rhyRJqkB",
      "name": "Jormungand 0.1.0",
      "latency": "50",
      "health": 90,
      "body": [
        {
          "x": 9,
          "y": 9
        },
        {
          "x": 9,
          "y": 10
        },
        {
          "x": 10,
          "y": 10
        }
      ],
      "head": {
        "x": 9,
        "y": 9
      },
      "length": 3,
      "shout": "I am moving up!"
    },
    "snakeId": "gs_CFCcJ6KVQ6qmpFv6rhyRJqkB",
    "name": "Jormungand 0.1.0",
    "latency": "50",
    "health": 90,
    "body": [
      {
        "x": 9,
        "y": 9
      },
      {
        "x": 9,
        "y": 10
      },
      {
        "x": 10,
        "y": 10
      }
    ],
    "head": {
      "x": 9,
      "y": 9
    },
    "length": 3,
    "shout": "I am moving up!"
  },
  {
    "gameId": "a21f6a69-6696-483d-ba8c-e1778609a53f",
    "ruleset": {
      "name": "standard",
      "version": "v1.0.17"
    },
    "timeout": 500,
    "turn": 11,
    "width": 11,
    "height": 11,
    "snakes": [
      {
        "id": "gs_HXDk3pcctRMHYjWkCPm8xtSM",
        "name": "Medusa",
        "latency": "50",
        "health": 91,
        "body": [
          {
            "x": 6,
            "y": 7
          },
          {
            "x": 6,
            "y": 6
          },
          {
            "x": 7,
            "y": 6
          },
          {
            "x": 8,
            "y": 6
          }
        ],
        "head": {
          "x": 6,
          "y": 7
        },
        "length": 4,
        "shout": "Look into my eyes!"
      },
      {
        "id": "gs_CFCcJ6KVQ6qmpFv6rhyRJqkB",
        "name": "Jormungand 0.1.0",
        "latency": "51",
        "health": 89,
        "body": [
          {
            "x": 8,
            "y": 9
          },
          {
            "x": 9,
            "y": 9
          },
          {
            "x": 9,
            "y": 10
          }
        ],
        "head": {
          "x": 8,
          "y": 9
        },
        "length": 3,
        "shout": "I am moving up!"
      }
    ],
    "food": [
      {
        "x": 8,
        "y": 10
      },
      {
        "x": 5,
        "y": 5
      },
      {
        "x": 0,
        "y": 5
      },
      {
        "x": 3,
        "y": 9
      },
      {
        "x": 8,
        "y": 7
      }
    ],
    "you": {
      "id": "gs_CFCcJ6KVQ6qmpFv6rhyRJqkB",
      "name": "Jormungand 0.1.0",
      "latency": "51",
      "health": 89,
      "body": [
        {
          "x": 8,
          "y": 9
        },
        {
          "x": 9,
          "y": 9
        },
        {
          "x": 9,
          "y": 10
        }
      ],
      "head": {
        "x": 8,
        "y": 9
      },
      "length": 3,
      "shout": "I am moving up!"
    },
    "snakeId": "gs_CFCcJ6KVQ6qmpFv6rhyRJqkB",
    "name": "Jormungand 0.1.0",
    "latency": "51",
    "health": 89,
    "body": [
      {
        "x": 8,
        "y": 9
      },
      {
        "x": 9,
        "y": 9
      },
      {
        "x": 9,
        "y": 10
      }
    ],
    "head": {
      "x": 8,
      "y": 9
    },
    "length": 3,
    "shout": "I am moving up!"
  },
  {
    "gameId": "a21f6a69-6696-483d-ba8c-e1778609a53f",
    "ruleset": {
      "name": "standard",
      "version": "v1.0.17"
    },
    "timeout": 500,
    "turn": 12,
    "width": 11,
    "height": 11,
    "snakes": [
      {
        "id": "gs_HXDk3pcctRMHYjWkCPm8xtSM",
        "name": "Medusa",
        "latency": "50",
        "health": 90,
        "body": [
          {
            "x": 7,
            "y": 7
          },
          {
            "x": 6,
            "y": 7
          },
          {
            "x": 6,
            "y": 6
          },
          {
            "x": 7,
            "y": 6
          }
        ],
        "head": {
          "x": 7,
          "y": 7
        },
        "length": 4,
        "shout": "cannot go down! I am in the way!"
      },
      {
        "id": "gs_CFCcJ6KVQ6qmpFv6rhyRJqkB",
        "name": "Jormungand 0.1.0",
        "latency": "51",
        "health": 88,
        "body": [
          {
            "x": 8,
            "y": 8
          },
          {
            "x": 8,
            "y": 9
          },
          {
            "x": 9,
            "y": 9
          }
        ],
        "head": {
          "x": 8,
          "y": 8
        },
        "length": 3,
        "shout": "I am moving up!"
      }
    ],
    "food": [
      {
        "x": 8,
        "y": 10
      },
      {
        "x": 5,
        "y": 5
      },
      {
        "x": 0,
        "y": 5
      },
      {
        "x": 3,
        "y": 9
      },
      {
        "x": 8,
        "y": 7
      }
    ],
    "you": {
      "id": "gs_CFCcJ6KVQ6qmpFv6rhyRJqkB",
      "name": "Jormungand 0.1.0",
      "latency": "51",
      "health": 88,
      "body": [
        {
          "x": 8,
          "y": 8
        },
        {
          "x": 8,
          "y": 9
        },
        {
          "x": 9,
          "y": 9
        }
      ],
      "head": {
        "x": 8,
        "y": 8
      },
      "length": 3,
      "shout": "I am moving up!"
    },
    "snakeId": "gs_CFCcJ6KVQ6qmpFv6rhyRJqkB",
    "name": "Jormungand 0.1.0",
    "latency": "51",
    "health": 88,
    "body": [
      {
        "x": 8,
        "y": 8
      },
      {
        "x": 8,
        "y": 9
      },
      {
        "x": 9,
        "y": 9
      }
    ],
    "head": {
      "x": 8,
      "y": 8
    },
    "length": 3,
    "shout": "I am moving up!"
  },
  {
    "gameId": "a21f6a69-6696-483d-ba8c-e1778609a53f",
    "ruleset": {
      "name": "standard",
      "version": "v1.0.17"
    },
    "timeout": 500,
    "turn": 13,
    "width": 11,
    "height": 11,
    "snakes": [
      {
        "id": "gs_HXDk3pcctRMHYjWkCPm8xtSM",
        "name": "Medusa",
        "latency": "50",
        "health": 100,
        "body": [
          {
            "x": 8,
            "y": 7
          },
          {
            "x": 7,
            "y": 7
          },
          {
            "x": 6,
            "y": 7
          },
          {
            "x": 6,
            "y": 6
          },
          {
            "x": 6,
            "y": 6
          }
        ],
        "head": {
          "x": 8,
          "y": 7
        },
        "length": 5,
        "shout": "die Jormungand 0.1.0!"
      },
      {
        "id": "gs_CFCcJ6KVQ6qmpFv6rhyRJqkB",
        "name": "Jormungand 0.1.0",
        "latency": "50",
        "health": 87,
        "body": [
          {
            "x": 9,
            "y": 8
          },
          {
            "x": 8,
            "y": 8
          },
          {
            "x": 8,
            "y": 9
          }
        ],
        "head": {
          "x": 9,
          "y": 8
        },
        "length": 3,
        "shout": "I am moving up!"
      }
    ],
    "food": [
      {
        "x": 8,
        "y": 10
      },
      {
        "x": 5,
        "y": 5
      },
      {
        "x": 0,
        "y": 5
      },
      {
        "x": 3,
        "y": 9
      }
    ],
    "you": {
      "id": "gs_CFCcJ6KVQ6qmpFv6rhyRJqkB",
      "name": "Jormungand 0.1.0",
      "latency": "50",
      "health": 87,
      "body": [
        {
          "x": 9,
          "y": 8
        },
        {
          "x": 8,
          "y": 8
        },
        {
          "x": 8,
          "y": 9
        }
      ],
      "head": {
        "x": 9,
        "y": 8
      },
      "length": 3,
      "shout": "I am moving up!"
    },
    "snakeId": "gs_CFCcJ6KVQ6qmpFv6rhyRJqkB",
    "name": "Jormungand 0.1.0",
    "latency": "50",
    "health": 87,
    "body": [
      {
        "x": 9,
        "y": 8
      },
      {
        "x": 8,
        "y": 8
      },
      {
        "x": 8,
        "y": 9
      }
    ],
    "head": {
      "x": 9,
      "y": 8
    },
    "length": 3,
    "shout": "I am moving up!"
  },
  {
    "gameId": "a21f6a69-6696-483d-ba8c-e1778609a53f",
    "ruleset": {
      "name": "standard",
      "version": "v1.0.17"
    },
    "timeout": 500,
    "turn": 14,
    "width": 11,
    "height": 11,
    "snakes": [
      {
        "id": "gs_HXDk3pcctRMHYjWkCPm8xtSM",
        "name": "Medusa",
        "latency": "51",
        "health": 99,
        "body": [
          {
            "x": 8,
            "y": 6
          },
          {
            "x": 8,
            "y": 7
          },
          {
            "x": 7,
            "y": 7
          },
          {
            "x": 6,
            "y": 7
          },
          {
            "x": 6,
            "y": 6
          }
        ],
        "head": {
          "x": 8,
          "y": 6
        },
        "length": 5,
        "shout": "Look into my eyes!"
      },
      {
        "id": "gs_CFCcJ6KVQ6qmpFv6rhyRJqkB",
        "name": "Jormungand 0.1.0",
        "latency": "50",
        "health": 86,
        "body": [
          {
            "x": 10,
            "y": 8
          },
          {
            "x": 9,
            "y": 8
          },
          {
            "x": 8,
            "y": 8
          }
        ],
        "head": {
          "x": 10,
          "y": 8
        },
        "length": 3,
        "shout": "I am moving up!"
      }
    ],
    "food": [
      {
        "x": 8,
        "y": 10
      },
      {
        "x": 5,
        "y": 5
      },
      {
        "x": 0,
        "y": 5
      },
      {
        "x": 3,
        "y": 9
      }
    ],
    "you": {
      "id": "gs_CFCcJ6KVQ6qmpFv6rhyRJqkB",
      "name": "Jormungand 0.1.0",
      "latency": "50",
      "health": 86,
      "body": [
        {
          "x": 10,
          "y": 8
        },
        {
          "x": 9,
          "y": 8
        },
        {
          "x": 8,
          "y": 8
        }
      ],
      "head": {
        "x": 10,
        "y": 8
      },
      "length": 3,
      "shout": "I am moving up!"
    },
    "snakeId": "gs_CFCcJ6KVQ6qmpFv6rhyRJqkB",
    "name": "Jormungand 0.1.0",
    "latency": "50",
    "health": 86,
    "body": [
      {
        "x": 10,
        "y": 8
      },
      {
        "x": 9,
        "y": 8
      },
      {
        "x": 8,
        "y": 8
      }
    ],
    "head": {
      "x": 10,
      "y": 8
    },
    "length": 3,
    "shout": "I am moving up!"
  },
  {
    "gameId": "a21f6a69-6696-483d-ba8c-e1778609a53f",
    "ruleset": {
      "name": "standard",
      "version": "v1.0.17"
    },
    "timeout": 500,
    "turn": 15,
    "width": 11,
    "height": 11,
    "snakes": [
      {
        "id": "gs_HXDk3pcctRMHYjWkCPm8xtSM",
        "name": "Medusa",
        "latency": "51",
        "health": 98,
        "body": [
          {
            "x": 9,
            "y": 6
          },
          {
            "x": 8,
            "y": 6
          },
          {
            "x": 8,
            "y": 7
          },
          {
            "x": 7,
            "y": 7
          },
          {
            "x": 6,
            "y": 7
          }
        ],
        "head": {
          "x": 9,
          "y": 6
        },
        "length": 5,
        "shout": "searching for food!"
      },
      {
        "id": "gs_CFCcJ6KVQ6qmpFv6rhyRJqkB",
        "name": "Jormungand 0.1.0",
        "latency": "51",
        "health": 85,
        "body": [
          {
            "x": 10,
            "y": 7
          },
          {
            "x": 10,
            "y": 8
          },
          {
            "x": 9,
            "y": 8
          }
        ],
        "head": {
          "x": 10,
          "y": 7
        },
        "length": 3,
        "shout": "I am moving up!"
      }
    ],
    "food": [
      {
        "x": 8,
        "y": 10
      },
      {
        "x": 5,
        "y": 5
      },
      {
        "x": 0,
        "y": 5
      },
      {
        "x": 3,
        "y": 9
      }
    ],
    "you": {
      "id": "gs_CFCcJ6KVQ6qmpFv6rhyRJqkB",
      "name": "Jormungand 0.1.0",
      "latency": "51",
      "health": 85,
      "body": [
        {
          "x": 10,
          "y": 7
        },
        {
          "x": 10,
          "y": 8
        },
        {
          "x": 9,
          "y": 8
        }
      ],
      "head": {
        "x": 10,
        "y": 7
      },
      "length": 3,
      "shout": "I am moving up!"
    },
    "snakeId": "gs_CFCcJ6KVQ6qmpFv6rhyRJqkB",
    "name": "Jormungand 0.1.0",
    "latency": "51",
    "health": 85,
    "body": [
      {
        "x": 10,
        "y": 7
      },
      {
        "x": 10,
        "y": 8
      },
      {
        "x": 9,
        "y": 8
      }
    ],
    "head": {
      "x": 10,
      "y": 7
    },
    "length": 3,
    "shout": "I am moving up!"
  }
]